,MW(kDa),PI_mean,PI_range,Protein,Temperature,Sugar(M),Concentration,MW(kDa)_log,PI_mean_log,PI_range_log,Protein_log,Temperature_log,Sugar(M)_log,Concentration_log,MW(kDa)_squared,MW(kDa)_cubed,PI_mean_squared,PI_mean_cubed,PI_range_squared,PI_range_cubed,Protein_squared,Protein_cubed,Temperature_squared,Temperature_cubed,Sugar(M)_squared,Sugar(M)_cubed,Concentration_squared,Concentration_cubed,Protein_Conc_Interaction,Temp_Sugar_Interaction,MW_PImean_Interaction,MW(kDa)_inv,PI_mean_inv,PI_range_inv,Protein_inv,Temperature_inv,Sugar(M)_inv,Concentration_inv,MW(kDa)_norm,PI_mean_norm,PI_range_norm,Protein_norm,Temperature_norm,Sugar(M)_norm,Concentration_norm,Protein type_BGG,Protein type_BSA,Protein type_none,Protein type_poly-hIgG,Buffer_Histidine,Buffer_PBS,Sugar_Sucrose,Sugar_Trehalose,Sugar_none,Surfactant_none,Surfactant_tween-20,Surfactant_tween-80,Protein type_BGG_freq,Protein type_BSA_freq,Protein type_none_freq,Protein type_poly-hIgG_freq,Buffer_Histidine_freq,Buffer_PBS_freq,Sugar_Sucrose_freq,Sugar_Trehalose_freq,Sugar_none_freq,Surfactant_none_freq,Surfactant_tween-20_freq,Surfactant_tween-80_freq
0,150.0,7.6,1.0,145.0,25,1.0,0.0,5.017279836814924,2.151762203259462,0.6931471805599453,4.983606621708336,3.258096538021482,0.6931471805599453,0.0,22500.0,3375000.0,57.76,438.97599999999994,1.0,1.0,21025.0,3048625.0,625,15625,1.0,1.0,0.0,0.0,0.0,25.0,1140.0,0.006666666666666667,0.13157894736842105,1.0,0.006896551724137931,0.04,1.0,0.0,1.0,1.0,1.0,0.5576923076923077,,0.9900990099009901,0.0,0,0,0,1,0,1,1,0,0,1,0,0,0.8596491228070176,0.9298245614035088,0.5526315789473685,0.34210526315789475,0.6140350877192983,0.6140350877192983,0.4649122807017544,0.8333333333333334,0.631578947368421,0.45614035087719296,0.6666666666666666,0.7894736842105263
1,0.0,0.0,0.0,0.0,25,1.0,0.0,0.0,0.0,0.0,0.0,3.258096538021482,0.6931471805599453,0.0,0.0,0.0,0.0,0.0,0.0,0.0,0.0,0.0,625,15625,1.0,1.0,0.0,0.0,0.0,25.0,0.0,0.0,0.0,0.0,0.0,0.04,1.0,0.0,0.0,0.0,0.0,0.0,,0.9900990099009901,0.0,0,0,1,0,0,1,1,0,0,1,0,0,0.8596491228070176,0.9298245614035088,0.4473684210526316,0.6578947368421053,0.6140350877192983,0.6140350877192983,0.4649122807017544,0.8333333333333334,0.631578947368421,0.45614035087719296,0.6666666666666666,0.7894736842105263
2,150.0,7.6,1.0,140.0,25,0.0,0.0,5.017279836814924,2.151762203259462,0.6931471805599453,4.948759890378168,3.258096538021482,0.0,0.0,22500.0,3375000.0,57.76,438.97599999999994,1.0,1.0,19600.0,2744000.0,625,15625,0.0,0.0,0.0,0.0,0.0,0.0,1140.0,0.006666666666666667,0.13157894736842105,1.0,0.007142857142857143,0.04,0.0,0.0,1.0,1.0,1.0,0.5384615384615384,,0.0,0.0,0,0,0,1,0,1,0,0,1,1,0,0,0.8596491228070176,0.9298245614035088,0.5526315789473685,0.34210526315789475,0.6140350877192983,0.6140350877192983,0.5350877192982456,0.8333333333333334,0.3684210526315789,0.45614035087719296,0.6666666666666666,0.7894736842105263
3,0.0,0.0,0.0,0.0,25,0.0,0.0,0.0,0.0,0.0,0.0,3.258096538021482,0.0,0.0,0.0,0.0,0.0,0.0,0.0,0.0,0.0,0.0,625,15625,0.0,0.0,0.0,0.0,0.0,0.0,0.0,0.0,0.0,0.0,0.0,0.04,0.0,0.0,0.0,0.0,0.0,0.0,,0.0,0.0,0,0,1,0,0,1,0,0,1,1,0,0,0.8596491228070176,0.9298245614035088,0.4473684210526316,0.6578947368421053,0.6140350877192983,0.6140350877192983,0.5350877192982456,0.8333333333333334,0.3684210526315789,0.45614035087719296,0.6666666666666666,0.7894736842105263
4,150.0,7.6,1.0,142.0,25,0.5,0.0,5.017279836814924,2.151762203259462,0.6931471805599453,4.962844630259907,3.258096538021482,0.4054651081081644,0.0,22500.0,3375000.0,57.76,438.97599999999994,1.0,1.0,20164.0,2863288.0,625,15625,0.25,0.125,0.0,0.0,0.0,12.5,1140.0,0.006666666666666667,0.13157894736842105,1.0,0.007042253521126761,0.04,2.0,0.0,1.0,1.0,1.0,0.5461538461538461,,0.49504950495049505,0.0,0,0,0,1,0,1,1,0,0,1,0,0,0.8596491228070176,0.9298245614035088,0.5526315789473685,0.34210526315789475,0.6140350877192983,0.6140350877192983,0.4649122807017544,0.8333333333333334,0.631578947368421,0.45614035087719296,0.6666666666666666,0.7894736842105263
5,150.0,7.6,1.0,70.0,25,1.0,0.0,5.017279836814924,2.151762203259462,0.6931471805599453,4.2626798770413155,3.258096538021482,0.6931471805599453,0.0,22500.0,3375000.0,57.76,438.97599999999994,1.0,1.0,4900.0,343000.0,625,15625,1.0,1.0,0.0,0.0,0.0,25.0,1140.0,0.006666666666666667,0.13157894736842105,1.0,0.014285714285714285,0.04,1.0,0.0,1.0,1.0,1.0,0.2692307692307692,,0.9900990099009901,0.0,0,0,0,1,0,1,1,0,0,1,0,0,0.8596491228070176,0.9298245614035088,0.5526315789473685,0.34210526315789475,0.6140350877192983,0.6140350877192983,0.4649122807017544,0.8333333333333334,0.631578947368421,0.45614035087719296,0.6666666666666666,0.7894736842105263
6,150.0,7.6,1.0,93.0,25,0.0,0.0,5.017279836814924,2.151762203259462,0.6931471805599453,4.543294782270004,3.258096538021482,0.0,0.0,22500.0,3375000.0,57.76,438.97599999999994,1.0,1.0,8649.0,804357.0,625,15625,0.0,0.0,0.0,0.0,0.0,0.0,1140.0,0.006666666666666667,0.13157894736842105,1.0,0.010752688172043012,0.04,0.0,0.0,1.0,1.0,1.0,0.3576923076923077,,0.0,0.0,0,0,0,1,0,1,0,0,1,1,0,0,0.8596491228070176,0.9298245614035088,0.5526315789473685,0.34210526315789475,0.6140350877192983,0.6140350877192983,0.5350877192982456,0.8333333333333334,0.3684210526315789,0.45614035087719296,0.6666666666666666,0.7894736842105263
7,150.0,7.6,1.0,47.0,25,0.0,0.0,5.017279836814924,2.151762203259462,0.6931471805599453,3.871201010907891,3.258096538021482,0.0,0.0,22500.0,3375000.0,57.76,438.97599999999994,1.0,1.0,2209.0,103823.0,625,15625,0.0,0.0,0.0,0.0,0.0,0.0,1140.0,0.006666666666666667,0.13157894736842105,1.0,0.02127659574468085,0.04,0.0,0.0,1.0,1.0,1.0,0.18076923076923077,,0.0,0.0,0,0,0,1,0,1,0,0,1,1,0,0,0.8596491228070176,0.9298245614035088,0.5526315789473685,0.34210526315789475,0.6140350877192983,0.6140350877192983,0.5350877192982456,0.8333333333333334,0.3684210526315789,0.45614035087719296,0.6666666666666666,0.7894736842105263
8,150.0,7.6,1.0,140.0,25,0.25,0.0,5.017279836814924,2.151762203259462,0.6931471805599453,4.948759890378168,3.258096538021482,0.22314355131420976,0.0,22500.0,3375000.0,57.76,438.97599999999994,1.0,1.0,19600.0,2744000.0,625,15625,0.0625,0.015625,0.0,0.0,0.0,6.25,1140.0,0.006666666666666667,0.13157894736842105,1.0,0.007142857142857143,0.04,4.0,0.0,1.0,1.0,1.0,0.5384615384615384,,0.24752475247524752,0.0,0,0,0,1,0,1,1,0,0,1,0,0,0.8596491228070176,0.9298245614035088,0.5526315789473685,0.34210526315789475,0.6140350877192983,0.6140350877192983,0.4649122807017544,0.8333333333333334,0.631578947368421,0.45614035087719296,0.6666666666666666,0.7894736842105263
9,150.0,7.6,1.0,52.0,25,0.75,0.0,5.017279836814924,2.151762203259462,0.6931471805599453,3.970291913552122,3.258096538021482,0.5596157879354227,0.0,22500.0,3375000.0,57.76,438.97599999999994,1.0,1.0,2704.0,140608.0,625,15625,0.5625,0.421875,0.0,0.0,0.0,18.75,1140.0,0.006666666666666667,0.13157894736842105,1.0,0.019230769230769232,0.04,1.3333333333333333,0.0,1.0,1.0,1.0,0.2,,0.7425742574257426,0.0,0,0,0,1,0,1,1,0,0,1,0,0,0.8596491228070176,0.9298245614035088,0.5526315789473685,0.34210526315789475,0.6140350877192983,0.6140350877192983,0.4649122807017544,0.8333333333333334,0.631578947368421,0.45614035087719296,0.6666666666666666,0.7894736842105263
10,150.0,7.6,1.0,145.0,25,1.0,0.0,5.017279836814924,2.151762203259462,0.6931471805599453,4.983606621708336,3.258096538021482,0.6931471805599453,0.0,22500.0,3375000.0,57.76,438.97599999999994,1.0,1.0,21025.0,3048625.0,625,15625,1.0,1.0,0.0,0.0,0.0,25.0,1140.0,0.006666666666666667,0.13157894736842105,1.0,0.006896551724137931,0.04,1.0,0.0,1.0,1.0,1.0,0.5576923076923077,,0.9900990099009901,0.0,0,0,0,1,0,1,1,0,0,1,0,0,0.8596491228070176,0.9298245614035088,0.5526315789473685,0.34210526315789475,0.6140350877192983,0.6140350877192983,0.4649122807017544,0.8333333333333334,0.631578947368421,0.45614035087719296,0.6666666666666666,0.7894736842105263
11,150.0,7.6,1.0,137.0,25,0.0,0.1,5.017279836814924,2.151762203259462,0.6931471805599453,4.927253685157205,3.258096538021482,0.0,0.09531017980432487,22500.0,3375000.0,57.76,438.97599999999994,1.0,1.0,18769.0,2571353.0,625,15625,0.0,0.0,0.010000000000000002,0.0010000000000000002,13.700000000000001,0.0,1140.0,0.006666666666666667,0.13157894736842105,1.0,0.0072992700729927005,0.04,0.0,10.0,1.0,1.0,1.0,0.5269230769230769,,0.0,0.4,0,0,0,1,0,1,0,0,1,0,1,0,0.8596491228070176,0.9298245614035088,0.5526315789473685,0.34210526315789475,0.6140350877192983,0.6140350877192983,0.5350877192982456,0.8333333333333334,0.3684210526315789,0.543859649122807,0.3333333333333333,0.7894736842105263
12,150.0,7.6,1.0,142.0,25,1.0,0.1,5.017279836814924,2.151762203259462,0.6931471805599453,4.962844630259907,3.258096538021482,0.6931471805599453,0.09531017980432487,22500.0,3375000.0,57.76,438.97599999999994,1.0,1.0,20164.0,2863288.0,625,15625,1.0,1.0,0.010000000000000002,0.0010000000000000002,14.200000000000001,25.0,1140.0,0.006666666666666667,0.13157894736842105,1.0,0.007042253521126761,0.04,1.0,10.0,1.0,1.0,1.0,0.5461538461538461,,0.9900990099009901,0.4,0,0,0,1,0,1,1,0,0,0,1,0,0.8596491228070176,0.9298245614035088,0.5526315789473685,0.34210526315789475,0.6140350877192983,0.6140350877192983,0.4649122807017544,0.8333333333333334,0.631578947368421,0.543859649122807,0.3333333333333333,0.7894736842105263
13,0.0,0.0,0.0,0.0,25,0.1,0.0,0.0,0.0,0.0,0.0,3.258096538021482,0.09531017980432487,0.0,0.0,0.0,0.0,0.0,0.0,0.0,0.0,0.0,625,15625,0.010000000000000002,0.0010000000000000002,0.0,0.0,0.0,2.5,0.0,0.0,0.0,0.0,0.0,0.04,10.0,0.0,0.0,0.0,0.0,0.0,,0.09900990099009901,0.0,0,0,1,0,0,1,1,0,0,1,0,0,0.8596491228070176,0.9298245614035088,0.4473684210526316,0.6578947368421053,0.6140350877192983,0.6140350877192983,0.4649122807017544,0.8333333333333334,0.631578947368421,0.45614035087719296,0.6666666666666666,0.7894736842105263
14,0.0,0.0,0.0,0.0,25,0.2,0.0,0.0,0.0,0.0,0.0,3.258096538021482,0.18232155679395465,0.0,0.0,0.0,0.0,0.0,0.0,0.0,0.0,0.0,625,15625,0.04000000000000001,0.008000000000000002,0.0,0.0,0.0,5.0,0.0,0.0,0.0,0.0,0.0,0.04,5.0,0.0,0.0,0.0,0.0,0.0,,0.19801980198019803,0.0,0,0,1,0,0,1,1,0,0,1,0,0,0.8596491228070176,0.9298245614035088,0.4473684210526316,0.6578947368421053,0.6140350877192983,0.6140350877192983,0.4649122807017544,0.8333333333333334,0.631578947368421,0.45614035087719296,0.6666666666666666,0.7894736842105263
15,0.0,0.0,0.0,0.0,25,0.4,0.0,0.0,0.0,0.0,0.0,3.258096538021482,0.33647223662121295,0.0,0.0,0.0,0.0,0.0,0.0,0.0,0.0,0.0,625,15625,0.16000000000000003,0.06400000000000002,0.0,0.0,0.0,10.0,0.0,0.0,0.0,0.0,0.0,0.04,2.5,0.0,0.0,0.0,0.0,0.0,,0.39603960396039606,0.0,0,0,1,0,0,1,1,0,0,1,0,0,0.8596491228070176,0.9298245614035088,0.4473684210526316,0.6578947368421053,0.6140350877192983,0.6140350877192983,0.4649122807017544,0.8333333333333334,0.631578947368421,0.45614035087719296,0.6666666666666666,0.7894736842105263
16,0.0,0.0,0.0,0.0,25,0.5,0.0,0.0,0.0,0.0,0.0,3.258096538021482,0.4054651081081644,0.0,0.0,0.0,0.0,0.0,0.0,0.0,0.0,0.0,625,15625,0.25,0.125,0.0,0.0,0.0,12.5,0.0,0.0,0.0,0.0,0.0,0.04,2.0,0.0,0.0,0.0,0.0,0.0,,0.49504950495049505,0.0,0,0,1,0,0,1,1,0,0,1,0,0,0.8596491228070176,0.9298245614035088,0.4473684210526316,0.6578947368421053,0.6140350877192983,0.6140350877192983,0.4649122807017544,0.8333333333333334,0.631578947368421,0.45614035087719296,0.6666666666666666,0.7894736842105263
17,0.0,0.0,0.0,0.0,25,0.75,0.0,0.0,0.0,0.0,0.0,3.258096538021482,0.5596157879354227,0.0,0.0,0.0,0.0,0.0,0.0,0.0,0.0,0.0,625,15625,0.5625,0.421875,0.0,0.0,0.0,18.75,0.0,0.0,0.0,0.0,0.0,0.04,1.3333333333333333,0.0,0.0,0.0,0.0,0.0,,0.7425742574257426,0.0,0,0,1,0,0,1,1,0,0,1,0,0,0.8596491228070176,0.9298245614035088,0.4473684210526316,0.6578947368421053,0.6140350877192983,0.6140350877192983,0.4649122807017544,0.8333333333333334,0.631578947368421,0.45614035087719296,0.6666666666666666,0.7894736842105263
18,150.0,7.6,1.0,260.0,25,0.0,0.0,5.017279836814924,2.151762203259462,0.6931471805599453,5.564520407322694,3.258096538021482,0.0,0.0,22500.0,3375000.0,57.76,438.97599999999994,1.0,1.0,67600.0,17576000.0,625,15625,0.0,0.0,0.0,0.0,0.0,0.0,1140.0,0.006666666666666667,0.13157894736842105,1.0,0.0038461538461538464,0.04,0.0,0.0,1.0,1.0,1.0,1.0,,0.0,0.0,0,0,0,1,0,1,0,0,1,1,0,0,0.8596491228070176,0.9298245614035088,0.5526315789473685,0.34210526315789475,0.6140350877192983,0.6140350877192983,0.5350877192982456,0.8333333333333334,0.3684210526315789,0.45614035087719296,0.6666666666666666,0.7894736842105263
19,150.0,7.6,1.0,240.0,25,1.0,0.0,5.017279836814924,2.151762203259462,0.6931471805599453,5.484796933490655,3.258096538021482,0.6931471805599453,0.0,22500.0,3375000.0,57.76,438.97599999999994,1.0,1.0,57600.0,13824000.0,625,15625,1.0,1.0,0.0,0.0,0.0,25.0,1140.0,0.006666666666666667,0.13157894736842105,1.0,0.004166666666666667,0.04,1.0,0.0,1.0,1.0,1.0,0.9230769230769231,,0.9900990099009901,0.0,0,0,0,1,0,1,1,0,0,1,0,0,0.8596491228070176,0.9298245614035088,0.5526315789473685,0.34210526315789475,0.6140350877192983,0.6140350877192983,0.4649122807017544,0.8333333333333334,0.631578947368421,0.45614035087719296,0.6666666666666666,0.7894736842105263
20,66.0,4.7,0.3,185.0,25,0.41,0.0,4.204692619390966,1.7404661748405046,0.262364264467491,5.225746673713202,3.258096538021482,0.3435897043900769,0.0,4356.0,287496.0,22.090000000000003,103.82300000000001,0.09,0.026999999999999996,34225.0,6331625.0,625,15625,0.16809999999999997,0.06892099999999998,0.0,0.0,0.0,10.25,310.2,0.015151515151515152,0.2127659574468085,3.3333333333333335,0.005405405405405406,0.04,2.4390243902439024,0.0,0.44,0.618421052631579,0.3,0.7115384615384616,,0.4059405940594059,0.0,0,1,0,0,0,1,1,0,0,1,0,0,0.8596491228070176,0.07017543859649122,0.5526315789473685,0.6578947368421053,0.6140350877192983,0.6140350877192983,0.4649122807017544,0.8333333333333334,0.631578947368421,0.45614035087719296,0.6666666666666666,0.7894736842105263
21,66.0,4.7,0.3,83.3,25,0.19,0.0,4.204692619390966,1.7404661748405046,0.262364264467491,4.4343818650078095,3.258096538021482,0.17395330712343804,0.0,4356.0,287496.0,22.090000000000003,103.82300000000001,0.09,0.026999999999999996,6938.889999999999,578009.5369999999,625,15625,0.0361,0.0068590000000000005,0.0,0.0,0.0,4.75,310.2,0.015151515151515152,0.2127659574468085,3.3333333333333335,0.012004801920768308,0.04,5.2631578947368425,0.0,0.44,0.618421052631579,0.3,0.3203846153846154,,0.18811881188118812,0.0,0,1,0,0,0,1,1,0,0,1,0,0,0.8596491228070176,0.07017543859649122,0.5526315789473685,0.6578947368421053,0.6140350877192983,0.6140350877192983,0.4649122807017544,0.8333333333333334,0.631578947368421,0.45614035087719296,0.6666666666666666,0.7894736842105263
22,150.0,7.6,1.0,38.3,25,0.0,0.21,5.017279836814924,2.151762203259462,0.6931471805599453,3.6712245188752153,3.258096538021482,0.0,0.19062035960864973,22500.0,3375000.0,57.76,438.97599999999994,1.0,1.0,1466.8899999999999,56181.88699999999,625,15625,0.0,0.0,0.04409999999999999,0.009260999999999998,8.043,0.0,1140.0,0.006666666666666667,0.13157894736842105,1.0,0.026109660574412535,0.04,0.0,4.761904761904762,1.0,1.0,1.0,0.1473076923076923,,0.0,0.84,0,0,0,1,0,1,0,0,1,0,1,0,0.8596491228070176,0.9298245614035088,0.5526315789473685,0.34210526315789475,0.6140350877192983,0.6140350877192983,0.5350877192982456,0.8333333333333334,0.3684210526315789,0.543859649122807,0.3333333333333333,0.7894736842105263
23,150.0,7.6,1.0,124.0,25,0.0,0.09,5.017279836814924,2.151762203259462,0.6931471805599453,4.8283137373023015,3.258096538021482,0.0,0.08617769624105233,22500.0,3375000.0,57.76,438.97599999999994,1.0,1.0,15376.0,1906624.0,625,15625,0.0,0.0,0.0081,0.0007289999999999999,11.16,0.0,1140.0,0.006666666666666667,0.13157894736842105,1.0,0.008064516129032258,0.04,0.0,11.11111111111111,1.0,1.0,1.0,0.47692307692307695,,0.0,0.36,0,0,0,1,0,1,0,0,1,0,1,0,0.8596491228070176,0.9298245614035088,0.5526315789473685,0.34210526315789475,0.6140350877192983,0.6140350877192983,0.5350877192982456,0.8333333333333334,0.3684210526315789,0.543859649122807,0.3333333333333333,0.7894736842105263
24,150.0,7.6,1.0,189.0,25,0.0,0.05,5.017279836814924,2.151762203259462,0.6931471805599453,5.247024072160486,3.258096538021482,0.0,0.048790164169432,22500.0,3375000.0,57.76,438.97599999999994,1.0,1.0,35721.0,6751269.0,625,15625,0.0,0.0,0.0025000000000000005,0.00012500000000000003,9.450000000000001,0.0,1140.0,0.006666666666666667,0.13157894736842105,1.0,0.005291005291005291,0.04,0.0,20.0,1.0,1.0,1.0,0.7269230769230769,,0.0,0.2,0,0,0,1,0,1,0,0,1,0,1,0,0.8596491228070176,0.9298245614035088,0.5526315789473685,0.34210526315789475,0.6140350877192983,0.6140350877192983,0.5350877192982456,0.8333333333333334,0.3684210526315789,0.543859649122807,0.3333333333333333,0.7894736842105263
25,150.0,7.6,1.0,95.0,25,0.46,0.0,5.017279836814924,2.151762203259462,0.6931471805599453,4.564348191467836,3.258096538021482,0.3784364357202451,0.0,22500.0,3375000.0,57.76,438.97599999999994,1.0,1.0,9025.0,857375.0,625,15625,0.2116,0.097336,0.0,0.0,0.0,11.5,1140.0,0.006666666666666667,0.13157894736842105,1.0,0.010526315789473684,0.04,2.1739130434782608,0.0,1.0,1.0,1.0,0.36538461538461536,,0.45544554455445546,0.0,0,0,0,1,0,1,1,0,0,1,0,0,0.8596491228070176,0.9298245614035088,0.5526315789473685,0.34210526315789475,0.6140350877192983,0.6140350877192983,0.4649122807017544,0.8333333333333334,0.631578947368421,0.45614035087719296,0.6666666666666666,0.7894736842105263
26,150.0,7.6,1.0,164.0,25,0.3,0.1,5.017279836814924,2.151762203259462,0.6931471805599453,5.10594547390058,3.258096538021482,0.262364264467491,0.09531017980432487,22500.0,3375000.0,57.76,438.97599999999994,1.0,1.0,26896.0,4410944.0,625,15625,0.09,0.026999999999999996,0.010000000000000002,0.0010000000000000002,16.400000000000002,7.5,1140.0,0.006666666666666667,0.13157894736842105,1.0,0.006097560975609756,0.04,3.3333333333333335,10.0,1.0,1.0,1.0,0.6307692307692307,,0.297029702970297,0.4,0,0,0,1,0,1,1,0,0,0,1,0,0.8596491228070176,0.9298245614035088,0.5526315789473685,0.34210526315789475,0.6140350877192983,0.6140350877192983,0.4649122807017544,0.8333333333333334,0.631578947368421,0.543859649122807,0.3333333333333333,0.7894736842105263
27,66.0,4.7,0.3,177.0,25,0.0,0.0,4.204692619390966,1.7404661748405046,0.262364264467491,5.181783550292085,3.258096538021482,0.0,0.0,4356.0,287496.0,22.090000000000003,103.82300000000001,0.09,0.026999999999999996,31329.0,5545233.0,625,15625,0.0,0.0,0.0,0.0,0.0,0.0,310.2,0.015151515151515152,0.2127659574468085,3.3333333333333335,0.005649717514124294,0.04,0.0,0.0,0.44,0.618421052631579,0.3,0.6807692307692308,,0.0,0.0,0,1,0,0,0,1,0,0,1,1,0,0,0.8596491228070176,0.07017543859649122,0.5526315789473685,0.6578947368421053,0.6140350877192983,0.6140350877192983,0.5350877192982456,0.8333333333333334,0.3684210526315789,0.45614035087719296,0.6666666666666666,0.7894736842105263
28,0.0,0.0,0.0,0.0,25,0.0,0.1,0.0,0.0,0.0,0.0,3.258096538021482,0.0,0.09531017980432487,0.0,0.0,0.0,0.0,0.0,0.0,0.0,0.0,625,15625,0.0,0.0,0.010000000000000002,0.0010000000000000002,0.0,0.0,0.0,0.0,0.0,0.0,0.0,0.04,0.0,10.0,0.0,0.0,0.0,0.0,,0.0,0.4,0,0,1,0,0,1,0,0,1,0,1,0,0.8596491228070176,0.9298245614035088,0.4473684210526316,0.6578947368421053,0.6140350877192983,0.6140350877192983,0.5350877192982456,0.8333333333333334,0.3684210526315789,0.543859649122807,0.3333333333333333,0.7894736842105263
29,0.0,0.0,0.0,0.0,25,0.0,0.05,0.0,0.0,0.0,0.0,3.258096538021482,0.0,0.048790164169432,0.0,0.0,0.0,0.0,0.0,0.0,0.0,0.0,625,15625,0.0,0.0,0.0025000000000000005,0.00012500000000000003,0.0,0.0,0.0,0.0,0.0,0.0,0.0,0.04,0.0,20.0,0.0,0.0,0.0,0.0,,0.0,0.2,0,0,1,0,0,1,0,0,1,0,1,0,0.8596491228070176,0.9298245614035088,0.4473684210526316,0.6578947368421053,0.6140350877192983,0.6140350877192983,0.5350877192982456,0.8333333333333334,0.3684210526315789,0.543859649122807,0.3333333333333333,0.7894736842105263
30,0.0,0.0,0.0,0.0,25,0.1,0.1,0.0,0.0,0.0,0.0,3.258096538021482,0.09531017980432487,0.09531017980432487,0.0,0.0,0.0,0.0,0.0,0.0,0.0,0.0,625,15625,0.010000000000000002,0.0010000000000000002,0.010000000000000002,0.0010000000000000002,0.0,2.5,0.0,0.0,0.0,0.0,0.0,0.04,10.0,10.0,0.0,0.0,0.0,0.0,,0.09900990099009901,0.4,0,0,1,0,0,1,1,0,0,0,1,0,0.8596491228070176,0.9298245614035088,0.4473684210526316,0.6578947368421053,0.6140350877192983,0.6140350877192983,0.4649122807017544,0.8333333333333334,0.631578947368421,0.543859649122807,0.3333333333333333,0.7894736842105263
31,0.0,0.0,0.0,0.0,25,0.2,0.1,0.0,0.0,0.0,0.0,3.258096538021482,0.18232155679395465,0.09531017980432487,0.0,0.0,0.0,0.0,0.0,0.0,0.0,0.0,625,15625,0.04000000000000001,0.008000000000000002,0.010000000000000002,0.0010000000000000002,0.0,5.0,0.0,0.0,0.0,0.0,0.0,0.04,5.0,10.0,0.0,0.0,0.0,0.0,,0.19801980198019803,0.4,0,0,1,0,0,1,1,0,0,0,1,0,0.8596491228070176,0.9298245614035088,0.4473684210526316,0.6578947368421053,0.6140350877192983,0.6140350877192983,0.4649122807017544,0.8333333333333334,0.631578947368421,0.543859649122807,0.3333333333333333,0.7894736842105263
32,0.0,0.0,0.0,0.0,25,0.4,0.1,0.0,0.0,0.0,0.0,3.258096538021482,0.33647223662121295,0.09531017980432487,0.0,0.0,0.0,0.0,0.0,0.0,0.0,0.0,625,15625,0.16000000000000003,0.06400000000000002,0.010000000000000002,0.0010000000000000002,0.0,10.0,0.0,0.0,0.0,0.0,0.0,0.04,2.5,10.0,0.0,0.0,0.0,0.0,,0.39603960396039606,0.4,0,0,1,0,0,1,1,0,0,0,1,0,0.8596491228070176,0.9298245614035088,0.4473684210526316,0.6578947368421053,0.6140350877192983,0.6140350877192983,0.4649122807017544,0.8333333333333334,0.631578947368421,0.543859649122807,0.3333333333333333,0.7894736842105263
33,0.0,0.0,0.0,0.0,25,0.75,0.1,0.0,0.0,0.0,0.0,3.258096538021482,0.5596157879354227,0.09531017980432487,0.0,0.0,0.0,0.0,0.0,0.0,0.0,0.0,625,15625,0.5625,0.421875,0.010000000000000002,0.0010000000000000002,0.0,18.75,0.0,0.0,0.0,0.0,0.0,0.04,1.3333333333333333,10.0,0.0,0.0,0.0,0.0,,0.7425742574257426,0.4,0,0,1,0,0,1,1,0,0,0,1,0,0.8596491228070176,0.9298245614035088,0.4473684210526316,0.6578947368421053,0.6140350877192983,0.6140350877192983,0.4649122807017544,0.8333333333333334,0.631578947368421,0.543859649122807,0.3333333333333333,0.7894736842105263
34,0.0,0.0,0.0,0.0,25,0.1,0.05,0.0,0.0,0.0,0.0,3.258096538021482,0.09531017980432487,0.048790164169432,0.0,0.0,0.0,0.0,0.0,0.0,0.0,0.0,625,15625,0.010000000000000002,0.0010000000000000002,0.0025000000000000005,0.00012500000000000003,0.0,2.5,0.0,0.0,0.0,0.0,0.0,0.04,10.0,20.0,0.0,0.0,0.0,0.0,,0.09900990099009901,0.2,0,0,1,0,0,1,1,0,0,0,1,0,0.8596491228070176,0.9298245614035088,0.4473684210526316,0.6578947368421053,0.6140350877192983,0.6140350877192983,0.4649122807017544,0.8333333333333334,0.631578947368421,0.543859649122807,0.3333333333333333,0.7894736842105263
35,0.0,0.0,0.0,0.0,25,0.2,0.05,0.0,0.0,0.0,0.0,3.258096538021482,0.18232155679395465,0.048790164169432,0.0,0.0,0.0,0.0,0.0,0.0,0.0,0.0,625,15625,0.04000000000000001,0.008000000000000002,0.0025000000000000005,0.00012500000000000003,0.0,5.0,0.0,0.0,0.0,0.0,0.0,0.04,5.0,20.0,0.0,0.0,0.0,0.0,,0.19801980198019803,0.2,0,0,1,0,0,1,1,0,0,0,1,0,0.8596491228070176,0.9298245614035088,0.4473684210526316,0.6578947368421053,0.6140350877192983,0.6140350877192983,0.4649122807017544,0.8333333333333334,0.631578947368421,0.543859649122807,0.3333333333333333,0.7894736842105263
36,0.0,0.0,0.0,0.0,25,0.4,0.05,0.0,0.0,0.0,0.0,3.258096538021482,0.33647223662121295,0.048790164169432,0.0,0.0,0.0,0.0,0.0,0.0,0.0,0.0,625,15625,0.16000000000000003,0.06400000000000002,0.0025000000000000005,0.00012500000000000003,0.0,10.0,0.0,0.0,0.0,0.0,0.0,0.04,2.5,20.0,0.0,0.0,0.0,0.0,,0.39603960396039606,0.2,0,0,1,0,0,1,1,0,0,0,1,0,0.8596491228070176,0.9298245614035088,0.4473684210526316,0.6578947368421053,0.6140350877192983,0.6140350877192983,0.4649122807017544,0.8333333333333334,0.631578947368421,0.543859649122807,0.3333333333333333,0.7894736842105263
37,0.0,0.0,0.0,0.0,25,0.75,0.05,0.0,0.0,0.0,0.0,3.258096538021482,0.5596157879354227,0.048790164169432,0.0,0.0,0.0,0.0,0.0,0.0,0.0,0.0,625,15625,0.5625,0.421875,0.0025000000000000005,0.00012500000000000003,0.0,18.75,0.0,0.0,0.0,0.0,0.0,0.04,1.3333333333333333,20.0,0.0,0.0,0.0,0.0,,0.7425742574257426,0.2,0,0,1,0,0,1,1,0,0,0,1,0,0.8596491228070176,0.9298245614035088,0.4473684210526316,0.6578947368421053,0.6140350877192983,0.6140350877192983,0.4649122807017544,0.8333333333333334,0.631578947368421,0.543859649122807,0.3333333333333333,0.7894736842105263
38,0.0,0.0,0.0,0.0,25,0.0,0.1,0.0,0.0,0.0,0.0,3.258096538021482,0.0,0.09531017980432487,0.0,0.0,0.0,0.0,0.0,0.0,0.0,0.0,625,15625,0.0,0.0,0.010000000000000002,0.0010000000000000002,0.0,0.0,0.0,0.0,0.0,0.0,0.0,0.04,0.0,10.0,0.0,0.0,0.0,0.0,,0.0,0.4,0,0,1,0,0,1,0,0,1,0,0,1,0.8596491228070176,0.9298245614035088,0.4473684210526316,0.6578947368421053,0.6140350877192983,0.6140350877192983,0.5350877192982456,0.8333333333333334,0.3684210526315789,0.543859649122807,0.6666666666666666,0.21052631578947367
39,0.0,0.0,0.0,0.0,25,0.0,0.05,0.0,0.0,0.0,0.0,3.258096538021482,0.0,0.048790164169432,0.0,0.0,0.0,0.0,0.0,0.0,0.0,0.0,625,15625,0.0,0.0,0.0025000000000000005,0.00012500000000000003,0.0,0.0,0.0,0.0,0.0,0.0,0.0,0.04,0.0,20.0,0.0,0.0,0.0,0.0,,0.0,0.2,0,0,1,0,0,1,0,0,1,0,0,1,0.8596491228070176,0.9298245614035088,0.4473684210526316,0.6578947368421053,0.6140350877192983,0.6140350877192983,0.5350877192982456,0.8333333333333334,0.3684210526315789,0.543859649122807,0.6666666666666666,0.21052631578947367
40,0.0,0.0,0.0,0.0,25,0.1,0.1,0.0,0.0,0.0,0.0,3.258096538021482,0.09531017980432487,0.09531017980432487,0.0,0.0,0.0,0.0,0.0,0.0,0.0,0.0,625,15625,0.010000000000000002,0.0010000000000000002,0.010000000000000002,0.0010000000000000002,0.0,2.5,0.0,0.0,0.0,0.0,0.0,0.04,10.0,10.0,0.0,0.0,0.0,0.0,,0.09900990099009901,0.4,0,0,1,0,0,1,1,0,0,0,0,1,0.8596491228070176,0.9298245614035088,0.4473684210526316,0.6578947368421053,0.6140350877192983,0.6140350877192983,0.4649122807017544,0.8333333333333334,0.631578947368421,0.543859649122807,0.6666666666666666,0.21052631578947367
41,0.0,0.0,0.0,0.0,25,0.2,0.1,0.0,0.0,0.0,0.0,3.258096538021482,0.18232155679395465,0.09531017980432487,0.0,0.0,0.0,0.0,0.0,0.0,0.0,0.0,625,15625,0.04000000000000001,0.008000000000000002,0.010000000000000002,0.0010000000000000002,0.0,5.0,0.0,0.0,0.0,0.0,0.0,0.04,5.0,10.0,0.0,0.0,0.0,0.0,,0.19801980198019803,0.4,0,0,1,0,0,1,1,0,0,0,0,1,0.8596491228070176,0.9298245614035088,0.4473684210526316,0.6578947368421053,0.6140350877192983,0.6140350877192983,0.4649122807017544,0.8333333333333334,0.631578947368421,0.543859649122807,0.6666666666666666,0.21052631578947367
42,0.0,0.0,0.0,0.0,25,0.4,0.1,0.0,0.0,0.0,0.0,3.258096538021482,0.33647223662121295,0.09531017980432487,0.0,0.0,0.0,0.0,0.0,0.0,0.0,0.0,625,15625,0.16000000000000003,0.06400000000000002,0.010000000000000002,0.0010000000000000002,0.0,10.0,0.0,0.0,0.0,0.0,0.0,0.04,2.5,10.0,0.0,0.0,0.0,0.0,,0.39603960396039606,0.4,0,0,1,0,0,1,1,0,0,0,0,1,0.8596491228070176,0.9298245614035088,0.4473684210526316,0.6578947368421053,0.6140350877192983,0.6140350877192983,0.4649122807017544,0.8333333333333334,0.631578947368421,0.543859649122807,0.6666666666666666,0.21052631578947367
43,0.0,0.0,0.0,0.0,25,0.75,0.1,0.0,0.0,0.0,0.0,3.258096538021482,0.5596157879354227,0.09531017980432487,0.0,0.0,0.0,0.0,0.0,0.0,0.0,0.0,625,15625,0.5625,0.421875,0.010000000000000002,0.0010000000000000002,0.0,18.75,0.0,0.0,0.0,0.0,0.0,0.04,1.3333333333333333,10.0,0.0,0.0,0.0,0.0,,0.7425742574257426,0.4,0,0,1,0,0,1,1,0,0,0,0,1,0.8596491228070176,0.9298245614035088,0.4473684210526316,0.6578947368421053,0.6140350877192983,0.6140350877192983,0.4649122807017544,0.8333333333333334,0.631578947368421,0.543859649122807,0.6666666666666666,0.21052631578947367
44,0.0,0.0,0.0,0.0,25,0.1,0.05,0.0,0.0,0.0,0.0,3.258096538021482,0.09531017980432487,0.048790164169432,0.0,0.0,0.0,0.0,0.0,0.0,0.0,0.0,625,15625,0.010000000000000002,0.0010000000000000002,0.0025000000000000005,0.00012500000000000003,0.0,2.5,0.0,0.0,0.0,0.0,0.0,0.04,10.0,20.0,0.0,0.0,0.0,0.0,,0.09900990099009901,0.2,0,0,1,0,0,1,1,0,0,0,0,1,0.8596491228070176,0.9298245614035088,0.4473684210526316,0.6578947368421053,0.6140350877192983,0.6140350877192983,0.4649122807017544,0.8333333333333334,0.631578947368421,0.543859649122807,0.6666666666666666,0.21052631578947367
45,0.0,0.0,0.0,0.0,25,0.2,0.05,0.0,0.0,0.0,0.0,3.258096538021482,0.18232155679395465,0.048790164169432,0.0,0.0,0.0,0.0,0.0,0.0,0.0,0.0,625,15625,0.04000000000000001,0.008000000000000002,0.0025000000000000005,0.00012500000000000003,0.0,5.0,0.0,0.0,0.0,0.0,0.0,0.04,5.0,20.0,0.0,0.0,0.0,0.0,,0.19801980198019803,0.2,0,0,1,0,0,1,1,0,0,0,0,1,0.8596491228070176,0.9298245614035088,0.4473684210526316,0.6578947368421053,0.6140350877192983,0.6140350877192983,0.4649122807017544,0.8333333333333334,0.631578947368421,0.543859649122807,0.6666666666666666,0.21052631578947367
46,0.0,0.0,0.0,0.0,25,0.4,0.05,0.0,0.0,0.0,0.0,3.258096538021482,0.33647223662121295,0.048790164169432,0.0,0.0,0.0,0.0,0.0,0.0,0.0,0.0,625,15625,0.16000000000000003,0.06400000000000002,0.0025000000000000005,0.00012500000000000003,0.0,10.0,0.0,0.0,0.0,0.0,0.0,0.04,2.5,20.0,0.0,0.0,0.0,0.0,,0.39603960396039606,0.2,0,0,1,0,0,1,1,0,0,0,0,1,0.8596491228070176,0.9298245614035088,0.4473684210526316,0.6578947368421053,0.6140350877192983,0.6140350877192983,0.4649122807017544,0.8333333333333334,0.631578947368421,0.543859649122807,0.6666666666666666,0.21052631578947367
47,0.0,0.0,0.0,0.0,25,0.75,0.05,0.0,0.0,0.0,0.0,3.258096538021482,0.5596157879354227,0.048790164169432,0.0,0.0,0.0,0.0,0.0,0.0,0.0,0.0,625,15625,0.5625,0.421875,0.0025000000000000005,0.00012500000000000003,0.0,18.75,0.0,0.0,0.0,0.0,0.0,0.04,1.3333333333333333,20.0,0.0,0.0,0.0,0.0,,0.7425742574257426,0.2,0,0,1,0,0,1,1,0,0,0,0,1,0.8596491228070176,0.9298245614035088,0.4473684210526316,0.6578947368421053,0.6140350877192983,0.6140350877192983,0.4649122807017544,0.8333333333333334,0.631578947368421,0.543859649122807,0.6666666666666666,0.21052631578947367
48,150.0,6.6,1.0,85.0,25,0.22,0.0,5.017279836814924,2.028148247292285,0.6931471805599453,4.454347296253507,3.258096538021482,0.1988508587451652,0.0,22500.0,3375000.0,43.559999999999995,287.496,1.0,1.0,7225.0,614125.0,625,15625,0.0484,0.010648,0.0,0.0,0.0,5.5,990.0,0.006666666666666667,0.15151515151515152,1.0,0.011764705882352941,0.04,4.545454545454546,0.0,1.0,0.868421052631579,1.0,0.3269230769230769,,0.21782178217821782,0.0,1,0,0,0,0,1,1,0,0,1,0,0,0.14035087719298245,0.9298245614035088,0.5526315789473685,0.6578947368421053,0.6140350877192983,0.6140350877192983,0.4649122807017544,0.8333333333333334,0.631578947368421,0.45614035087719296,0.6666666666666666,0.7894736842105263
49,150.0,6.6,1.0,43.6,25,0.0,0.15,5.017279836814924,2.028148247292285,0.6931471805599453,3.7977338590260183,3.258096538021482,0.0,0.1397619423751587,22500.0,3375000.0,43.559999999999995,287.496,1.0,1.0,1900.96,82881.85600000001,625,15625,0.0,0.0,0.0225,0.0033749999999999995,6.54,0.0,990.0,0.006666666666666667,0.15151515151515152,1.0,0.02293577981651376,0.04,0.0,6.666666666666667,1.0,0.868421052631579,1.0,0.1676923076923077,,0.0,0.6,1,0,0,0,0,1,0,0,1,0,0,1,0.14035087719298245,0.9298245614035088,0.5526315789473685,0.6578947368421053,0.6140350877192983,0.6140350877192983,0.5350877192982456,0.8333333333333334,0.3684210526315789,0.543859649122807,0.6666666666666666,0.21052631578947367
50,150.0,6.6,1.0,64.0,25,0.704,0.037,5.017279836814924,2.028148247292285,0.6931471805599453,4.174387269895637,3.258096538021482,0.532978428407124,0.03633192924739028,22500.0,3375000.0,43.559999999999995,287.496,1.0,1.0,4096.0,262144.0,625,15625,0.49561599999999995,0.34891366399999996,0.0013689999999999998,5.065299999999999e-05,2.368,17.599999999999998,990.0,0.006666666666666667,0.15151515151515152,1.0,0.015625,0.04,1.4204545454545456,27.027027027027028,1.0,0.868421052631579,1.0,0.24615384615384617,,0.697029702970297,0.148,1,0,0,0,0,1,1,0,0,0,0,1,0.14035087719298245,0.9298245614035088,0.5526315789473685,0.6578947368421053,0.6140350877192983,0.6140350877192983,0.4649122807017544,0.8333333333333334,0.631578947368421,0.543859649122807,0.6666666666666666,0.21052631578947367
51,150.0,6.6,1.0,85.7,25,0.0,0.0624,5.017279836814924,2.028148247292285,0.6931471805599453,4.462453883786496,3.258096538021482,0.0,0.06053049974003235,22500.0,3375000.0,43.559999999999995,287.496,1.0,1.0,7344.490000000001,629422.7930000001,625,15625,0.0,0.0,0.0038937599999999996,0.00024297062399999996,5.3476799999999995,0.0,990.0,0.006666666666666667,0.15151515151515152,1.0,0.011668611435239206,0.04,0.0,16.025641025641026,1.0,0.868421052631579,1.0,0.32961538461538464,,0.0,0.2496,1,0,0,0,0,1,0,0,1,0,1,0,0.14035087719298245,0.9298245614035088,0.5526315789473685,0.6578947368421053,0.6140350877192983,0.6140350877192983,0.5350877192982456,0.8333333333333334,0.3684210526315789,0.543859649122807,0.3333333333333333,0.7894736842105263
52,150.0,7.6,1.0,86.4,25,0.0,0.003,5.017279836814924,2.151762203259462,0.6931471805599453,4.470495282661489,3.258096538021482,0.0,0.002995508979798479,22500.0,3375000.0,57.76,438.97599999999994,1.0,1.0,7464.960000000001,644972.5440000001,625,15625,0.0,0.0,9e-06,2.7e-08,0.25920000000000004,0.0,1140.0,0.006666666666666667,0.13157894736842105,1.0,0.011574074074074073,0.04,0.0,333.3333333333333,1.0,1.0,1.0,0.3323076923076923,,0.0,0.012,0,0,0,1,0,1,0,0,1,0,0,1,0.8596491228070176,0.9298245614035088,0.5526315789473685,0.34210526315789475,0.6140350877192983,0.6140350877192983,0.5350877192982456,0.8333333333333334,0.3684210526315789,0.543859649122807,0.6666666666666666,0.21052631578947367
53,150.0,7.6,1.0,141.0,25,0.0,0.1067,5.017279836814924,2.151762203259462,0.6931471805599453,4.955827057601261,3.258096538021482,0.0,0.10138261428860258,22500.0,3375000.0,57.76,438.97599999999994,1.0,1.0,19881.0,2803221.0,625,15625,0.0,0.0,0.01138489,0.001214767763,15.0447,0.0,1140.0,0.006666666666666667,0.13157894736842105,1.0,0.0070921985815602835,0.04,0.0,9.37207122774133,1.0,1.0,1.0,0.5423076923076923,,0.0,0.4268,0,0,0,1,0,1,0,0,1,0,0,1,0.8596491228070176,0.9298245614035088,0.5526315789473685,0.34210526315789475,0.6140350877192983,0.6140350877192983,0.5350877192982456,0.8333333333333334,0.3684210526315789,0.543859649122807,0.6666666666666666,0.21052631578947367
54,150.0,7.6,1.0,75.0,25,0.28,0.228,5.017279836814924,2.151762203259462,0.6931471805599453,4.330733340286331,3.258096538021482,0.2468600779315258,0.20538682972495073,22500.0,3375000.0,57.76,438.97599999999994,1.0,1.0,5625.0,421875.0,625,15625,0.07840000000000001,0.021952000000000006,0.051984,0.011852352000000002,17.1,7.000000000000001,1140.0,0.006666666666666667,0.13157894736842105,1.0,0.013333333333333334,0.04,3.571428571428571,4.385964912280701,1.0,1.0,1.0,0.28846153846153844,,0.27722772277227725,0.912,0,0,0,1,0,1,1,0,0,0,1,0,0.8596491228070176,0.9298245614035088,0.5526315789473685,0.34210526315789475,0.6140350877192983,0.6140350877192983,0.4649122807017544,0.8333333333333334,0.631578947368421,0.543859649122807,0.3333333333333333,0.7894736842105263
55,66.0,4.7,0.3,132.0,25,0.46,0.123,4.204692619390966,1.7404661748405046,0.262364264467491,4.890349128221754,3.258096538021482,0.3784364357202451,0.11600367575630613,4356.0,287496.0,22.090000000000003,103.82300000000001,0.09,0.026999999999999996,17424.0,2299968.0,625,15625,0.2116,0.097336,0.015129,0.001860867,16.236,11.5,310.2,0.015151515151515152,0.2127659574468085,3.3333333333333335,0.007575757575757576,0.04,2.1739130434782608,8.130081300813009,0.44,0.618421052631579,0.3,0.5076923076923077,,0.45544554455445546,0.492,0,1,0,0,0,1,1,0,0,0,1,0,0.8596491228070176,0.07017543859649122,0.5526315789473685,0.6578947368421053,0.6140350877192983,0.6140350877192983,0.4649122807017544,0.8333333333333334,0.631578947368421,0.543859649122807,0.3333333333333333,0.7894736842105263
56,66.0,4.7,0.3,83.0,25,0.0,0.218,4.204692619390966,1.7404661748405046,0.262364264467491,4.430816798843313,3.258096538021482,0.0,0.1972101692877053,4356.0,287496.0,22.090000000000003,103.82300000000001,0.09,0.026999999999999996,6889.0,571787.0,625,15625,0.0,0.0,0.047524,0.010360232,18.094,0.0,310.2,0.015151515151515152,0.2127659574468085,3.3333333333333335,0.012048192771084338,0.04,0.0,4.587155963302752,0.44,0.618421052631579,0.3,0.3192307692307692,,0.0,0.872,0,1,0,0,0,1,0,0,1,0,1,0,0.8596491228070176,0.07017543859649122,0.5526315789473685,0.6578947368421053,0.6140350877192983,0.6140350877192983,0.5350877192982456,0.8333333333333334,0.3684210526315789,0.543859649122807,0.3333333333333333,0.7894736842105263
57,150.0,7.6,1.0,51.7,25,1.01,0.0,5.017279836814924,2.151762203259462,0.6931471805599453,3.9646154555473165,3.258096538021482,0.6981347220709844,0.0,22500.0,3375000.0,57.76,438.97599999999994,1.0,1.0,2672.8900000000003,138188.41300000003,625,15625,1.0201,1.0303010000000001,0.0,0.0,0.0,25.25,1140.0,0.006666666666666667,0.13157894736842105,1.0,0.01934235976789168,0.04,0.9900990099009901,0.0,1.0,1.0,1.0,0.19884615384615387,,1.0,0.0,0,0,0,1,1,0,1,0,0,1,0,0,0.8596491228070176,0.9298245614035088,0.5526315789473685,0.34210526315789475,0.38596491228070173,0.38596491228070173,0.4649122807017544,0.8333333333333334,0.631578947368421,0.45614035087719296,0.6666666666666666,0.7894736842105263
58,150.0,7.6,1.0,118.7,25,0.53,0.0,5.017279836814924,2.151762203259462,0.6931471805599453,4.784988612563928,3.258096538021482,0.4252677354043441,0.0,22500.0,3375000.0,57.76,438.97599999999994,1.0,1.0,14089.69,1672446.2030000002,625,15625,0.28090000000000004,0.148877,0.0,0.0,0.0,13.25,1140.0,0.006666666666666667,0.13157894736842105,1.0,0.008424599831508003,0.04,1.8867924528301885,0.0,1.0,1.0,1.0,0.45653846153846156,,0.5247524752475248,0.0,0,0,0,1,1,0,1,0,0,1,0,0,0.8596491228070176,0.9298245614035088,0.5526315789473685,0.34210526315789475,0.38596491228070173,0.38596491228070173,0.4649122807017544,0.8333333333333334,0.631578947368421,0.45614035087719296,0.6666666666666666,0.7894736842105263
59,0.0,0.0,0.0,0.0,25,0.5,0.0,0.0,0.0,0.0,0.0,3.258096538021482,0.4054651081081644,0.0,0.0,0.0,0.0,0.0,0.0,0.0,0.0,0.0,625,15625,0.25,0.125,0.0,0.0,0.0,12.5,0.0,0.0,0.0,0.0,0.0,0.04,2.0,0.0,0.0,0.0,0.0,0.0,,0.49504950495049505,0.0,0,0,1,0,0,1,0,1,0,1,0,0,0.8596491228070176,0.9298245614035088,0.4473684210526316,0.6578947368421053,0.6140350877192983,0.6140350877192983,0.5350877192982456,0.16666666666666666,0.631578947368421,0.45614035087719296,0.6666666666666666,0.7894736842105263
60,0.0,0.0,0.0,0.0,25,1.0,0.0,0.0,0.0,0.0,0.0,3.258096538021482,0.6931471805599453,0.0,0.0,0.0,0.0,0.0,0.0,0.0,0.0,0.0,625,15625,1.0,1.0,0.0,0.0,0.0,25.0,0.0,0.0,0.0,0.0,0.0,0.04,1.0,0.0,0.0,0.0,0.0,0.0,,0.9900990099009901,0.0,0,0,1,0,0,1,0,1,0,1,0,0,0.8596491228070176,0.9298245614035088,0.4473684210526316,0.6578947368421053,0.6140350877192983,0.6140350877192983,0.5350877192982456,0.16666666666666666,0.631578947368421,0.45614035087719296,0.6666666666666666,0.7894736842105263
61,0.0,0.0,0.0,0.0,25,0.0,0.0,0.0,0.0,0.0,0.0,3.258096538021482,0.0,0.0,0.0,0.0,0.0,0.0,0.0,0.0,0.0,0.0,625,15625,0.0,0.0,0.0,0.0,0.0,0.0,0.0,0.0,0.0,0.0,0.0,0.04,0.0,0.0,0.0,0.0,0.0,0.0,,0.0,0.0,0,0,1,0,1,0,0,0,1,1,0,0,0.8596491228070176,0.9298245614035088,0.4473684210526316,0.6578947368421053,0.38596491228070173,0.38596491228070173,0.5350877192982456,0.8333333333333334,0.3684210526315789,0.45614035087719296,0.6666666666666666,0.7894736842105263
62,0.0,0.0,0.0,0.0,25,1.0,0.0,0.0,0.0,0.0,0.0,3.258096538021482,0.6931471805599453,0.0,0.0,0.0,0.0,0.0,0.0,0.0,0.0,0.0,625,15625,1.0,1.0,0.0,0.0,0.0,25.0,0.0,0.0,0.0,0.0,0.0,0.04,1.0,0.0,0.0,0.0,0.0,0.0,,0.9900990099009901,0.0,0,0,1,0,1,0,1,0,0,1,0,0,0.8596491228070176,0.9298245614035088,0.4473684210526316,0.6578947368421053,0.38596491228070173,0.38596491228070173,0.4649122807017544,0.8333333333333334,0.631578947368421,0.45614035087719296,0.6666666666666666,0.7894736842105263
63,0.0,0.0,0.0,0.0,25,0.0,0.1,0.0,0.0,0.0,0.0,3.258096538021482,0.0,0.09531017980432487,0.0,0.0,0.0,0.0,0.0,0.0,0.0,0.0,625,15625,0.0,0.0,0.010000000000000002,0.0010000000000000002,0.0,0.0,0.0,0.0,0.0,0.0,0.0,0.04,0.0,10.0,0.0,0.0,0.0,0.0,,0.0,0.4,0,0,1,0,1,0,0,0,1,0,1,0,0.8596491228070176,0.9298245614035088,0.4473684210526316,0.6578947368421053,0.38596491228070173,0.38596491228070173,0.5350877192982456,0.8333333333333334,0.3684210526315789,0.543859649122807,0.3333333333333333,0.7894736842105263
64,0.0,0.0,0.0,0.0,25,0.0,0.05,0.0,0.0,0.0,0.0,3.258096538021482,0.0,0.048790164169432,0.0,0.0,0.0,0.0,0.0,0.0,0.0,0.0,625,15625,0.0,0.0,0.0025000000000000005,0.00012500000000000003,0.0,0.0,0.0,0.0,0.0,0.0,0.0,0.04,0.0,20.0,0.0,0.0,0.0,0.0,,0.0,0.2,0,0,1,0,1,0,0,0,1,0,1,0,0.8596491228070176,0.9298245614035088,0.4473684210526316,0.6578947368421053,0.38596491228070173,0.38596491228070173,0.5350877192982456,0.8333333333333334,0.3684210526315789,0.543859649122807,0.3333333333333333,0.7894736842105263
65,0.0,0.0,0.0,0.0,25,0.0,0.1,0.0,0.0,0.0,0.0,3.258096538021482,0.0,0.09531017980432487,0.0,0.0,0.0,0.0,0.0,0.0,0.0,0.0,625,15625,0.0,0.0,0.010000000000000002,0.0010000000000000002,0.0,0.0,0.0,0.0,0.0,0.0,0.0,0.04,0.0,10.0,0.0,0.0,0.0,0.0,,0.0,0.4,0,0,1,0,1,0,0,0,1,0,0,1,0.8596491228070176,0.9298245614035088,0.4473684210526316,0.6578947368421053,0.38596491228070173,0.38596491228070173,0.5350877192982456,0.8333333333333334,0.3684210526315789,0.543859649122807,0.6666666666666666,0.21052631578947367
66,0.0,0.0,0.0,0.0,25,0.0,0.05,0.0,0.0,0.0,0.0,3.258096538021482,0.0,0.048790164169432,0.0,0.0,0.0,0.0,0.0,0.0,0.0,0.0,625,15625,0.0,0.0,0.0025000000000000005,0.00012500000000000003,0.0,0.0,0.0,0.0,0.0,0.0,0.0,0.04,0.0,20.0,0.0,0.0,0.0,0.0,,0.0,0.2,0,0,1,0,1,0,0,0,1,0,0,1,0.8596491228070176,0.9298245614035088,0.4473684210526316,0.6578947368421053,0.38596491228070173,0.38596491228070173,0.5350877192982456,0.8333333333333334,0.3684210526315789,0.543859649122807,0.6666666666666666,0.21052631578947367
67,0.0,0.0,0.0,0.0,25,0.1,0.1,0.0,0.0,0.0,0.0,3.258096538021482,0.09531017980432487,0.09531017980432487,0.0,0.0,0.0,0.0,0.0,0.0,0.0,0.0,625,15625,0.010000000000000002,0.0010000000000000002,0.010000000000000002,0.0010000000000000002,0.0,2.5,0.0,0.0,0.0,0.0,0.0,0.04,10.0,10.0,0.0,0.0,0.0,0.0,,0.09900990099009901,0.4,0,0,1,0,1,0,1,0,0,0,1,0,0.8596491228070176,0.9298245614035088,0.4473684210526316,0.6578947368421053,0.38596491228070173,0.38596491228070173,0.4649122807017544,0.8333333333333334,0.631578947368421,0.543859649122807,0.3333333333333333,0.7894736842105263
68,0.0,0.0,0.0,0.0,25,0.2,0.1,0.0,0.0,0.0,0.0,3.258096538021482,0.18232155679395465,0.09531017980432487,0.0,0.0,0.0,0.0,0.0,0.0,0.0,0.0,625,15625,0.04000000000000001,0.008000000000000002,0.010000000000000002,0.0010000000000000002,0.0,5.0,0.0,0.0,0.0,0.0,0.0,0.04,5.0,10.0,0.0,0.0,0.0,0.0,,0.19801980198019803,0.4,0,0,1,0,1,0,1,0,0,0,1,0,0.8596491228070176,0.9298245614035088,0.4473684210526316,0.6578947368421053,0.38596491228070173,0.38596491228070173,0.4649122807017544,0.8333333333333334,0.631578947368421,0.543859649122807,0.3333333333333333,0.7894736842105263
69,0.0,0.0,0.0,0.0,25,0.4,0.1,0.0,0.0,0.0,0.0,3.258096538021482,0.33647223662121295,0.09531017980432487,0.0,0.0,0.0,0.0,0.0,0.0,0.0,0.0,625,15625,0.16000000000000003,0.06400000000000002,0.010000000000000002,0.0010000000000000002,0.0,10.0,0.0,0.0,0.0,0.0,0.0,0.04,2.5,10.0,0.0,0.0,0.0,0.0,,0.39603960396039606,0.4,0,0,1,0,1,0,1,0,0,0,1,0,0.8596491228070176,0.9298245614035088,0.4473684210526316,0.6578947368421053,0.38596491228070173,0.38596491228070173,0.4649122807017544,0.8333333333333334,0.631578947368421,0.543859649122807,0.3333333333333333,0.7894736842105263
70,0.0,0.0,0.0,0.0,25,0.75,0.1,0.0,0.0,0.0,0.0,3.258096538021482,0.5596157879354227,0.09531017980432487,0.0,0.0,0.0,0.0,0.0,0.0,0.0,0.0,625,15625,0.5625,0.421875,0.010000000000000002,0.0010000000000000002,0.0,18.75,0.0,0.0,0.0,0.0,0.0,0.04,1.3333333333333333,10.0,0.0,0.0,0.0,0.0,,0.7425742574257426,0.4,0,0,1,0,1,0,1,0,0,0,1,0,0.8596491228070176,0.9298245614035088,0.4473684210526316,0.6578947368421053,0.38596491228070173,0.38596491228070173,0.4649122807017544,0.8333333333333334,0.631578947368421,0.543859649122807,0.3333333333333333,0.7894736842105263
71,0.0,0.0,0.0,0.0,25,0.1,0.05,0.0,0.0,0.0,0.0,3.258096538021482,0.09531017980432487,0.048790164169432,0.0,0.0,0.0,0.0,0.0,0.0,0.0,0.0,625,15625,0.010000000000000002,0.0010000000000000002,0.0025000000000000005,0.00012500000000000003,0.0,2.5,0.0,0.0,0.0,0.0,0.0,0.04,10.0,20.0,0.0,0.0,0.0,0.0,,0.09900990099009901,0.2,0,0,1,0,1,0,1,0,0,0,1,0,0.8596491228070176,0.9298245614035088,0.4473684210526316,0.6578947368421053,0.38596491228070173,0.38596491228070173,0.4649122807017544,0.8333333333333334,0.631578947368421,0.543859649122807,0.3333333333333333,0.7894736842105263
72,0.0,0.0,0.0,0.0,25,0.2,0.05,0.0,0.0,0.0,0.0,3.258096538021482,0.18232155679395465,0.048790164169432,0.0,0.0,0.0,0.0,0.0,0.0,0.0,0.0,625,15625,0.04000000000000001,0.008000000000000002,0.0025000000000000005,0.00012500000000000003,0.0,5.0,0.0,0.0,0.0,0.0,0.0,0.04,5.0,20.0,0.0,0.0,0.0,0.0,,0.19801980198019803,0.2,0,0,1,0,1,0,1,0,0,0,1,0,0.8596491228070176,0.9298245614035088,0.4473684210526316,0.6578947368421053,0.38596491228070173,0.38596491228070173,0.4649122807017544,0.8333333333333334,0.631578947368421,0.543859649122807,0.3333333333333333,0.7894736842105263
73,0.0,0.0,0.0,0.0,25,0.4,0.05,0.0,0.0,0.0,0.0,3.258096538021482,0.33647223662121295,0.048790164169432,0.0,0.0,0.0,0.0,0.0,0.0,0.0,0.0,625,15625,0.16000000000000003,0.06400000000000002,0.0025000000000000005,0.00012500000000000003,0.0,10.0,0.0,0.0,0.0,0.0,0.0,0.04,2.5,20.0,0.0,0.0,0.0,0.0,,0.39603960396039606,0.2,0,0,1,0,1,0,1,0,0,0,1,0,0.8596491228070176,0.9298245614035088,0.4473684210526316,0.6578947368421053,0.38596491228070173,0.38596491228070173,0.4649122807017544,0.8333333333333334,0.631578947368421,0.543859649122807,0.3333333333333333,0.7894736842105263
74,0.0,0.0,0.0,0.0,25,0.75,0.05,0.0,0.0,0.0,0.0,3.258096538021482,0.5596157879354227,0.048790164169432,0.0,0.0,0.0,0.0,0.0,0.0,0.0,0.0,625,15625,0.5625,0.421875,0.0025000000000000005,0.00012500000000000003,0.0,18.75,0.0,0.0,0.0,0.0,0.0,0.04,1.3333333333333333,20.0,0.0,0.0,0.0,0.0,,0.7425742574257426,0.2,0,0,1,0,1,0,1,0,0,0,1,0,0.8596491228070176,0.9298245614035088,0.4473684210526316,0.6578947368421053,0.38596491228070173,0.38596491228070173,0.4649122807017544,0.8333333333333334,0.631578947368421,0.543859649122807,0.3333333333333333,0.7894736842105263
75,0.0,0.0,0.0,0.0,25,0.5,0.0,0.0,0.0,0.0,0.0,3.258096538021482,0.4054651081081644,0.0,0.0,0.0,0.0,0.0,0.0,0.0,0.0,0.0,625,15625,0.25,0.125,0.0,0.0,0.0,12.5,0.0,0.0,0.0,0.0,0.0,0.04,2.0,0.0,0.0,0.0,0.0,0.0,,0.49504950495049505,0.0,0,0,1,0,1,0,0,1,0,1,0,0,0.8596491228070176,0.9298245614035088,0.4473684210526316,0.6578947368421053,0.38596491228070173,0.38596491228070173,0.5350877192982456,0.16666666666666666,0.631578947368421,0.45614035087719296,0.6666666666666666,0.7894736842105263
76,0.0,0.0,0.0,0.0,25,1.0,0.0,0.0,0.0,0.0,0.0,3.258096538021482,0.6931471805599453,0.0,0.0,0.0,0.0,0.0,0.0,0.0,0.0,0.0,625,15625,1.0,1.0,0.0,0.0,0.0,25.0,0.0,0.0,0.0,0.0,0.0,0.04,1.0,0.0,0.0,0.0,0.0,0.0,,0.9900990099009901,0.0,0,0,1,0,1,0,0,1,0,1,0,0,0.8596491228070176,0.9298245614035088,0.4473684210526316,0.6578947368421053,0.38596491228070173,0.38596491228070173,0.5350877192982456,0.16666666666666666,0.631578947368421,0.45614035087719296,0.6666666666666666,0.7894736842105263
77,0.0,0.0,0.0,0.0,25,0.5,0.0,0.0,0.0,0.0,0.0,3.258096538021482,0.4054651081081644,0.0,0.0,0.0,0.0,0.0,0.0,0.0,0.0,0.0,625,15625,0.25,0.125,0.0,0.0,0.0,12.5,0.0,0.0,0.0,0.0,0.0,0.04,2.0,0.0,0.0,0.0,0.0,0.0,,0.49504950495049505,0.0,0,0,1,0,1,0,0,1,0,1,0,0,0.8596491228070176,0.9298245614035088,0.4473684210526316,0.6578947368421053,0.38596491228070173,0.38596491228070173,0.5350877192982456,0.16666666666666666,0.631578947368421,0.45614035087719296,0.6666666666666666,0.7894736842105263
78,0.0,0.0,0.0,0.0,25,1.0,0.0,0.0,0.0,0.0,0.0,3.258096538021482,0.6931471805599453,0.0,0.0,0.0,0.0,0.0,0.0,0.0,0.0,0.0,625,15625,1.0,1.0,0.0,0.0,0.0,25.0,0.0,0.0,0.0,0.0,0.0,0.04,1.0,0.0,0.0,0.0,0.0,0.0,,0.9900990099009901,0.0,0,0,1,0,1,0,0,1,0,1,0,0,0.8596491228070176,0.9298245614035088,0.4473684210526316,0.6578947368421053,0.38596491228070173,0.38596491228070173,0.5350877192982456,0.16666666666666666,0.631578947368421,0.45614035087719296,0.6666666666666666,0.7894736842105263
79,0.0,0.0,0.0,0.0,25,0.5,0.1,0.0,0.0,0.0,0.0,3.258096538021482,0.4054651081081644,0.09531017980432487,0.0,0.0,0.0,0.0,0.0,0.0,0.0,0.0,625,15625,0.25,0.125,0.010000000000000002,0.0010000000000000002,0.0,12.5,0.0,0.0,0.0,0.0,0.0,0.04,2.0,10.0,0.0,0.0,0.0,0.0,,0.49504950495049505,0.4,0,0,1,0,1,0,0,1,0,0,1,0,0.8596491228070176,0.9298245614035088,0.4473684210526316,0.6578947368421053,0.38596491228070173,0.38596491228070173,0.5350877192982456,0.16666666666666666,0.631578947368421,0.543859649122807,0.3333333333333333,0.7894736842105263
80,0.0,0.0,0.0,0.0,25,1.0,0.1,0.0,0.0,0.0,0.0,3.258096538021482,0.6931471805599453,0.09531017980432487,0.0,0.0,0.0,0.0,0.0,0.0,0.0,0.0,625,15625,1.0,1.0,0.010000000000000002,0.0010000000000000002,0.0,25.0,0.0,0.0,0.0,0.0,0.0,0.04,1.0,10.0,0.0,0.0,0.0,0.0,,0.9900990099009901,0.4,0,0,1,0,1,0,0,1,0,0,1,0,0.8596491228070176,0.9298245614035088,0.4473684210526316,0.6578947368421053,0.38596491228070173,0.38596491228070173,0.5350877192982456,0.16666666666666666,0.631578947368421,0.543859649122807,0.3333333333333333,0.7894736842105263
81,0.0,0.0,0.0,0.0,25,0.5,0.1,0.0,0.0,0.0,0.0,3.258096538021482,0.4054651081081644,0.09531017980432487,0.0,0.0,0.0,0.0,0.0,0.0,0.0,0.0,625,15625,0.25,0.125,0.010000000000000002,0.0010000000000000002,0.0,12.5,0.0,0.0,0.0,0.0,0.0,0.04,2.0,10.0,0.0,0.0,0.0,0.0,,0.49504950495049505,0.4,0,0,1,0,1,0,0,1,0,0,0,1,0.8596491228070176,0.9298245614035088,0.4473684210526316,0.6578947368421053,0.38596491228070173,0.38596491228070173,0.5350877192982456,0.16666666666666666,0.631578947368421,0.543859649122807,0.6666666666666666,0.21052631578947367
82,0.0,0.0,0.0,0.0,25,1.0,0.1,0.0,0.0,0.0,0.0,3.258096538021482,0.6931471805599453,0.09531017980432487,0.0,0.0,0.0,0.0,0.0,0.0,0.0,0.0,625,15625,1.0,1.0,0.010000000000000002,0.0010000000000000002,0.0,25.0,0.0,0.0,0.0,0.0,0.0,0.04,1.0,10.0,0.0,0.0,0.0,0.0,,0.9900990099009901,0.4,0,0,1,0,1,0,0,1,0,0,0,1,0.8596491228070176,0.9298245614035088,0.4473684210526316,0.6578947368421053,0.38596491228070173,0.38596491228070173,0.5350877192982456,0.16666666666666666,0.631578947368421,0.543859649122807,0.6666666666666666,0.21052631578947367
83,66.0,4.7,0.3,145.0,25,1.0,0.0,4.204692619390966,1.7404661748405046,0.262364264467491,4.983606621708336,3.258096538021482,0.6931471805599453,0.0,4356.0,287496.0,22.090000000000003,103.82300000000001,0.09,0.026999999999999996,21025.0,3048625.0,625,15625,1.0,1.0,0.0,0.0,0.0,25.0,310.2,0.015151515151515152,0.2127659574468085,3.3333333333333335,0.006896551724137931,0.04,1.0,0.0,0.44,0.618421052631579,0.3,0.5576923076923077,,0.9900990099009901,0.0,0,1,0,0,0,1,0,1,0,1,0,0,0.8596491228070176,0.07017543859649122,0.5526315789473685,0.6578947368421053,0.6140350877192983,0.6140350877192983,0.5350877192982456,0.16666666666666666,0.631578947368421,0.45614035087719296,0.6666666666666666,0.7894736842105263
84,150.0,6.6,1.0,163.0,25,1.0,0.0,5.017279836814924,2.028148247292285,0.6931471805599453,5.099866427824199,3.258096538021482,0.6931471805599453,0.0,22500.0,3375000.0,43.559999999999995,287.496,1.0,1.0,26569.0,4330747.0,625,15625,1.0,1.0,0.0,0.0,0.0,25.0,990.0,0.006666666666666667,0.15151515151515152,1.0,0.006134969325153374,0.04,1.0,0.0,1.0,0.868421052631579,1.0,0.6269230769230769,,0.9900990099009901,0.0,1,0,0,0,0,1,0,1,0,1,0,0,0.14035087719298245,0.9298245614035088,0.5526315789473685,0.6578947368421053,0.6140350877192983,0.6140350877192983,0.5350877192982456,0.16666666666666666,0.631578947368421,0.45614035087719296,0.6666666666666666,0.7894736842105263
85,150.0,7.6,1.0,166.0,25,1.0,0.0,5.017279836814924,2.151762203259462,0.6931471805599453,5.117993812416755,3.258096538021482,0.6931471805599453,0.0,22500.0,3375000.0,57.76,438.97599999999994,1.0,1.0,27556.0,4574296.0,625,15625,1.0,1.0,0.0,0.0,0.0,25.0,1140.0,0.006666666666666667,0.13157894736842105,1.0,0.006024096385542169,0.04,1.0,0.0,1.0,1.0,1.0,0.6384615384615384,,0.9900990099009901,0.0,0,0,0,1,0,1,0,1,0,1,0,0,0.8596491228070176,0.9298245614035088,0.5526315789473685,0.34210526315789475,0.6140350877192983,0.6140350877192983,0.5350877192982456,0.16666666666666666,0.631578947368421,0.45614035087719296,0.6666666666666666,0.7894736842105263
86,66.0,4.7,0.3,65.0,25,1.0,0.0,4.204692619390966,1.7404661748405046,0.262364264467491,4.189654742026425,3.258096538021482,0.6931471805599453,0.0,4356.0,287496.0,22.090000000000003,103.82300000000001,0.09,0.026999999999999996,4225.0,274625.0,625,15625,1.0,1.0,0.0,0.0,0.0,25.0,310.2,0.015151515151515152,0.2127659574468085,3.3333333333333335,0.015384615384615385,0.04,1.0,0.0,0.44,0.618421052631579,0.3,0.25,,0.9900990099009901,0.0,0,1,0,0,0,1,0,1,0,1,0,0,0.8596491228070176,0.07017543859649122,0.5526315789473685,0.6578947368421053,0.6140350877192983,0.6140350877192983,0.5350877192982456,0.16666666666666666,0.631578947368421,0.45614035087719296,0.6666666666666666,0.7894736842105263
87,150.0,6.6,1.0,77.0,25,1.0,0.0,5.017279836814924,2.028148247292285,0.6931471805599453,4.356708826689592,3.258096538021482,0.6931471805599453,0.0,22500.0,3375000.0,43.559999999999995,287.496,1.0,1.0,5929.0,456533.0,625,15625,1.0,1.0,0.0,0.0,0.0,25.0,990.0,0.006666666666666667,0.15151515151515152,1.0,0.012987012987012988,0.04,1.0,0.0,1.0,0.868421052631579,1.0,0.29615384615384616,,0.9900990099009901,0.0,1,0,0,0,0,1,0,1,0,1,0,0,0.14035087719298245,0.9298245614035088,0.5526315789473685,0.6578947368421053,0.6140350877192983,0.6140350877192983,0.5350877192982456,0.16666666666666666,0.631578947368421,0.45614035087719296,0.6666666666666666,0.7894736842105263
88,150.0,7.6,1.0,72.0,25,1.0,0.0,5.017279836814924,2.151762203259462,0.6931471805599453,4.290459441148391,3.258096538021482,0.6931471805599453,0.0,22500.0,3375000.0,57.76,438.97599999999994,1.0,1.0,5184.0,373248.0,625,15625,1.0,1.0,0.0,0.0,0.0,25.0,1140.0,0.006666666666666667,0.13157894736842105,1.0,0.013888888888888888,0.04,1.0,0.0,1.0,1.0,1.0,0.27692307692307694,,0.9900990099009901,0.0,0,0,0,1,0,1,0,1,0,1,0,0,0.8596491228070176,0.9298245614035088,0.5526315789473685,0.34210526315789475,0.6140350877192983,0.6140350877192983,0.5350877192982456,0.16666666666666666,0.631578947368421,0.45614035087719296,0.6666666666666666,0.7894736842105263
89,150.0,6.6,1.0,66.0,25,0.47,0.0,5.017279836814924,2.028148247292285,0.6931471805599453,4.204692619390966,3.258096538021482,0.3852624007906449,0.0,22500.0,3375000.0,43.559999999999995,287.496,1.0,1.0,4356.0,287496.0,625,15625,0.22089999999999999,0.10382299999999998,0.0,0.0,0.0,11.75,990.0,0.006666666666666667,0.15151515151515152,1.0,0.015151515151515152,0.04,2.127659574468085,0.0,1.0,0.868421052631579,1.0,0.25384615384615383,,0.4653465346534653,0.0,1,0,0,0,0,1,0,1,0,1,0,0,0.14035087719298245,0.9298245614035088,0.5526315789473685,0.6578947368421053,0.6140350877192983,0.6140350877192983,0.5350877192982456,0.16666666666666666,0.631578947368421,0.45614035087719296,0.6666666666666666,0.7894736842105263
90,66.0,4.7,0.3,67.0,25,0.466,0.0,4.204692619390966,1.7404661748405046,0.262364264467491,4.219507705176107,3.258096538021482,0.3825376034644598,0.0,4356.0,287496.0,22.090000000000003,103.82300000000001,0.09,0.026999999999999996,4489.0,300763.0,625,15625,0.21715600000000002,0.10119469600000001,0.0,0.0,0.0,11.65,310.2,0.015151515151515152,0.2127659574468085,3.3333333333333335,0.014925373134328358,0.04,2.1459227467811157,0.0,0.44,0.618421052631579,0.3,0.25769230769230766,,0.4613861386138614,0.0,0,1,0,0,0,1,0,1,0,1,0,0,0.8596491228070176,0.07017543859649122,0.5526315789473685,0.6578947368421053,0.6140350877192983,0.6140350877192983,0.5350877192982456,0.16666666666666666,0.631578947368421,0.45614035087719296,0.6666666666666666,0.7894736842105263
91,150.0,7.6,1.0,68.0,25,0.447,0.0,5.017279836814924,2.151762203259462,0.6931471805599453,4.23410650459726,3.258096538021482,0.3694924476493468,0.0,22500.0,3375000.0,57.76,438.97599999999994,1.0,1.0,4624.0,314432.0,625,15625,0.19980900000000001,0.08931462300000001,0.0,0.0,0.0,11.175,1140.0,0.006666666666666667,0.13157894736842105,1.0,0.014705882352941176,0.04,2.237136465324385,0.0,1.0,1.0,1.0,0.26153846153846155,,0.4425742574257426,0.0,0,0,0,1,0,1,0,1,0,1,0,0,0.8596491228070176,0.9298245614035088,0.5526315789473685,0.34210526315789475,0.6140350877192983,0.6140350877192983,0.5350877192982456,0.16666666666666666,0.631578947368421,0.45614035087719296,0.6666666666666666,0.7894736842105263
92,150.0,6.6,1.0,152.0,25,0.0,0.0,5.017279836814924,2.028148247292285,0.6931471805599453,5.030437921392435,3.258096538021482,0.0,0.0,22500.0,3375000.0,43.559999999999995,287.496,1.0,1.0,23104.0,3511808.0,625,15625,0.0,0.0,0.0,0.0,0.0,0.0,990.0,0.006666666666666667,0.15151515151515152,1.0,0.006578947368421052,0.04,0.0,0.0,1.0,0.868421052631579,1.0,0.5846153846153846,,0.0,0.0,1,0,0,0,1,0,0,0,1,1,0,0,0.14035087719298245,0.9298245614035088,0.5526315789473685,0.6578947368421053,0.38596491228070173,0.38596491228070173,0.5350877192982456,0.8333333333333334,0.3684210526315789,0.45614035087719296,0.6666666666666666,0.7894736842105263
93,150.0,6.6,1.0,87.0,25,0.0,0.0,5.017279836814924,2.028148247292285,0.6931471805599453,4.477336814478207,3.258096538021482,0.0,0.0,22500.0,3375000.0,43.559999999999995,287.496,1.0,1.0,7569.0,658503.0,625,15625,0.0,0.0,0.0,0.0,0.0,0.0,990.0,0.006666666666666667,0.15151515151515152,1.0,0.011494252873563218,0.04,0.0,0.0,1.0,0.868421052631579,1.0,0.3346153846153846,,0.0,0.0,1,0,0,0,1,0,0,0,1,1,0,0,0.14035087719298245,0.9298245614035088,0.5526315789473685,0.6578947368421053,0.38596491228070173,0.38596491228070173,0.5350877192982456,0.8333333333333334,0.3684210526315789,0.45614035087719296,0.6666666666666666,0.7894736842105263
94,150.0,6.6,1.0,66.0,25,0.0,0.0,5.017279836814924,2.028148247292285,0.6931471805599453,4.204692619390966,3.258096538021482,0.0,0.0,22500.0,3375000.0,43.559999999999995,287.496,1.0,1.0,4356.0,287496.0,625,15625,0.0,0.0,0.0,0.0,0.0,0.0,990.0,0.006666666666666667,0.15151515151515152,1.0,0.015151515151515152,0.04,0.0,0.0,1.0,0.868421052631579,1.0,0.25384615384615383,,0.0,0.0,1,0,0,0,1,0,0,0,1,1,0,0,0.14035087719298245,0.9298245614035088,0.5526315789473685,0.6578947368421053,0.38596491228070173,0.38596491228070173,0.5350877192982456,0.8333333333333334,0.3684210526315789,0.45614035087719296,0.6666666666666666,0.7894736842105263
95,150.0,6.6,1.0,57.0,25,0.0,0.0,5.017279836814924,2.028148247292285,0.6931471805599453,4.060443010546419,3.258096538021482,0.0,0.0,22500.0,3375000.0,43.559999999999995,287.496,1.0,1.0,3249.0,185193.0,625,15625,0.0,0.0,0.0,0.0,0.0,0.0,990.0,0.006666666666666667,0.15151515151515152,1.0,0.017543859649122806,0.04,0.0,0.0,1.0,0.868421052631579,1.0,0.21923076923076923,,0.0,0.0,1,0,0,0,1,0,0,0,1,1,0,0,0.14035087719298245,0.9298245614035088,0.5526315789473685,0.6578947368421053,0.38596491228070173,0.38596491228070173,0.5350877192982456,0.8333333333333334,0.3684210526315789,0.45614035087719296,0.6666666666666666,0.7894736842105263
96,150.0,6.6,1.0,165.0,25,0.0,0.0,5.017279836814924,2.028148247292285,0.6931471805599453,5.111987788356544,3.258096538021482,0.0,0.0,22500.0,3375000.0,43.559999999999995,287.496,1.0,1.0,27225.0,4492125.0,625,15625,0.0,0.0,0.0,0.0,0.0,0.0,990.0,0.006666666666666667,0.15151515151515152,1.0,0.006060606060606061,0.04,0.0,0.0,1.0,0.868421052631579,1.0,0.6346153846153846,,0.0,0.0,1,0,0,0,1,0,0,0,1,1,0,0,0.14035087719298245,0.9298245614035088,0.5526315789473685,0.6578947368421053,0.38596491228070173,0.38596491228070173,0.5350877192982456,0.8333333333333334,0.3684210526315789,0.45614035087719296,0.6666666666666666,0.7894736842105263
97,150.0,7.6,1.0,144.0,25,0.0,0.0,5.017279836814924,2.151762203259462,0.6931471805599453,4.976733742420574,3.258096538021482,0.0,0.0,22500.0,3375000.0,57.76,438.97599999999994,1.0,1.0,20736.0,2985984.0,625,15625,0.0,0.0,0.0,0.0,0.0,0.0,1140.0,0.006666666666666667,0.13157894736842105,1.0,0.006944444444444444,0.04,0.0,0.0,1.0,1.0,1.0,0.5538461538461539,,0.0,0.0,0,0,0,1,1,0,0,0,1,1,0,0,0.8596491228070176,0.9298245614035088,0.5526315789473685,0.34210526315789475,0.38596491228070173,0.38596491228070173,0.5350877192982456,0.8333333333333334,0.3684210526315789,0.45614035087719296,0.6666666666666666,0.7894736842105263
98,150.0,7.6,1.0,94.0,25,0.0,0.0,5.017279836814924,2.151762203259462,0.6931471805599453,4.553876891600541,3.258096538021482,0.0,0.0,22500.0,3375000.0,57.76,438.97599999999994,1.0,1.0,8836.0,830584.0,625,15625,0.0,0.0,0.0,0.0,0.0,0.0,1140.0,0.006666666666666667,0.13157894736842105,1.0,0.010638297872340425,0.04,0.0,0.0,1.0,1.0,1.0,0.36153846153846153,,0.0,0.0,0,0,0,1,1,0,0,0,1,1,0,0,0.8596491228070176,0.9298245614035088,0.5526315789473685,0.34210526315789475,0.38596491228070173,0.38596491228070173,0.5350877192982456,0.8333333333333334,0.3684210526315789,0.45614035087719296,0.6666666666666666,0.7894736842105263
99,150.0,7.6,1.0,66.0,25,0.0,0.0,5.017279836814924,2.151762203259462,0.6931471805599453,4.204692619390966,3.258096538021482,0.0,0.0,22500.0,3375000.0,57.76,438.97599999999994,1.0,1.0,4356.0,287496.0,625,15625,0.0,0.0,0.0,0.0,0.0,0.0,1140.0,0.006666666666666667,0.13157894736842105,1.0,0.015151515151515152,0.04,0.0,0.0,1.0,1.0,1.0,0.25384615384615383,,0.0,0.0,0,0,0,1,1,0,0,0,1,1,0,0,0.8596491228070176,0.9298245614035088,0.5526315789473685,0.34210526315789475,0.38596491228070173,0.38596491228070173,0.5350877192982456,0.8333333333333334,0.3684210526315789,0.45614035087719296,0.6666666666666666,0.7894736842105263
100,150.0,7.6,1.0,45.0,25,0.0,0.0,5.017279836814924,2.151762203259462,0.6931471805599453,3.828641396489095,3.258096538021482,0.0,0.0,22500.0,3375000.0,57.76,438.97599999999994,1.0,1.0,2025.0,91125.0,625,15625,0.0,0.0,0.0,0.0,0.0,0.0,1140.0,0.006666666666666667,0.13157894736842105,1.0,0.022222222222222223,0.04,0.0,0.0,1.0,1.0,1.0,0.17307692307692307,,0.0,0.0,0,0,0,1,1,0,0,0,1,1,0,0,0.8596491228070176,0.9298245614035088,0.5526315789473685,0.34210526315789475,0.38596491228070173,0.38596491228070173,0.5350877192982456,0.8333333333333334,0.3684210526315789,0.45614035087719296,0.6666666666666666,0.7894736842105263
101,150.0,7.6,1.0,165.0,25,0.0,0.0,5.017279836814924,2.151762203259462,0.6931471805599453,5.111987788356544,3.258096538021482,0.0,0.0,22500.0,3375000.0,57.76,438.97599999999994,1.0,1.0,27225.0,4492125.0,625,15625,0.0,0.0,0.0,0.0,0.0,0.0,1140.0,0.006666666666666667,0.13157894736842105,1.0,0.006060606060606061,0.04,0.0,0.0,1.0,1.0,1.0,0.6346153846153846,,0.0,0.0,0,0,0,1,1,0,0,0,1,1,0,0,0.8596491228070176,0.9298245614035088,0.5526315789473685,0.34210526315789475,0.38596491228070173,0.38596491228070173,0.5350877192982456,0.8333333333333334,0.3684210526315789,0.45614035087719296,0.6666666666666666,0.7894736842105263
102,150.0,6.6,1.0,95.85,25,0.0,0.1,5.017279836814924,2.028148247292285,0.6931471805599453,4.573163389853005,3.258096538021482,0.0,0.09531017980432487,22500.0,3375000.0,43.559999999999995,287.496,1.0,1.0,9187.222499999998,880595.2766249998,625,15625,0.0,0.0,0.010000000000000002,0.0010000000000000002,9.584999999999999,0.0,990.0,0.006666666666666667,0.15151515151515152,1.0,0.010432968179447054,0.04,0.0,10.0,1.0,0.868421052631579,1.0,0.3686538461538461,,0.0,0.4,1,0,0,0,1,0,0,0,1,0,1,0,0.14035087719298245,0.9298245614035088,0.5526315789473685,0.6578947368421053,0.38596491228070173,0.38596491228070173,0.5350877192982456,0.8333333333333334,0.3684210526315789,0.543859649122807,0.3333333333333333,0.7894736842105263
103,150.0,6.6,1.0,150.8,25,0.0,0.25,5.017279836814924,2.028148247292285,0.6931471805599453,5.02256386496153,3.258096538021482,0.0,0.22314355131420976,22500.0,3375000.0,43.559999999999995,287.496,1.0,1.0,22740.640000000003,3429288.5120000006,625,15625,0.0,0.0,0.0625,0.015625,37.7,0.0,990.0,0.006666666666666667,0.15151515151515152,1.0,0.00663129973474801,0.04,0.0,4.0,1.0,0.868421052631579,1.0,0.5800000000000001,,0.0,1.0,1,0,0,0,1,0,0,0,1,0,0,1,0.14035087719298245,0.9298245614035088,0.5526315789473685,0.6578947368421053,0.38596491228070173,0.38596491228070173,0.5350877192982456,0.8333333333333334,0.3684210526315789,0.543859649122807,0.6666666666666666,0.21052631578947367
104,150.0,6.6,1.0,44.0,25,0.25,0.15,5.017279836814924,2.028148247292285,0.6931471805599453,3.8066624897703196,3.258096538021482,0.22314355131420976,0.1397619423751587,22500.0,3375000.0,43.559999999999995,287.496,1.0,1.0,1936.0,85184.0,625,15625,0.0625,0.015625,0.0225,0.0033749999999999995,6.6,6.25,990.0,0.006666666666666667,0.15151515151515152,1.0,0.022727272727272728,0.04,4.0,6.666666666666667,1.0,0.868421052631579,1.0,0.16923076923076924,,0.24752475247524752,0.6,1,0,0,0,1,0,1,0,0,0,1,0,0.14035087719298245,0.9298245614035088,0.5526315789473685,0.6578947368421053,0.38596491228070173,0.38596491228070173,0.4649122807017544,0.8333333333333334,0.631578947368421,0.543859649122807,0.3333333333333333,0.7894736842105263
105,150.0,6.6,1.0,71.5,25,0.75,0.2,5.017279836814924,2.028148247292285,0.6931471805599453,4.283586561860629,3.258096538021482,0.5596157879354227,0.18232155679395465,22500.0,3375000.0,43.559999999999995,287.496,1.0,1.0,5112.25,365525.875,625,15625,0.5625,0.421875,0.04000000000000001,0.008000000000000002,14.3,18.75,990.0,0.006666666666666667,0.15151515151515152,1.0,0.013986013986013986,0.04,1.3333333333333333,5.0,1.0,0.868421052631579,1.0,0.275,,0.7425742574257426,0.8,1,0,0,0,1,0,1,0,0,0,0,1,0.14035087719298245,0.9298245614035088,0.5526315789473685,0.6578947368421053,0.38596491228070173,0.38596491228070173,0.4649122807017544,0.8333333333333334,0.631578947368421,0.543859649122807,0.6666666666666666,0.21052631578947367
106,150.0,7.6,1.0,135.0,25,0.0,0.2,5.017279836814924,2.151762203259462,0.6931471805599453,4.912654885736052,3.258096538021482,0.0,0.18232155679395465,22500.0,3375000.0,57.76,438.97599999999994,1.0,1.0,18225.0,2460375.0,625,15625,0.0,0.0,0.04000000000000001,0.008000000000000002,27.0,0.0,1140.0,0.006666666666666667,0.13157894736842105,1.0,0.007407407407407408,0.04,0.0,5.0,1.0,1.0,1.0,0.5192307692307693,,0.0,0.8,0,0,0,1,1,0,0,0,1,0,1,0,0.8596491228070176,0.9298245614035088,0.5526315789473685,0.34210526315789475,0.38596491228070173,0.38596491228070173,0.5350877192982456,0.8333333333333334,0.3684210526315789,0.543859649122807,0.3333333333333333,0.7894736842105263
107,150.0,7.6,1.0,174.0,25,0.0,0.1,5.017279836814924,2.151762203259462,0.6931471805599453,5.1647859739235145,3.258096538021482,0.0,0.09531017980432487,22500.0,3375000.0,57.76,438.97599999999994,1.0,1.0,30276.0,5268024.0,625,15625,0.0,0.0,0.010000000000000002,0.0010000000000000002,17.400000000000002,0.0,1140.0,0.006666666666666667,0.13157894736842105,1.0,0.005747126436781609,0.04,0.0,10.0,1.0,1.0,1.0,0.6692307692307692,,0.0,0.4,0,0,0,1,1,0,0,0,1,0,0,1,0.8596491228070176,0.9298245614035088,0.5526315789473685,0.34210526315789475,0.38596491228070173,0.38596491228070173,0.5350877192982456,0.8333333333333334,0.3684210526315789,0.543859649122807,0.6666666666666666,0.21052631578947367
108,150.0,7.6,1.0,89.0,25,0.5,0.05,5.017279836814924,2.151762203259462,0.6931471805599453,4.499809670330265,3.258096538021482,0.4054651081081644,0.048790164169432,22500.0,3375000.0,57.76,438.97599999999994,1.0,1.0,7921.0,704969.0,625,15625,0.25,0.125,0.0025000000000000005,0.00012500000000000003,4.45,12.5,1140.0,0.006666666666666667,0.13157894736842105,1.0,0.011235955056179775,0.04,2.0,20.0,1.0,1.0,1.0,0.3423076923076923,,0.49504950495049505,0.2,0,0,0,1,1,0,1,0,0,0,1,0,0.8596491228070176,0.9298245614035088,0.5526315789473685,0.34210526315789475,0.38596491228070173,0.38596491228070173,0.4649122807017544,0.8333333333333334,0.631578947368421,0.543859649122807,0.3333333333333333,0.7894736842105263
109,150.0,7.6,1.0,63.0,25,1.0,0.15,5.017279836814924,2.151762203259462,0.6931471805599453,4.1588830833596715,3.258096538021482,0.6931471805599453,0.1397619423751587,22500.0,3375000.0,57.76,438.97599999999994,1.0,1.0,3969.0,250047.0,625,15625,1.0,1.0,0.0225,0.0033749999999999995,9.45,25.0,1140.0,0.006666666666666667,0.13157894736842105,1.0,0.015873015873015872,0.04,1.0,6.666666666666667,1.0,1.0,1.0,0.2423076923076923,,0.9900990099009901,0.6,0,0,0,1,1,0,1,0,0,0,0,1,0.8596491228070176,0.9298245614035088,0.5526315789473685,0.34210526315789475,0.38596491228070173,0.38596491228070173,0.4649122807017544,0.8333333333333334,0.631578947368421,0.543859649122807,0.6666666666666666,0.21052631578947367
110,150.0,7.6,1.0,202.0,25,0.0,0.02,5.017279836814924,2.151762203259462,0.6931471805599453,5.313205979041787,3.258096538021482,0.0,0.019802627296179712,22500.0,3375000.0,57.76,438.97599999999994,1.0,1.0,40804.0,8242408.0,625,15625,0.0,0.0,0.0004,8.000000000000001e-06,4.04,0.0,1140.0,0.006666666666666667,0.13157894736842105,1.0,0.0049504950495049506,0.04,0.0,50.0,1.0,1.0,1.0,0.7769230769230769,,0.0,0.08,0,0,0,1,1,0,0,0,1,0,1,0,0.8596491228070176,0.9298245614035088,0.5526315789473685,0.34210526315789475,0.38596491228070173,0.38596491228070173,0.5350877192982456,0.8333333333333334,0.3684210526315789,0.543859649122807,0.3333333333333333,0.7894736842105263
111,150.0,7.6,1.0,202.0,25,0.0,0.02,5.017279836814924,2.151762203259462,0.6931471805599453,5.313205979041787,3.258096538021482,0.0,0.019802627296179712,22500.0,3375000.0,57.76,438.97599999999994,1.0,1.0,40804.0,8242408.0,625,15625,0.0,0.0,0.0004,8.000000000000001e-06,4.04,0.0,1140.0,0.006666666666666667,0.13157894736842105,1.0,0.0049504950495049506,0.04,0.0,50.0,1.0,1.0,1.0,0.7769230769230769,,0.0,0.08,0,0,0,1,1,0,0,0,1,0,0,1,0.8596491228070176,0.9298245614035088,0.5526315789473685,0.34210526315789475,0.38596491228070173,0.38596491228070173,0.5350877192982456,0.8333333333333334,0.3684210526315789,0.543859649122807,0.6666666666666666,0.21052631578947367
112,150.0,7.6,1.0,211.0,25,0.0,0.02,5.017279836814924,2.151762203259462,0.6931471805599453,5.356586274672012,3.258096538021482,0.0,0.019802627296179712,22500.0,3375000.0,57.76,438.97599999999994,1.0,1.0,44521.0,9393931.0,625,15625,0.0,0.0,0.0004,8.000000000000001e-06,4.22,0.0,1140.0,0.006666666666666667,0.13157894736842105,1.0,0.004739336492890996,0.04,0.0,50.0,1.0,1.0,1.0,0.8115384615384615,,0.0,0.08,0,0,0,1,0,1,0,0,1,0,1,0,0.8596491228070176,0.9298245614035088,0.5526315789473685,0.34210526315789475,0.6140350877192983,0.6140350877192983,0.5350877192982456,0.8333333333333334,0.3684210526315789,0.543859649122807,0.3333333333333333,0.7894736842105263
113,150.0,7.6,1.0,211.0,25,0.0,0.02,5.017279836814924,2.151762203259462,0.6931471805599453,5.356586274672012,3.258096538021482,0.0,0.019802627296179712,22500.0,3375000.0,57.76,438.97599999999994,1.0,1.0,44521.0,9393931.0,625,15625,0.0,0.0,0.0004,8.000000000000001e-06,4.22,0.0,1140.0,0.006666666666666667,0.13157894736842105,1.0,0.004739336492890996,0.04,0.0,50.0,1.0,1.0,1.0,0.8115384615384615,,0.0,0.08,0,0,0,1,0,1,0,0,1,0,0,1,0.8596491228070176,0.9298245614035088,0.5526315789473685,0.34210526315789475,0.6140350877192983,0.6140350877192983,0.5350877192982456,0.8333333333333334,0.3684210526315789,0.543859649122807,0.6666666666666666,0.21052631578947367
