Group,Concept,Concept_idx,Intervention_value,Baseline_log_visc,Predicted_log_visc,Delta_log_visc
adalimumab,self_interaction,0,-1.0,0.8251010058545262,0.8942082054407606,0.06910719958623446
adalimumab,self_interaction,0,-0.5,0.8251010058545262,0.8549070458462485,0.029806039991722377
adalimumab,self_interaction,0,0.0,0.8251010058545262,0.8230095905252863,-0.002091415329239843
adalimumab,self_interaction,0,0.5,0.8251010058545262,0.8131578114451268,-0.011943194409399394
adalimumab,self_interaction,0,1.0,0.8251010058545262,0.804888618192252,-0.02021238766227418
adalimumab,hydrophobicity,1,-1.0,0.8251010058545262,0.8727394486378564,0.04763844278333018
adalimumab,hydrophobicity,1,-0.5,0.8251010058545262,0.8471914896660787,0.02209048381155254
adalimumab,hydrophobicity,1,0.0,0.8251010058545262,0.8279833846299764,0.0028823787754502783
adalimumab,hydrophobicity,1,0.5,0.8251010058545262,0.8205082298526771,-0.0045927760018490416
adalimumab,hydrophobicity,1,1.0,0.8251010058545262,0.816040607545991,-0.009060398308535222
adalimumab,charge_environment,2,-1.0,0.8251010058545262,0.8267461904938878,0.0016451846393615854
adalimumab,charge_environment,2,-0.5,0.8251010058545262,0.8266903128174233,0.0015893069628971634
adalimumab,charge_environment,2,0.0,0.8251010058545262,0.8252198557394903,0.00011884988496413396
adalimumab,charge_environment,2,0.5,0.8251010058545262,0.8289682506421567,0.003867244787630564
adalimumab,charge_environment,2,1.0,0.8251010058545262,0.8383566667259748,0.013255660871448582
adalimumab,ionic_screening,3,-1.0,0.8251010058545262,0.7925083522875833,-0.03259265356694285
adalimumab,ionic_screening,3,-0.5,0.8251010058545262,0.8134449752588435,-0.011656030595682654
adalimumab,ionic_screening,3,0.0,0.8251010058545262,0.8456588511014826,0.020557845246956474
adalimumab,ionic_screening,3,0.5,0.8251010058545262,0.8910548946137427,0.06595388875921648
adalimumab,ionic_screening,3,1.0,0.8251010058545262,0.9409754045469538,0.11587439869242766
adalimumab,crowding,4,-1.0,0.8251010058545262,0.8248155113424648,-0.00028549451206139054
adalimumab,crowding,4,-0.5,0.8251010058545262,0.8220672697408227,-0.0030337361137035
adalimumab,crowding,4,0.0,0.8251010058545262,0.821555540925466,-0.0035454649290601603
adalimumab,crowding,4,0.5,0.8251010058545262,0.8326009146182152,0.0074999087636890005
adalimumab,crowding,4,1.0,0.8251010058545262,0.844437317650661,0.01933631179613482
adalimumab,nonlinear_conc,5,-1.0,0.8251010058545262,0.8041400681867856,-0.020960937667740542
adalimumab,nonlinear_conc,5,-0.5,0.8251010058545262,0.811285733567606,-0.013815272286920144
adalimumab,nonlinear_conc,5,0.0,0.8251010058545262,0.8228765735407468,-0.0022244323137793343
adalimumab,nonlinear_conc,5,0.5,0.8251010058545262,0.8428681960590967,0.017767190204570515
adalimumab,nonlinear_conc,5,1.0,0.8251010058545262,0.8658002055854213,0.040699199730895086
adalimumab,cosolute_interaction,6,-1.0,0.8251010058545262,0.8273466778354207,0.002245671980894537
adalimumab,cosolute_interaction,6,-0.5,0.8251010058545262,0.8217543635384204,-0.003346642316105819
adalimumab,cosolute_interaction,6,0.0,0.8251010058545262,0.8243318751168086,-0.0007691307377175605
adalimumab,cosolute_interaction,6,0.5,0.8251010058545262,0.8355367330111331,0.0104357271566069
adalimumab,cosolute_interaction,6,1.0,0.8251010058545262,0.8540166930580566,0.028915687203530438
adalimumab,cosolute_protection,7,-1.0,0.8251010058545262,0.8267493533812347,0.0016483475267085046
adalimumab,cosolute_protection,7,-0.5,0.8251010058545262,0.8252281143897854,0.00012710853525921273
adalimumab,cosolute_protection,7,0.0,0.8251010058545262,0.8261132835570475,0.0010122777025213248
adalimumab,cosolute_protection,7,0.5,0.8251010058545262,0.8249882181703105,-0.00011278768421563168
adalimumab,cosolute_protection,7,1.0,0.8251010058545262,0.8291999321403275,0.00409892628580133
adalimumab,latent_0,8,-1.0,0.8251010058545262,0.8267808504677323,0.0016798446132061384
adalimumab,latent_0,8,-0.5,0.8251010058545262,0.8191062361071103,-0.005994769747415862
adalimumab,latent_0,8,0.0,0.8251010058545262,0.8155924000515207,-0.009508605803005499
adalimumab,latent_0,8,0.5,0.8251010058545262,0.8105577423298954,-0.014543263524630756
adalimumab,latent_0,8,1.0,0.8251010058545262,0.8094540044682554,-0.01564700138627073
adalimumab,latent_1,9,-1.0,0.8251010058545262,0.7901741853544582,-0.03492682050006801
adalimumab,latent_1,9,-0.5,0.8251010058545262,0.7993343024724071,-0.02576670338211906
adalimumab,latent_1,9,0.0,0.8251010058545262,0.8030415359105709,-0.022059469943955246
adalimumab,latent_1,9,0.5,0.8251010058545262,0.8132416718888142,-0.011859333965711927
adalimumab,latent_1,9,1.0,0.8251010058545262,0.8264084644116092,0.00130745855708303
adalimumab,latent_2,10,-1.0,0.8251010058545262,0.8923846251692278,0.06728361931470161
adalimumab,latent_2,10,-0.5,0.8251010058545262,0.8403495932575471,0.01524858740302093
adalimumab,latent_2,10,0.0,0.8251010058545262,0.8035462800163696,-0.02155472583815654
adalimumab,latent_2,10,0.5,0.8251010058545262,0.7821079440396851,-0.04299306181484108
adalimumab,latent_2,10,1.0,0.8251010058545262,0.7583313996627097,-0.06676960619181649
adalimumab,latent_3,11,-1.0,0.8251010058545262,0.96793440663643,0.14283340078190387
adalimumab,latent_3,11,-0.5,0.8251010058545262,0.907657944594143,0.08255693873961678
adalimumab,latent_3,11,0.0,0.8251010058545262,0.8721780800627474,0.04707707420822127
adalimumab,latent_3,11,0.5,0.8251010058545262,0.8448043882988814,0.01970338244435521
adalimumab,latent_3,11,1.0,0.8251010058545262,0.8228699841921072,-0.0022310216624189527
belatacept,self_interaction,0,-1.0,0.3905845085558425,0.39709197355641546,0.006507465000572976
belatacept,self_interaction,0,-0.5,0.3905845085558425,0.38815838726245055,-0.002426121293391925
belatacept,self_interaction,0,0.0,0.3905845085558425,0.38337470684826264,-0.007209801707579844
belatacept,self_interaction,0,0.5,0.3905845085558425,0.3695798835066209,-0.02100462504922157
belatacept,self_interaction,0,1.0,0.3905845085558425,0.35759627442556485,-0.03298823413027763
belatacept,hydrophobicity,1,-1.0,0.3905845085558425,0.36415297284272397,-0.026431535713118515
belatacept,hydrophobicity,1,-0.5,0.3905845085558425,0.3721667958890684,-0.018417712666774055
belatacept,hydrophobicity,1,0.0,0.3905845085558425,0.37936530784597894,-0.011219200709863542
belatacept,hydrophobicity,1,0.5,0.3905845085558425,0.38732397804420937,-0.0032605305116331085
belatacept,hydrophobicity,1,1.0,0.3905845085558425,0.39744761168474607,0.0068631031289035915
belatacept,charge_environment,2,-1.0,0.3905845085558425,0.41975506627363135,0.02917055771778887
belatacept,charge_environment,2,-0.5,0.3905845085558425,0.4151979276656752,0.024613419109832724
belatacept,charge_environment,2,0.0,0.3905845085558425,0.40390792989580226,0.013323421339959785
belatacept,charge_environment,2,0.5,0.3905845085558425,0.3907470018932967,0.000162493337454217
belatacept,charge_environment,2,1.0,0.3905845085558425,0.3793386649129792,-0.011245843642863296
belatacept,ionic_screening,3,-1.0,0.3905845085558425,0.3959336649057913,0.005349156349948814
belatacept,ionic_screening,3,-0.5,0.3905845085558425,0.39218693930478027,0.0016024307489377887
belatacept,ionic_screening,3,0.0,0.3905845085558425,0.389832180657156,-0.0007523278986864557
belatacept,ionic_screening,3,0.5,0.3905845085558425,0.3874054004289002,-0.003179108126942276
belatacept,ionic_screening,3,1.0,0.3905845085558425,0.38418258295598146,-0.006401925599861025
belatacept,crowding,4,-1.0,0.3905845085558425,0.3842457089159495,-0.006338799639892978
belatacept,crowding,4,-0.5,0.3905845085558425,0.38792456422597194,-0.002659944329870545
belatacept,crowding,4,0.0,0.3905845085558425,0.3917647817019322,0.0011802731460897053
belatacept,crowding,4,0.5,0.3905845085558425,0.3940415663906537,0.0034570578348112058
belatacept,crowding,4,1.0,0.3905845085558425,0.3935136826888821,0.0029291741330396137
belatacept,nonlinear_conc,5,-1.0,0.3905845085558425,0.37270914321110404,-0.017875365344738436
belatacept,nonlinear_conc,5,-0.5,0.3905845085558425,0.38379270217922,-0.006791806376622467
belatacept,nonlinear_conc,5,0.0,0.3905845085558425,0.39486299459207475,0.004278486036232265
belatacept,nonlinear_conc,5,0.5,0.3905845085558425,0.40427741663852396,0.013692908082681476
belatacept,nonlinear_conc,5,1.0,0.3905845085558425,0.41274640992440126,0.02216190136855878
belatacept,cosolute_interaction,6,-1.0,0.3905845085558425,0.3770791443176936,-0.013505364238148854
belatacept,cosolute_interaction,6,-0.5,0.3905845085558425,0.3859531299532127,-0.004631378602629799
belatacept,cosolute_interaction,6,0.0,0.3905845085558425,0.3899862835573424,-0.0005982249985000965
belatacept,cosolute_interaction,6,0.5,0.3905845085558425,0.3932937631780331,0.0027092546221906266
belatacept,cosolute_interaction,6,1.0,0.3905845085558425,0.39767784352621616,0.007093334970373677
belatacept,cosolute_protection,7,-1.0,0.3905845085558425,0.3866179622842121,-0.0039665462716304
belatacept,cosolute_protection,7,-0.5,0.3905845085558425,0.3892206561566516,-0.0013638523991909013
belatacept,cosolute_protection,7,0.0,0.3905845085558425,0.38988471973030964,-0.0006997888255328433
belatacept,cosolute_protection,7,0.5,0.3905845085558425,0.3926123037239663,0.002027795168123847
belatacept,cosolute_protection,7,1.0,0.3905845085558425,0.3963637516915025,0.005779243135660028
belatacept,latent_0,8,-1.0,0.3905845085558425,0.39396271385193227,0.003378205296089787
belatacept,latent_0,8,-0.5,0.3905845085558425,0.3934417270017369,0.002857218445894427
belatacept,latent_0,8,0.0,0.3905845085558425,0.39111336967766225,0.0005288611218197681
belatacept,latent_0,8,0.5,0.3905845085558425,0.39088961736235456,0.0003051088065120777
belatacept,latent_0,8,1.0,0.3905845085558425,0.3871840751903415,-0.003400433365500999
belatacept,latent_1,9,-1.0,0.3905845085558425,0.3447432776672387,-0.04584123088860376
belatacept,latent_1,9,-0.5,0.3905845085558425,0.3548704475915454,-0.03571406096429708
belatacept,latent_1,9,0.0,0.3905845085558425,0.3671010474241117,-0.023483461131730776
belatacept,latent_1,9,0.5,0.3905845085558425,0.3807118851694861,-0.00987262338635636
belatacept,latent_1,9,1.0,0.3905845085558425,0.39429948447865804,0.0037149759228155554
belatacept,latent_2,10,-1.0,0.3905845085558425,0.572277115827872,0.18169260727202952
belatacept,latent_2,10,-0.5,0.3905845085558425,0.5181793665730581,0.1275948580172156
belatacept,latent_2,10,0.0,0.3905845085558425,0.4687253756596306,0.07814086710378815
belatacept,latent_2,10,0.5,0.3905845085558425,0.41921853954289406,0.028634030987051584
belatacept,latent_2,10,1.0,0.3905845085558425,0.3782887949764685,-0.012295713579373979
belatacept,latent_3,11,-1.0,0.3905845085558425,0.39970065275386935,0.009116144198026865
belatacept,latent_3,11,-0.5,0.3905845085558425,0.39411269840921886,0.0035281898533763845
belatacept,latent_3,11,0.0,0.3905845085558425,0.3912348223553391,0.0006503137994965935
belatacept,latent_3,11,0.5,0.3905845085558425,0.3901318752155359,-0.0004526333403065963
belatacept,latent_3,11,1.0,0.3905845085558425,0.393333387127853,0.0027488785720105047
bevacizumab,self_interaction,0,-1.0,0.43512455724194243,0.4524518644958241,0.017327307253881652
bevacizumab,self_interaction,0,-0.5,0.43512455724194243,0.4402488465784387,0.005124289336496279
bevacizumab,self_interaction,0,0.0,0.43512455724194243,0.4328981755791905,-0.0022263816627519084
bevacizumab,self_interaction,0,0.5,0.43512455724194243,0.4268745939048477,-0.008249963337094712
bevacizumab,self_interaction,0,1.0,0.43512455724194243,0.4173513926946053,-0.017773164547337128
bevacizumab,hydrophobicity,1,-1.0,0.43512455724194243,0.47349068826448554,0.038366131022543104
bevacizumab,hydrophobicity,1,-0.5,0.43512455724194243,0.4601738562731653,0.025049299031222882
bevacizumab,hydrophobicity,1,0.0,0.43512455724194243,0.4422548804226801,0.007130323180737641
bevacizumab,hydrophobicity,1,0.5,0.43512455724194243,0.4228254501480191,-0.012299107093923345
bevacizumab,hydrophobicity,1,1.0,0.43512455724194243,0.4095134613279491,-0.025611095913993354
bevacizumab,charge_environment,2,-1.0,0.43512455724194243,0.4424682215671371,0.0073436643251946765
bevacizumab,charge_environment,2,-0.5,0.43512455724194243,0.44121970473363586,0.006095147491693431
bevacizumab,charge_environment,2,0.0,0.43512455724194243,0.43822289642793394,0.0030983391859915055
bevacizumab,charge_environment,2,0.5,0.43512455724194243,0.42977772363738903,-0.005346833604553403
bevacizumab,charge_environment,2,1.0,0.43512455724194243,0.42514419800532754,-0.009980359236614889
bevacizumab,ionic_screening,3,-1.0,0.43512455724194243,0.4357394752569963,0.0006149180150538669
bevacizumab,ionic_screening,3,-0.5,0.43512455724194243,0.43478935707664246,-0.00033520016529997587
bevacizumab,ionic_screening,3,0.0,0.43512455724194243,0.4356664872385642,0.0005419299966217817
bevacizumab,ionic_screening,3,0.5,0.43512455724194243,0.43773031516149935,0.002605757919556917
bevacizumab,ionic_screening,3,1.0,0.43512455724194243,0.4383626894593245,0.0032381322173820615
bevacizumab,crowding,4,-1.0,0.43512455724194243,0.40904876947963187,-0.026075787762310565
bevacizumab,crowding,4,-0.5,0.43512455724194243,0.4200238458046434,-0.01510071143729902
bevacizumab,crowding,4,0.0,0.43512455724194243,0.434755059516973,-0.00036949772496941424
bevacizumab,crowding,4,0.5,0.43512455724194243,0.45257209814400257,0.017447540902060132
bevacizumab,crowding,4,1.0,0.43512455724194243,0.47177850642283015,0.03665394918088771
bevacizumab,nonlinear_conc,5,-1.0,0.43512455724194243,0.42491418580881213,-0.010210371433130305
bevacizumab,nonlinear_conc,5,-0.5,0.43512455724194243,0.4294120532257545,-0.005712504016187947
bevacizumab,nonlinear_conc,5,0.0,0.43512455724194243,0.4364386435855322,0.0013140863435897598
bevacizumab,nonlinear_conc,5,0.5,0.43512455724194243,0.4457929103700251,0.010668353128082675
bevacizumab,nonlinear_conc,5,1.0,0.43512455724194243,0.454534647778346,0.01941009053640358
bevacizumab,cosolute_interaction,6,-1.0,0.43512455724194243,0.43288196029041304,-0.0022425969515293964
bevacizumab,cosolute_interaction,6,-0.5,0.43512455724194243,0.43117998095690147,-0.003944576285040968
bevacizumab,cosolute_interaction,6,0.0,0.43512455724194243,0.4343296292043005,-0.0007949280376419177
bevacizumab,cosolute_interaction,6,0.5,0.43512455724194243,0.43994576399663327,0.004821206754690832
bevacizumab,cosolute_interaction,6,1.0,0.43512455724194243,0.44123079131272214,0.006106234070779704
bevacizumab,cosolute_protection,7,-1.0,0.43512455724194243,0.4434420284558505,0.008317471213908079
bevacizumab,cosolute_protection,7,-0.5,0.43512455724194243,0.4372343348893915,0.0021097776474490737
bevacizumab,cosolute_protection,7,0.0,0.43512455724194243,0.43571692321127703,0.0005923659693345962
bevacizumab,cosolute_protection,7,0.5,0.43512455724194243,0.4345674387967062,-0.0005571184452362599
bevacizumab,cosolute_protection,7,1.0,0.43512455724194243,0.43326358241687946,-0.0018609748250629776
bevacizumab,latent_0,8,-1.0,0.43512455724194243,0.4763107235651187,0.04118616632317629
bevacizumab,latent_0,8,-0.5,0.43512455724194243,0.4637901567001019,0.02866559945815944
bevacizumab,latent_0,8,0.0,0.43512455724194243,0.4500473727393419,0.014922815497399489
bevacizumab,latent_0,8,0.5,0.43512455724194243,0.4378946535165727,0.0027700962746302626
bevacizumab,latent_0,8,1.0,0.43512455724194243,0.422000156195396,-0.013124401046546441
bevacizumab,latent_1,9,-1.0,0.43512455724194243,0.4292255801503757,-0.005898977091566726
bevacizumab,latent_1,9,-0.5,0.43512455724194243,0.44348726433426183,0.008362707092319399
bevacizumab,latent_1,9,0.0,0.43512455724194243,0.46025443851590464,0.025129881273962207
bevacizumab,latent_1,9,0.5,0.43512455724194243,0.47821900716785254,0.043094449925910105
bevacizumab,latent_1,9,1.0,0.43512455724194243,0.49898022854222956,0.06385567130028713
bevacizumab,latent_2,10,-1.0,0.43512455724194243,0.47572929591452595,0.04060473867258352
bevacizumab,latent_2,10,-0.5,0.43512455724194243,0.4460428278905561,0.01091827064861367
bevacizumab,latent_2,10,0.0,0.43512455724194243,0.4359710139859465,0.000846456744004076
bevacizumab,latent_2,10,0.5,0.43512455724194243,0.4322991104387389,-0.002825446803203513
bevacizumab,latent_2,10,1.0,0.43512455724194243,0.4230271171631361,-0.01209744007880631
bevacizumab,latent_3,11,-1.0,0.43512455724194243,0.47219376717410205,0.03706920993215962
bevacizumab,latent_3,11,-0.5,0.43512455724194243,0.4553859367113525,0.02026137946941009
bevacizumab,latent_3,11,0.0,0.43512455724194243,0.43846962909662246,0.003345071854680026
bevacizumab,latent_3,11,0.5,0.43512455724194243,0.4345295335686565,-0.0005950236732859548
bevacizumab,latent_3,11,1.0,0.43512455724194243,0.4388496258504244,0.003725068608481985
bgg,self_interaction,0,-1.0,0.7163345375397091,0.6989200751678201,-0.01741446237188904
bgg,self_interaction,0,-0.5,0.7163345375397091,0.7083938452810172,-0.007940692258691873
bgg,self_interaction,0,0.0,0.7163345375397091,0.7169344538043599,0.0005999162646508349
bgg,self_interaction,0,0.5,0.7163345375397091,0.7196643770167838,0.0033298394770746587
bgg,self_interaction,0,1.0,0.7163345375397091,0.7234229634453462,0.007088425905637075
bgg,hydrophobicity,1,-1.0,0.7163345375397091,0.7547557335523843,0.03842119601267524
bgg,hydrophobicity,1,-0.5,0.7163345375397091,0.7320281256208623,0.015693588081153176
bgg,hydrophobicity,1,0.0,0.7163345375397091,0.7166511557418451,0.0003166182021360209
bgg,hydrophobicity,1,0.5,0.7163345375397091,0.7013852603163975,-0.01494927722331163
bgg,hydrophobicity,1,1.0,0.7163345375397091,0.6870845507151928,-0.029249986824516294
bgg,charge_environment,2,-1.0,0.7163345375397091,0.7236702397352975,0.007335702195588434
bgg,charge_environment,2,-0.5,0.7163345375397091,0.7203244979635057,0.0039899604237966235
bgg,charge_environment,2,0.0,0.7163345375397091,0.7162226503998075,-0.00011188713990162302
bgg,charge_environment,2,0.5,0.7163345375397091,0.7095105641594773,-0.006823973380231774
bgg,charge_environment,2,1.0,0.7163345375397091,0.7026297466649807,-0.013704790874728423
bgg,ionic_screening,3,-1.0,0.7163345375397091,0.6880045336077679,-0.028330003931941183
bgg,ionic_screening,3,-0.5,0.7163345375397091,0.6953925332670599,-0.02094200427264925
bgg,ionic_screening,3,0.0,0.7163345375397091,0.7077149446906722,-0.008619592849036906
bgg,ionic_screening,3,0.5,0.7163345375397091,0.7183775870499338,0.002043049510224715
bgg,ionic_screening,3,1.0,0.7163345375397091,0.7287941611664948,0.012459623626785654
bgg,crowding,4,-1.0,0.7163345375397091,0.6728459786716604,-0.0434885588680487
bgg,crowding,4,-0.5,0.7163345375397091,0.6921771288113607,-0.024157408728348373
bgg,crowding,4,0.0,0.7163345375397091,0.7147840198758041,-0.0015505176639050156
bgg,crowding,4,0.5,0.7163345375397091,0.7299885025719302,0.01365396503222105
bgg,crowding,4,1.0,0.7163345375397091,0.7470928701968363,0.03075833265712724
bgg,nonlinear_conc,5,-1.0,0.7163345375397091,0.7126839505353508,-0.0036505870043582744
bgg,nonlinear_conc,5,-0.5,0.7163345375397091,0.7135011176246515,-0.002833419915057589
bgg,nonlinear_conc,5,0.0,0.7163345375397091,0.7168085093873604,0.00047397184765129996
bgg,nonlinear_conc,5,0.5,0.7163345375397091,0.714890635536794,-0.0014439020029151095
bgg,nonlinear_conc,5,1.0,0.7163345375397091,0.7130094863226459,-0.0033250512170631685
bgg,cosolute_interaction,6,-1.0,0.7163345375397091,0.7155420805078071,-0.0007924570319020052
bgg,cosolute_interaction,6,-0.5,0.7163345375397091,0.7155378193956867,-0.0007967181440223792
bgg,cosolute_interaction,6,0.0,0.7163345375397091,0.7162703133549677,-6.422418474139047e-05
bgg,cosolute_interaction,6,0.5,0.7163345375397091,0.714675032049304,-0.0016595054904050555
bgg,cosolute_interaction,6,1.0,0.7163345375397091,0.7129424067534941,-0.0033921307862150307
bgg,cosolute_protection,7,-1.0,0.7163345375397091,0.7151717810787531,-0.0011627564609559826
bgg,cosolute_protection,7,-0.5,0.7163345375397091,0.7158751281525514,-0.0004594093871577165
bgg,cosolute_protection,7,0.0,0.7163345375397091,0.7162960557436534,-3.848179605570046e-05
bgg,cosolute_protection,7,0.5,0.7163345375397091,0.7137147882365406,-0.0026197493031685504
bgg,cosolute_protection,7,1.0,0.7163345375397091,0.7090387228678862,-0.007295814671822942
bgg,latent_0,8,-1.0,0.7163345375397091,0.7125311435403969,-0.003803393999312177
bgg,latent_0,8,-0.5,0.7163345375397091,0.7087768621529457,-0.0075576753867634405
bgg,latent_0,8,0.0,0.7163345375397091,0.7085280922773027,-0.00780644526240637
bgg,latent_0,8,0.5,0.7163345375397091,0.7149454149884851,-0.0013891225512240313
bgg,latent_0,8,1.0,0.7163345375397091,0.7199768439292769,0.003642306389567751
bgg,latent_1,9,-1.0,0.7163345375397091,0.6360819269661276,-0.08025261057358146
bgg,latent_1,9,-0.5,0.7163345375397091,0.6593821163476937,-0.05695242119201538
bgg,latent_1,9,0.0,0.7163345375397091,0.6816646796720927,-0.03466985786761645
bgg,latent_1,9,0.5,0.7163345375397091,0.7000770549664685,-0.016257482573240556
bgg,latent_1,9,1.0,0.7163345375397091,0.7205283724104171,0.004193834870708013
bgg,latent_2,10,-1.0,0.7163345375397091,0.7787737775570036,0.062439240017294506
bgg,latent_2,10,-0.5,0.7163345375397091,0.7479737343229873,0.0316391967832782
bgg,latent_2,10,0.0,0.7163345375397091,0.7320732406945485,0.015738703154839384
bgg,latent_2,10,0.5,0.7163345375397091,0.7235831944397675,0.007248656900058381
bgg,latent_2,10,1.0,0.7163345375397091,0.7088280613918759,-0.007506476147833174
bgg,latent_3,11,-1.0,0.7163345375397091,0.7276996483929503,0.011365110853241212
bgg,latent_3,11,-0.5,0.7163345375397091,0.7202425264664283,0.003907988926719175
bgg,latent_3,11,0.0,0.7163345375397091,0.7189801170895451,0.002645579549836019
bgg,latent_3,11,0.5,0.7163345375397091,0.7173248287822694,0.0009902912425603372
bgg,latent_3,11,1.0,0.7163345375397091,0.7139775934247861,-0.002356944114923043
bsa,self_interaction,0,-1.0,0.5282260297575786,0.5441252329719087,0.015899203214330138
bsa,self_interaction,0,-0.5,0.5282260297575786,0.5395036340608851,0.011277604303306488
bsa,self_interaction,0,0.0,0.5282260297575786,0.533095174023623,0.004869144266044456
bsa,self_interaction,0,0.5,0.5282260297575786,0.525984349823735,-0.00224167993384361
bsa,self_interaction,0,1.0,0.5282260297575786,0.5218538166289587,-0.006372213128619908
bsa,hydrophobicity,1,-1.0,0.5282260297575786,0.516227980393535,-0.011998049364043584
bsa,hydrophobicity,1,-0.5,0.5282260297575786,0.5219415263504765,-0.006284503407102071
bsa,hydrophobicity,1,0.0,0.5282260297575786,0.5286019520974717,0.00037592233989314217
bsa,hydrophobicity,1,0.5,0.5282260297575786,0.5296265299174537,0.0014005001598751399
bsa,hydrophobicity,1,1.0,0.5282260297575786,0.5302844544146292,0.0020584246570506393
bsa,charge_environment,2,-1.0,0.5282260297575786,0.5274437367959532,-0.0007822929616253527
bsa,charge_environment,2,-0.5,0.5282260297575786,0.5262286444334268,-0.0019973853241518347
bsa,charge_environment,2,0.0,0.5282260297575786,0.5287411465963608,0.000515116838782248
bsa,charge_environment,2,0.5,0.5282260297575786,0.5310780261446761,0.002851996387097544
bsa,charge_environment,2,1.0,0.5282260297575786,0.5311463741634411,0.0029203444058625294
bsa,ionic_screening,3,-1.0,0.5282260297575786,0.5297442376486537,0.0015182078910751517
bsa,ionic_screening,3,-0.5,0.5282260297575786,0.5289599184623217,0.0007338887047431131
bsa,ionic_screening,3,0.0,0.5282260297575786,0.5280065605188867,-0.00021946923869187174
bsa,ionic_screening,3,0.5,0.5282260297575786,0.5289665572310762,0.0007405274734976208
bsa,ionic_screening,3,1.0,0.5282260297575786,0.5289735419406343,0.0007475121830556875
bsa,crowding,4,-1.0,0.5282260297575786,0.5209703222544758,-0.007255707503102782
bsa,crowding,4,-0.5,0.5282260297575786,0.5250711539602587,-0.003154875797319878
bsa,crowding,4,0.0,0.5282260297575786,0.5279657504863117,-0.00026027927126692774
bsa,crowding,4,0.5,0.5282260297575786,0.5335569940141581,0.005330964256579529
bsa,crowding,4,1.0,0.5282260297575786,0.541726523368858,0.013500493611279363
bsa,nonlinear_conc,5,-1.0,0.5282260297575786,0.5341187854058047,0.005892755648226111
bsa,nonlinear_conc,5,-0.5,0.5282260297575786,0.5312320356957567,0.0030060059381781246
bsa,nonlinear_conc,5,0.0,0.5282260297575786,0.5284335722752327,0.00020754251765409126
bsa,nonlinear_conc,5,0.5,0.5282260297575786,0.5263581910276827,-0.001867838729895932
bsa,nonlinear_conc,5,1.0,0.5282260297575786,0.5240250783903397,-0.004200951367238859
bsa,cosolute_interaction,6,-1.0,0.5282260297575786,0.5277559895546156,-0.00047004020296304017
bsa,cosolute_interaction,6,-0.5,0.5282260297575786,0.5276077841214617,-0.0006182456361168986
bsa,cosolute_interaction,6,0.0,0.5282260297575786,0.5282192262551082,-6.803502470398293e-06
bsa,cosolute_interaction,6,0.5,0.5282260297575786,0.5263339422246887,-0.0018920875328899411
bsa,cosolute_interaction,6,1.0,0.5282260297575786,0.5238978380681077,-0.0043281916894708505
bsa,cosolute_protection,7,-1.0,0.5282260297575786,0.5380222221908386,0.00979619243326002
bsa,cosolute_protection,7,-0.5,0.5282260297575786,0.5330392634004155,0.004813233642836923
bsa,cosolute_protection,7,0.0,0.5282260297575786,0.5290063404234882,0.000780310665909556
bsa,cosolute_protection,7,0.5,0.5282260297575786,0.526374120778019,-0.0018519089795595578
bsa,cosolute_protection,7,1.0,0.5282260297575786,0.5232438781623638,-0.004982151595214757
bsa,latent_0,8,-1.0,0.5282260297575786,0.5040375083214034,-0.024188521436175225
bsa,latent_0,8,-0.5,0.5282260297575786,0.5040766380700752,-0.024149391687503408
bsa,latent_0,8,0.0,0.5282260297575786,0.5130282036763596,-0.015197826081219001
bsa,latent_0,8,0.5,0.5282260297575786,0.5224892494827774,-0.005736780274801179
bsa,latent_0,8,1.0,0.5282260297575786,0.5299225124761,0.0016964827185214082
bsa,latent_1,9,-1.0,0.5282260297575786,0.4977484857193592,-0.030477544038219395
bsa,latent_1,9,-0.5,0.5282260297575786,0.5112694845599366,-0.016956545197642003
bsa,latent_1,9,0.0,0.5282260297575786,0.5206166883863563,-0.007609341371222267
bsa,latent_1,9,0.5,0.5282260297575786,0.5267217089187616,-0.0015043208388170193
bsa,latent_1,9,1.0,0.5282260297575786,0.5295355804328548,0.001309550675276161
bsa,latent_2,10,-1.0,0.5282260297575786,0.627438447728272,0.09921241797069336
bsa,latent_2,10,-0.5,0.5282260297575786,0.5959539359043099,0.0677279061467313
bsa,latent_2,10,0.0,0.5282260297575786,0.5693169168449872,0.0410908870874086
bsa,latent_2,10,0.5,0.5282260297575786,0.5445535516157349,0.016327521858156335
bsa,latent_2,10,1.0,0.5282260297575786,0.5265048699284017,-0.001721159829176866
bsa,latent_3,11,-1.0,0.5282260297575786,0.544601346357868,0.016375316600289458
bsa,latent_3,11,-0.5,0.5282260297575786,0.5335065415680738,0.005280511810495159
bsa,latent_3,11,0.0,0.5282260297575786,0.5290815852938293,0.0008555555362507183
bsa,latent_3,11,0.5,0.5282260297575786,0.5283191976562197,9.316789864111108e-05
bsa,latent_3,11,1.0,0.5282260297575786,0.527729094029918,-0.0004969357276606301
etanercept,self_interaction,0,-1.0,0.502184602702862,0.5150900355757693,0.012905432872907241
etanercept,self_interaction,0,-0.5,0.502184602702862,0.5004443680821542,-0.0017402346207078256
etanercept,self_interaction,0,0.0,0.502184602702862,0.48183460198537226,-0.02035000071748977
etanercept,self_interaction,0,0.5,0.502184602702862,0.4642779112686579,-0.03790669143420411
etanercept,self_interaction,0,1.0,0.502184602702862,0.4479547109249844,-0.054229891777877626
etanercept,hydrophobicity,1,-1.0,0.502184602702862,0.4317398834019379,-0.07044471930092411
etanercept,hydrophobicity,1,-0.5,0.502184602702862,0.4472222444213227,-0.054962358281539336
etanercept,hydrophobicity,1,0.0,0.502184602702862,0.4686098149578624,-0.03357478774499961
etanercept,hydrophobicity,1,0.5,0.502184602702862,0.49546754424987083,-0.006717058452991198
etanercept,hydrophobicity,1,1.0,0.502184602702862,0.5103404632774774,0.00815586057461537
etanercept,charge_environment,2,-1.0,0.502184602702862,0.4933198620607625,-0.008864740642099522
etanercept,charge_environment,2,-0.5,0.502184602702862,0.4917401103397834,-0.01044449236307865
etanercept,charge_environment,2,0.0,0.502184602702862,0.4951550347811678,-0.007029567921694235
etanercept,charge_environment,2,0.5,0.502184602702862,0.502267005253163,8.24025503010084e-05
etanercept,charge_environment,2,1.0,0.502184602702862,0.5044834781828981,0.0022988754800360445
etanercept,ionic_screening,3,-1.0,0.502184602702862,0.49023011442445047,-0.011954488278411557
etanercept,ionic_screening,3,-0.5,0.502184602702862,0.4995201103496492,-0.0026644923532128106
etanercept,ionic_screening,3,0.0,0.502184602702862,0.5052358692295089,0.0030512665266468897
etanercept,ionic_screening,3,0.5,0.502184602702862,0.5088148451147446,0.006630242411882592
etanercept,ionic_screening,3,1.0,0.502184602702862,0.5164051350317125,0.014220532328850455
etanercept,crowding,4,-1.0,0.502184602702862,0.5062594929667192,0.0040748902638572115
etanercept,crowding,4,-0.5,0.502184602702862,0.503456638019883,0.0012720353170210252
etanercept,crowding,4,0.0,0.502184602702862,0.49913606114643383,-0.003048541556428197
etanercept,crowding,4,0.5,0.502184602702862,0.4940844015325373,-0.008100201170324728
etanercept,crowding,4,1.0,0.502184602702862,0.4920209964261399,-0.010163606276722137
etanercept,nonlinear_conc,5,-1.0,0.502184602702862,0.49595245441626407,-0.0062321482865979605
etanercept,nonlinear_conc,5,-0.5,0.502184602702862,0.5000762349014656,-0.002108367801396449
etanercept,nonlinear_conc,5,0.0,0.502184602702862,0.5032432831476163,0.001058680444754323
etanercept,nonlinear_conc,5,0.5,0.502184602702862,0.5046543207741911,0.002469718071329119
etanercept,nonlinear_conc,5,1.0,0.502184602702862,0.5049236645181805,0.0027390618153184665
etanercept,cosolute_interaction,6,-1.0,0.502184602702862,0.4584422797820139,-0.04374232292084812
etanercept,cosolute_interaction,6,-0.5,0.502184602702862,0.47765287229722764,-0.02453173040563439
etanercept,cosolute_interaction,6,0.0,0.502184602702862,0.49666447060186636,-0.005520132100995667
etanercept,cosolute_interaction,6,0.5,0.502184602702862,0.5086153635669264,0.006430760864064355
etanercept,cosolute_interaction,6,1.0,0.502184602702862,0.5174158203083126,0.015231217605450542
etanercept,cosolute_protection,7,-1.0,0.502184602702862,0.4895158976709587,-0.012668705031903316
etanercept,cosolute_protection,7,-0.5,0.502184602702862,0.4949624397890685,-0.007222162913793517
etanercept,cosolute_protection,7,0.0,0.502184602702862,0.49972969831094355,-0.0024549043919184776
etanercept,cosolute_protection,7,0.5,0.502184602702862,0.5039569013686066,0.001772298665744576
etanercept,cosolute_protection,7,1.0,0.502184602702862,0.5041749236961598,0.0019903209932977672
etanercept,latent_0,8,-1.0,0.502184602702862,0.5093090819550249,0.007124479252162863
etanercept,latent_0,8,-0.5,0.502184602702862,0.488709003101631,-0.013475599601231014
etanercept,latent_0,8,0.0,0.502184602702862,0.4629794911014589,-0.03920511160140311
etanercept,latent_0,8,0.5,0.502184602702862,0.4360025330369396,-0.06618206966592244
etanercept,latent_0,8,1.0,0.502184602702862,0.41001150626263067,-0.09217309644023136
etanercept,latent_1,9,-1.0,0.502184602702862,0.43533044693131273,-0.0668541557715493
etanercept,latent_1,9,-0.5,0.502184602702862,0.45510353370202794,-0.047081069000834086
etanercept,latent_1,9,0.0,0.502184602702862,0.4736358927984464,-0.028548709904415603
etanercept,latent_1,9,0.5,0.502184602702862,0.492180946000463,-0.010003656702399
etanercept,latent_1,9,1.0,0.502184602702862,0.5034962674608268,0.0013116647579647367
etanercept,latent_2,10,-1.0,0.502184602702862,0.5040216636834869,0.0018370609806248606
etanercept,latent_2,10,-0.5,0.502184602702862,0.4471205433161933,-0.05506405938666875
etanercept,latent_2,10,0.0,0.502184602702862,0.40099879836487495,-0.10118580433798707
etanercept,latent_2,10,0.5,0.502184602702862,0.35976926589096386,-0.14241533681189816
etanercept,latent_2,10,1.0,0.502184602702862,0.3277765066241765,-0.17440809607868552
etanercept,latent_3,11,-1.0,0.502184602702862,0.5083629887684652,0.00617838606560317
etanercept,latent_3,11,-0.5,0.502184602702862,0.4648502126713847,-0.037334390031477316
etanercept,latent_3,11,0.0,0.502184602702862,0.43403014879975144,-0.06815445390311059
etanercept,latent_3,11,0.5,0.502184602702862,0.4039892424580158,-0.09819536024484621
etanercept,latent_3,11,1.0,0.502184602702862,0.3742827126130001,-0.1279018900898619
ibalizumab,self_interaction,0,-1.0,0.5619668498693643,0.566025196749793,0.00405834688042872
ibalizumab,self_interaction,0,-0.5,0.5619668498693643,0.5645568867012918,0.002590036831927489
ibalizumab,self_interaction,0,0.0,0.5619668498693643,0.5562546588472368,-0.0057121910221275
ibalizumab,self_interaction,0,0.5,0.5619668498693643,0.5394919105114303,-0.022474939357933987
ibalizumab,self_interaction,0,1.0,0.5619668498693643,0.5240294932539283,-0.03793735661543596
ibalizumab,hydrophobicity,1,-1.0,0.5619668498693643,0.5797375543932093,0.017770704523844993
ibalizumab,hydrophobicity,1,-0.5,0.5619668498693643,0.5745377840680456,0.012570934198681272
ibalizumab,hydrophobicity,1,0.0,0.5619668498693643,0.5711711046409513,0.00920425477158704
ibalizumab,hydrophobicity,1,0.5,0.5619668498693643,0.5463039516795004,-0.015662898189863883
ibalizumab,hydrophobicity,1,1.0,0.5619668498693643,0.513767586250531,-0.04819926361883331
ibalizumab,charge_environment,2,-1.0,0.5619668498693643,0.5828698232335713,0.02090297336420699
ibalizumab,charge_environment,2,-0.5,0.5619668498693643,0.574581784443587,0.012614934574222691
ibalizumab,charge_environment,2,0.0,0.5619668498693643,0.5684551947766345,0.006488344907270238
ibalizumab,charge_environment,2,0.5,0.5619668498693643,0.5593563915477777,-0.002610458321586573
ibalizumab,charge_environment,2,1.0,0.5619668498693643,0.5517806393812462,-0.010186210488118075
ibalizumab,ionic_screening,3,-1.0,0.5619668498693643,0.5688413470802908,0.006874497210926478
ibalizumab,ionic_screening,3,-0.5,0.5619668498693643,0.5645156977811701,0.0025488479118057628
ibalizumab,ionic_screening,3,0.0,0.5619668498693643,0.5595320635825113,-0.002434786286853008
ibalizumab,ionic_screening,3,0.5,0.5619668498693643,0.5428413258450887,-0.019125524024275586
ibalizumab,ionic_screening,3,1.0,0.5619668498693643,0.5252114192283018,-0.03675543064106246
ibalizumab,crowding,4,-1.0,0.5619668498693643,0.5135852617192334,-0.04838158815013094
ibalizumab,crowding,4,-0.5,0.5619668498693643,0.5359483345289803,-0.02601851534038402
ibalizumab,crowding,4,0.0,0.5619668498693643,0.5617271568214726,-0.0002396930478917314
ibalizumab,crowding,4,0.5,0.5619668498693643,0.5829205172891058,0.020953667419741473
ibalizumab,crowding,4,1.0,0.5619668498693643,0.5988526672466343,0.036885817377270036
ibalizumab,nonlinear_conc,5,-1.0,0.5619668498693643,0.5329974759477922,-0.02896937392157206
ibalizumab,nonlinear_conc,5,-0.5,0.5619668498693643,0.5481649319956873,-0.013801917873677017
ibalizumab,nonlinear_conc,5,0.0,0.5619668498693643,0.561749044441204,-0.00021780542816030035
ibalizumab,nonlinear_conc,5,0.5,0.5619668498693643,0.5704617008575285,0.00849485098816416
ibalizumab,nonlinear_conc,5,1.0,0.5619668498693643,0.5779295469489616,0.0159626970795973
ibalizumab,cosolute_interaction,6,-1.0,0.5619668498693643,0.5405993713550516,-0.021367478514312643
ibalizumab,cosolute_interaction,6,-0.5,0.5619668498693643,0.5538831687451916,-0.008083681124172681
ibalizumab,cosolute_interaction,6,0.0,0.5619668498693643,0.561876158467587,-9.069140177730972e-05
ibalizumab,cosolute_interaction,6,0.5,0.5619668498693643,0.5539372014040369,-0.008029648465327388
ibalizumab,cosolute_interaction,6,1.0,0.5619668498693643,0.53465728345001,-0.027309566419354336
ibalizumab,cosolute_protection,7,-1.0,0.5619668498693643,0.5521545849165473,-0.009812264952816951
ibalizumab,cosolute_protection,7,-0.5,0.5619668498693643,0.5610243314044416,-0.0009425184649226592
ibalizumab,cosolute_protection,7,0.0,0.5619668498693643,0.5623075356674068,0.0003406857980424727
ibalizumab,cosolute_protection,7,0.5,0.5619668498693643,0.555839310237983,-0.00612753963138124
ibalizumab,cosolute_protection,7,1.0,0.5619668498693643,0.5413008953757263,-0.02066595449363795
ibalizumab,latent_0,8,-1.0,0.5619668498693643,0.6493292962405379,0.08736244637117363
ibalizumab,latent_0,8,-0.5,0.5619668498693643,0.6324724904440241,0.0705056405746598
ibalizumab,latent_0,8,0.0,0.5619668498693643,0.6071265718837865,0.0451597220144222
ibalizumab,latent_0,8,0.5,0.5619668498693643,0.5805742369367313,0.018607387067366976
ibalizumab,latent_0,8,1.0,0.5619668498693643,0.557666580544754,-0.004300269324610251
ibalizumab,latent_1,9,-1.0,0.5619668498693643,0.561707449177916,-0.00025940069144825273
ibalizumab,latent_1,9,-0.5,0.5619668498693643,0.5635167964563872,0.001549946587022899
ibalizumab,latent_1,9,0.0,0.5619668498693643,0.5756205513276398,0.013653701458275491
ibalizumab,latent_1,9,0.5,0.5619668498693643,0.5825331514470751,0.020566301577710777
ibalizumab,latent_1,9,1.0,0.5619668498693643,0.5857129404733769,0.02374609060401256
ibalizumab,latent_2,10,-1.0,0.5619668498693643,0.600920624494717,0.038953774625352655
ibalizumab,latent_2,10,-0.5,0.5619668498693643,0.5959787008729474,0.03401185100358306
ibalizumab,latent_2,10,0.0,0.5619668498693643,0.5874365822905413,0.025469732421177005
ibalizumab,latent_2,10,0.5,0.5619668498693643,0.5788699128933287,0.016903063023964382
ibalizumab,latent_2,10,1.0,0.5619668498693643,0.5581801159398627,-0.0037867339295015734
ibalizumab,latent_3,11,-1.0,0.5619668498693643,0.5056746882749487,-0.056292161594415635
ibalizumab,latent_3,11,-0.5,0.5619668498693643,0.5139372098123257,-0.04802964005703858
ibalizumab,latent_3,11,0.0,0.5619668498693643,0.526770596394544,-0.03519625347482025
ibalizumab,latent_3,11,0.5,0.5619668498693643,0.5438235780823086,-0.01814327178705566
ibalizumab,latent_3,11,1.0,0.5619668498693643,0.5629733344362067,0.0010064845668423805
nivolumab,self_interaction,0,-1.0,0.6387767399325497,0.6624232764608645,0.023646536528314832
nivolumab,self_interaction,0,-0.5,0.6387767399325497,0.6448156583158513,0.006038918383301617
nivolumab,self_interaction,0,0.0,0.6387767399325497,0.6366509940968972,-0.002125745835652504
nivolumab,self_interaction,0,0.5,0.6387767399325497,0.6224493333879946,-0.016327406544555112
nivolumab,self_interaction,0,1.0,0.6387767399325497,0.6140348559798627,-0.02474188395268695
nivolumab,hydrophobicity,1,-1.0,0.6387767399325497,0.6547118496058422,0.01593510967329248
nivolumab,hydrophobicity,1,-0.5,0.6387767399325497,0.6433600931658441,0.004583353233294396
nivolumab,hydrophobicity,1,0.0,0.6387767399325497,0.6398774027648245,0.0011006628322748346
nivolumab,hydrophobicity,1,0.5,0.6387767399325497,0.6400992661335221,0.001322526200972396
nivolumab,hydrophobicity,1,1.0,0.6387767399325497,0.6499820920280222,0.011205352095472465
nivolumab,charge_environment,2,-1.0,0.6387767399325497,0.6191550983580696,-0.019621641574480098
nivolumab,charge_environment,2,-0.5,0.6387767399325497,0.6213781139618914,-0.017398625970658332
nivolumab,charge_environment,2,0.0,0.6387767399325497,0.632710124320466,-0.006066615612083659
nivolumab,charge_environment,2,0.5,0.6387767399325497,0.6417867653733981,0.003010025440848385
nivolumab,charge_environment,2,1.0,0.6387767399325497,0.6543669081868033,0.015590168254253634
nivolumab,ionic_screening,3,-1.0,0.6387767399325497,0.6174401874278526,-0.021336552504697126
nivolumab,ionic_screening,3,-0.5,0.6387767399325497,0.6298490511056174,-0.00892768882693229
nivolumab,ionic_screening,3,0.0,0.6387767399325497,0.6420523929993108,0.0032756530667611417
nivolumab,ionic_screening,3,0.5,0.6387767399325497,0.6539812226286758,0.015204482696126065
nivolumab,ionic_screening,3,1.0,0.6387767399325497,0.6662180603779542,0.027441320445404482
nivolumab,crowding,4,-1.0,0.6387767399325497,0.6260069556652949,-0.012769784267254836
nivolumab,crowding,4,-0.5,0.6387767399325497,0.6265908598127513,-0.012185880119798376
nivolumab,crowding,4,0.0,0.6387767399325497,0.6360490570986634,-0.002727682833886247
nivolumab,crowding,4,0.5,0.6387767399325497,0.6436740536640287,0.004897313731479058
nivolumab,crowding,4,1.0,0.6387767399325497,0.6555372533809426,0.01676051344839291
nivolumab,nonlinear_conc,5,-1.0,0.6387767399325497,0.6336312493668053,-0.005145490565744426
nivolumab,nonlinear_conc,5,-0.5,0.6387767399325497,0.6354836470563889,-0.0032930928761607525
nivolumab,nonlinear_conc,5,0.0,0.6387767399325497,0.6381768895613852,-0.0005998503711645009
nivolumab,nonlinear_conc,5,0.5,0.6387767399325497,0.6385608948356096,-0.00021584509694005938
nivolumab,nonlinear_conc,5,1.0,0.6387767399325497,0.6406604809571628,0.0018837410246130837
nivolumab,cosolute_interaction,6,-1.0,0.6387767399325497,0.6739371089129031,0.03516036898035346
nivolumab,cosolute_interaction,6,-0.5,0.6387767399325497,0.6574528429239807,0.018676102991430965
nivolumab,cosolute_interaction,6,0.0,0.6387767399325497,0.6435786398957264,0.004801899963176703
nivolumab,cosolute_interaction,6,0.5,0.6387767399325497,0.6321979891619433,-0.006578750770606434
nivolumab,cosolute_interaction,6,1.0,0.6387767399325497,0.6260792298376243,-0.012697510094925368
nivolumab,cosolute_protection,7,-1.0,0.6387767399325497,0.6478674931738184,0.009090753241268734
nivolumab,cosolute_protection,7,-0.5,0.6387767399325497,0.640258772299593,0.0014820323670433622
nivolumab,cosolute_protection,7,0.0,0.6387767399325497,0.6389986142834951,0.00022187435094545016
nivolumab,cosolute_protection,7,0.5,0.6387767399325497,0.637525038247206,-0.0012517016853437202
nivolumab,cosolute_protection,7,1.0,0.6387767399325497,0.634116631769851,-0.004660108162698684
nivolumab,latent_0,8,-1.0,0.6387767399325497,0.6403023059296058,0.0015255659970561108
nivolumab,latent_0,8,-0.5,0.6387767399325497,0.6349887650090543,-0.003787974923495363
nivolumab,latent_0,8,0.0,0.6387767399325497,0.6322806086116369,-0.006496131320912757
nivolumab,latent_0,8,0.5,0.6387767399325497,0.6344862393172978,-0.004290500615251935
nivolumab,latent_0,8,1.0,0.6387767399325497,0.6376118199687905,-0.0011649199637592256
nivolumab,latent_1,9,-1.0,0.6387767399325497,0.582124556920177,-0.05665218301237274
nivolumab,latent_1,9,-0.5,0.6387767399325497,0.5913799065993408,-0.047396833333208876
nivolumab,latent_1,9,0.0,0.6387767399325497,0.6046417394940151,-0.03413500043853457
nivolumab,latent_1,9,0.5,0.6387767399325497,0.6199232846224821,-0.018853455310067546
nivolumab,latent_1,9,1.0,0.6387767399325497,0.6401756806132468,0.001398940680697125
nivolumab,latent_2,10,-1.0,0.6387767399325497,0.9409455767621115,0.30216883682956186
nivolumab,latent_2,10,-0.5,0.6387767399325497,0.8459511985361294,0.20717445860357975
nivolumab,latent_2,10,0.0,0.6387767399325497,0.7567726672775006,0.1179959273449509
nivolumab,latent_2,10,0.5,0.6387767399325497,0.6765424714715417,0.03776573153899199
nivolumab,latent_2,10,1.0,0.6387767399325497,0.6351838097287885,-0.003592930203761169
nivolumab,latent_3,11,-1.0,0.6387767399325497,0.823914879170395,0.18513813923784528
nivolumab,latent_3,11,-0.5,0.6387767399325497,0.7518772205281361,0.11310048059558642
nivolumab,latent_3,11,0.0,0.6387767399325497,0.6929151797879946,0.054138439855444864
nivolumab,latent_3,11,0.5,0.6387767399325497,0.6574377752800913,0.0186610353475416
nivolumab,latent_3,11,1.0,0.6387767399325497,0.6378105217770196,-0.0009662181555301075
pembrolizumab,self_interaction,0,-1.0,0.7564083861202042,0.7551290201528216,-0.0012793659673826507
pembrolizumab,self_interaction,0,-0.5,0.7564083861202042,0.7573191439246837,0.0009107578044794673
pembrolizumab,self_interaction,0,0.0,0.7564083861202042,0.7580198772235216,0.001611491103317375
pembrolizumab,self_interaction,0,0.5,0.7564083861202042,0.7608964354076735,0.004488049287469265
pembrolizumab,self_interaction,0,1.0,0.7564083861202042,0.7574284831831113,0.001020097062907066
pembrolizumab,hydrophobicity,1,-1.0,0.7564083861202042,0.7962894303595025,0.03988104423929828
pembrolizumab,hydrophobicity,1,-0.5,0.7564083861202042,0.7782188445790663,0.021810458458862092
pembrolizumab,hydrophobicity,1,0.0,0.7564083861202042,0.7615685489689197,0.005160162848715455
pembrolizumab,hydrophobicity,1,0.5,0.7564083861202042,0.7506868766608754,-0.005721509459328811
pembrolizumab,hydrophobicity,1,1.0,0.7564083861202042,0.7433611243817329,-0.013047261738471372
pembrolizumab,charge_environment,2,-1.0,0.7564083861202042,0.7785617103532837,0.022153324233079474
pembrolizumab,charge_environment,2,-0.5,0.7564083861202042,0.7726976732828789,0.016289287162674637
pembrolizumab,charge_environment,2,0.0,0.7564083861202042,0.7687723763337329,0.01236399021352863
pembrolizumab,charge_environment,2,0.5,0.7564083861202042,0.75319179558175,-0.003216590538454245
pembrolizumab,charge_environment,2,1.0,0.7564083861202042,0.7465727509442119,-0.009835635175992286
pembrolizumab,ionic_screening,3,-1.0,0.7564083861202042,0.744620370871269,-0.011788015248935246
pembrolizumab,ionic_screening,3,-0.5,0.7564083861202042,0.7532999487574223,-0.0031084373627818795
pembrolizumab,ionic_screening,3,0.0,0.7564083861202042,0.7651563614452372,0.00874797532503302
pembrolizumab,ionic_screening,3,0.5,0.7564083861202042,0.781203577903386,0.02479519178318179
pembrolizumab,ionic_screening,3,1.0,0.7564083861202042,0.8015250192856467,0.045116633165442455
pembrolizumab,crowding,4,-1.0,0.7564083861202042,0.7784833190689671,0.022074932948762838
pembrolizumab,crowding,4,-0.5,0.7564083861202042,0.7591523885742214,0.0027440024540171803
pembrolizumab,crowding,4,0.0,0.7564083861202042,0.7563723423831452,-3.604373705901054e-05
pembrolizumab,crowding,4,0.5,0.7564083861202042,0.7616152674507748,0.0052068813305705675
pembrolizumab,crowding,4,1.0,0.7564083861202042,0.7658035013751392,0.009395115254934971
pembrolizumab,nonlinear_conc,5,-1.0,0.7564083861202042,0.7489396669400763,-0.007468719180127925
pembrolizumab,nonlinear_conc,5,-0.5,0.7564083861202042,0.7507090168723047,-0.005699369247899488
pembrolizumab,nonlinear_conc,5,0.0,0.7564083861202042,0.7574129103558263,0.0010045242356220285
pembrolizumab,nonlinear_conc,5,0.5,0.7564083861202042,0.7630478797030207,0.006639493582816458
pembrolizumab,nonlinear_conc,5,1.0,0.7564083861202042,0.769764358842444,0.013355972722239762
pembrolizumab,cosolute_interaction,6,-1.0,0.7564083861202042,0.7449588657108888,-0.011449520409315461
pembrolizumab,cosolute_interaction,6,-0.5,0.7564083861202042,0.7501735224728543,-0.006234863647349931
pembrolizumab,cosolute_interaction,6,0.0,0.7564083861202042,0.7555515291875972,-0.0008568569326070641
pembrolizumab,cosolute_interaction,6,0.5,0.7564083861202042,0.767458042889569,0.011049656769364757
pembrolizumab,cosolute_interaction,6,1.0,0.7564083861202042,0.7842785413750784,0.02787015525487413
pembrolizumab,cosolute_protection,7,-1.0,0.7564083861202042,0.7541389485552159,-0.002269437564988319
pembrolizumab,cosolute_protection,7,-0.5,0.7564083861202042,0.7537619060260541,-0.0026464800941501387
pembrolizumab,cosolute_protection,7,0.0,0.7564083861202042,0.7561297664952236,-0.0002786196249806583
pembrolizumab,cosolute_protection,7,0.5,0.7564083861202042,0.7610036001810498,0.0045952140608456205
pembrolizumab,cosolute_protection,7,1.0,0.7564083861202042,0.7634183768125338,0.0070099906923295485
pembrolizumab,latent_0,8,-1.0,0.7564083861202042,0.7474587547623017,-0.008949631357902499
pembrolizumab,latent_0,8,-0.5,0.7564083861202042,0.7587399612428645,0.0023315751226602455
pembrolizumab,latent_0,8,0.0,0.7564083861202042,0.7690523357929369,0.012643949672732635
pembrolizumab,latent_0,8,0.5,0.7564083861202042,0.7702488516834234,0.013840465563219162
pembrolizumab,latent_0,8,1.0,0.7564083861202042,0.7733342922194527,0.01692590609924849
pembrolizumab,latent_1,9,-1.0,0.7564083861202042,0.7498367628283762,-0.006571623291828033
pembrolizumab,latent_1,9,-0.5,0.7564083861202042,0.7688682952854309,0.012459909165226657
pembrolizumab,latent_1,9,0.0,0.7564083861202042,0.788908569161237,0.03250018304103275
pembrolizumab,latent_1,9,0.5,0.7564083861202042,0.8152229352732945,0.058814549153090256
pembrolizumab,latent_1,9,1.0,0.7564083861202042,0.8523804260038541,0.09597203988364988
pembrolizumab,latent_2,10,-1.0,0.7564083861202042,0.7602845704574892,0.0038761843372849825
pembrolizumab,latent_2,10,-0.5,0.7564083861202042,0.7297055559413428,-0.026702830178861436
pembrolizumab,latent_2,10,0.0,0.7564083861202042,0.6939319821765818,-0.062476403943622416
pembrolizumab,latent_2,10,0.5,0.7564083861202042,0.6544068506218075,-0.10200153549839674
pembrolizumab,latent_2,10,1.0,0.7564083861202042,0.6224879140242798,-0.1339204720959244
pembrolizumab,latent_3,11,-1.0,0.7564083861202042,0.7615611469339477,0.0051527608137434955
pembrolizumab,latent_3,11,-0.5,0.7564083861202042,0.754168293121158,-0.0022400929990462615
pembrolizumab,latent_3,11,0.0,0.7564083861202042,0.745398529016623,-0.011009857103581266
pembrolizumab,latent_3,11,0.5,0.7564083861202042,0.733751679580045,-0.022656706540159277
pembrolizumab,latent_3,11,1.0,0.7564083861202042,0.7223987150927962,-0.03400967102740804
poly-higg,self_interaction,0,-1.0,0.8328700675456502,0.8478508638199549,0.014980796274304709
poly-higg,self_interaction,0,-0.5,0.8328700675456502,0.8368490676862095,0.003979000140559297
poly-higg,self_interaction,0,0.0,0.8328700675456502,0.8328500359257855,-2.003161986463553e-05
poly-higg,self_interaction,0,0.5,0.8328700675456502,0.834615520106812,0.0017454525611617644
poly-higg,self_interaction,0,1.0,0.8328700675456502,0.8313803036762029,-0.0014897638694473248
poly-higg,hydrophobicity,1,-1.0,0.8328700675456502,0.8448617595610375,0.0119916920153873
poly-higg,hydrophobicity,1,-0.5,0.8328700675456502,0.8366118291706859,0.0037417616250357
poly-higg,hydrophobicity,1,0.0,0.8328700675456502,0.8329272191628515,5.715161720132311e-05
poly-higg,hydrophobicity,1,0.5,0.8328700675456502,0.8362882921524782,0.0034182246068280575
poly-higg,hydrophobicity,1,1.0,0.8328700675456502,0.8460971306440026,0.01322706309835242
poly-higg,charge_environment,2,-1.0,0.8328700675456502,0.8736046301142448,0.040734562568594646
poly-higg,charge_environment,2,-0.5,0.8328700675456502,0.8502374160747656,0.017367348529115367
poly-higg,charge_environment,2,0.0,0.8328700675456502,0.8311031556724184,-0.0017669118732317468
poly-higg,charge_environment,2,0.5,0.8328700675456502,0.8170452196395948,-0.015824847906055428
poly-higg,charge_environment,2,1.0,0.8328700675456502,0.8158547439853613,-0.017015323560288897
poly-higg,ionic_screening,3,-1.0,0.8328700675456502,0.8355491868800621,0.0026791193344118946
poly-higg,ionic_screening,3,-0.5,0.8328700675456502,0.8312218518059143,-0.0016482157397358366
poly-higg,ionic_screening,3,0.0,0.8328700675456502,0.8340566774486817,0.0011866099030315436
poly-higg,ionic_screening,3,0.5,0.8328700675456502,0.8399441726002437,0.007074105054593494
poly-higg,ionic_screening,3,1.0,0.8328700675456502,0.847441972772368,0.014571905226717807
poly-higg,crowding,4,-1.0,0.8328700675456502,0.8350989147230181,0.002228847177367932
poly-higg,crowding,4,-0.5,0.8328700675456502,0.8328431610387048,-2.690650694536778e-05
poly-higg,crowding,4,0.0,0.8328700675456502,0.8310660356750816,-0.0018040318705685454
poly-higg,crowding,4,0.5,0.8328700675456502,0.838406877562609,0.005536810016958826
poly-higg,crowding,4,1.0,0.8328700675456502,0.8518540029410309,0.01898393539538068
poly-higg,nonlinear_conc,5,-1.0,0.8328700675456502,0.8751383669036141,0.042268299357963945
poly-higg,nonlinear_conc,5,-0.5,0.8328700675456502,0.8549671407058423,0.02209707316019216
poly-higg,nonlinear_conc,5,0.0,0.8328700675456502,0.8355169869297095,0.0026469193840593652
poly-higg,nonlinear_conc,5,0.5,0.8328700675456502,0.8259432124686577,-0.006926855076992533
poly-higg,nonlinear_conc,5,1.0,0.8328700675456502,0.8213021585057754,-0.011567909039874813
poly-higg,cosolute_interaction,6,-1.0,0.8328700675456502,0.8439937446647339,0.011123677119083686
poly-higg,cosolute_interaction,6,-0.5,0.8328700675456502,0.8374834901732369,0.004613422627586683
poly-higg,cosolute_interaction,6,0.0,0.8328700675456502,0.8329734324613111,0.00010336491566087513
poly-higg,cosolute_interaction,6,0.5,0.8328700675456502,0.8310371743280399,-0.0018328932176102652
poly-higg,cosolute_interaction,6,1.0,0.8328700675456502,0.8316703448388256,-0.0011997227068245575
poly-higg,cosolute_protection,7,-1.0,0.8328700675456502,0.8303279407694569,-0.0025421267761932542
poly-higg,cosolute_protection,7,-0.5,0.8328700675456502,0.828097204645479,-0.004772862900171204
poly-higg,cosolute_protection,7,0.0,0.8328700675456502,0.831352189122007,-0.0015178784236431486
poly-higg,cosolute_protection,7,0.5,0.8328700675456502,0.8412753967414205,0.008405329195770306
poly-higg,cosolute_protection,7,1.0,0.8328700675456502,0.8576725515413266,0.024802483995676416
poly-higg,latent_0,8,-1.0,0.8328700675456502,0.8326299956102116,-0.00024007193543862382
poly-higg,latent_0,8,-0.5,0.8328700675456502,0.8297736227973925,-0.003096444748257654
poly-higg,latent_0,8,0.0,0.8328700675456502,0.8354942317124072,0.002624164166757037
poly-higg,latent_0,8,0.5,0.8328700675456502,0.8414209993818618,0.008550931836211584
poly-higg,latent_0,8,1.0,0.8328700675456502,0.8516175771118396,0.018747509566189424
poly-higg,latent_1,9,-1.0,0.8328700675456502,0.823418942827278,-0.009451124718372172
poly-higg,latent_1,9,-0.5,0.8328700675456502,0.8198422224211703,-0.013027845124479853
poly-higg,latent_1,9,0.0,0.8328700675456502,0.8240965255478951,-0.008773541997755041
poly-higg,latent_1,9,0.5,0.8328700675456502,0.8249492751198501,-0.007920792425800127
poly-higg,latent_1,9,1.0,0.8328700675456502,0.8339053640394194,0.001035296493769211
poly-higg,latent_2,10,-1.0,0.8328700675456502,0.9996502595088831,0.1667801919632329
poly-higg,latent_2,10,-0.5,0.8328700675456502,0.9502724044006441,0.1174023368549939
poly-higg,latent_2,10,0.0,0.8328700675456502,0.8962509474480489,0.06338087990239871
poly-higg,latent_2,10,0.5,0.8328700675456502,0.858622559899203,0.025752492353552814
poly-higg,latent_2,10,1.0,0.8328700675456502,0.8268509172082674,-0.0060191503373827615
poly-higg,latent_3,11,-1.0,0.8328700675456502,0.9633821331642195,0.13051206561856932
poly-higg,latent_3,11,-0.5,0.8328700675456502,0.915190887959012,0.08232082041336186
poly-higg,latent_3,11,0.0,0.8328700675456502,0.8814446371257225,0.048574569580072335
poly-higg,latent_3,11,0.5,0.8328700675456502,0.8512385797425813,0.01836851219693114
poly-higg,latent_3,11,1.0,0.8328700675456502,0.8319764640121292,-0.0008936035335209702
trastuzumab,self_interaction,0,-1.0,0.5223658309827564,0.5397700633908823,0.01740423240812594
trastuzumab,self_interaction,0,-0.5,0.5223658309827564,0.5286605149335067,0.0062946839507503904
trastuzumab,self_interaction,0,0.0,0.5223658309827564,0.5212116681306513,-0.0011541628521050118
trastuzumab,self_interaction,0,0.5,0.5223658309827564,0.5190794990528561,-0.0032863319299002436
trastuzumab,self_interaction,0,1.0,0.5223658309827564,0.5170663047830929,-0.005299526199663451
trastuzumab,hydrophobicity,1,-1.0,0.5223658309827564,0.5299323800256879,0.007566549042931525
trastuzumab,hydrophobicity,1,-0.5,0.5223658309827564,0.5267311371784402,0.004365306195683871
trastuzumab,hydrophobicity,1,0.0,0.5223658309827564,0.5235138382850072,0.001148007302250842
trastuzumab,hydrophobicity,1,0.5,0.5223658309827564,0.5227429558787762,0.00037712489601982035
trastuzumab,hydrophobicity,1,1.0,0.5223658309827564,0.5231525333168464,0.0007867023340900614
trastuzumab,charge_environment,2,-1.0,0.5223658309827564,0.5167009089276517,-0.005664922055104604
trastuzumab,charge_environment,2,-0.5,0.5223658309827564,0.5197210243086046,-0.0026448066741517895
trastuzumab,charge_environment,2,0.0,0.5223658309827564,0.5220194399070167,-0.00034639107573963823
trastuzumab,charge_environment,2,0.5,0.5223658309827564,0.5218524603213637,-0.0005133706613926758
trastuzumab,charge_environment,2,1.0,0.5223658309827564,0.5203217477684638,-0.0020440832142925025
trastuzumab,ionic_screening,3,-1.0,0.5223658309827564,0.5237605160424571,0.001394685059700751
trastuzumab,ionic_screening,3,-0.5,0.5223658309827564,0.522389931525406,2.4100542649674317e-05
trastuzumab,ionic_screening,3,0.0,0.5223658309827564,0.5231151772011834,0.0007493462184270383
trastuzumab,ionic_screening,3,0.5,0.5223658309827564,0.5262722549391736,0.003906423956417271
trastuzumab,ionic_screening,3,1.0,0.5223658309827564,0.5287101492021351,0.006344318219378753
trastuzumab,crowding,4,-1.0,0.5223658309827564,0.5205304489132537,-0.0018353820695026224
trastuzumab,crowding,4,-0.5,0.5223658309827564,0.5206581189159283,-0.001707712066828071
trastuzumab,crowding,4,0.0,0.5223658309827564,0.5219559570239974,-0.00040987395875891064
trastuzumab,crowding,4,0.5,0.5223658309827564,0.5282169144919604,0.005851083509204047
trastuzumab,crowding,4,1.0,0.5223658309827564,0.533885989209489,0.01152015822673269
trastuzumab,nonlinear_conc,5,-1.0,0.5223658309827564,0.5137367865367645,-0.008629044445991885
trastuzumab,nonlinear_conc,5,-0.5,0.5223658309827564,0.5164791059613166,-0.00588672502143972
trastuzumab,nonlinear_conc,5,0.0,0.5223658309827564,0.5228208584530687,0.00045502747031234136
trastuzumab,nonlinear_conc,5,0.5,0.5223658309827564,0.527584551176383,0.00521872019362668
trastuzumab,nonlinear_conc,5,1.0,0.5223658309827564,0.5338409015914221,0.011475070608665705
trastuzumab,cosolute_interaction,6,-1.0,0.5223658309827564,0.5292173533314258,0.006851522348669481
trastuzumab,cosolute_interaction,6,-0.5,0.5223658309827564,0.5254081826698062,0.0030423516870498046
trastuzumab,cosolute_interaction,6,0.0,0.5223658309827564,0.5226279223248992,0.0002620913421428339
trastuzumab,cosolute_interaction,6,0.5,0.5223658309827564,0.521046055834841,-0.0013197751479153697
trastuzumab,cosolute_interaction,6,1.0,0.5223658309827564,0.5203092774261633,-0.002056553556593066
trastuzumab,cosolute_protection,7,-1.0,0.5223658309827564,0.5291554738565755,0.006789642873819113
trastuzumab,cosolute_protection,7,-0.5,0.5223658309827564,0.5244700186661095,0.002104187683353187
trastuzumab,cosolute_protection,7,0.0,0.5223658309827564,0.5223518615636403,-1.396941911602223e-05
trastuzumab,cosolute_protection,7,0.5,0.5223658309827564,0.5235908018771185,0.0012249708943621318
trastuzumab,cosolute_protection,7,1.0,0.5223658309827564,0.525847406685631,0.003481575702874662
trastuzumab,latent_0,8,-1.0,0.5223658309827564,0.523650331150954,0.0012845001681976997
trastuzumab,latent_0,8,-0.5,0.5223658309827564,0.5226763375640292,0.00031050658127285136
trastuzumab,latent_0,8,0.0,0.5223658309827564,0.5211664157788685,-0.001199415203887888
trastuzumab,latent_0,8,0.5,0.5223658309827564,0.520644687626951,-0.0017211433558053102
trastuzumab,latent_0,8,1.0,0.5223658309827564,0.5250005655629563,0.0026347345801999156
trastuzumab,latent_1,9,-1.0,0.5223658309827564,0.5148495655338504,-0.007516265448905934
trastuzumab,latent_1,9,-0.5,0.5223658309827564,0.5260476185529235,0.0036817875701671277
trastuzumab,latent_1,9,0.0,0.5223658309827564,0.534600939028017,0.012235108045260623
trastuzumab,latent_1,9,0.5,0.5223658309827564,0.5447389374485881,0.022373106465831794
trastuzumab,latent_1,9,1.0,0.5223658309827564,0.5579580384173344,0.03559220743457803
trastuzumab,latent_2,10,-1.0,0.5223658309827564,0.6031046750835829,0.08073884410082655
trastuzumab,latent_2,10,-0.5,0.5223658309827564,0.570236174909212,0.047870343926455616
trastuzumab,latent_2,10,0.0,0.5223658309827564,0.5499948929531528,0.027629061970396496
trastuzumab,latent_2,10,0.5,0.5223658309827564,0.5317855025436219,0.009419671560865539
trastuzumab,latent_2,10,1.0,0.5223658309827564,0.5203042503022636,-0.0020615806804927805
trastuzumab,latent_3,11,-1.0,0.5223658309827564,0.5635924915988854,0.04122666061612901
trastuzumab,latent_3,11,-0.5,0.5223658309827564,0.55176831729929,0.029402486316533638
trastuzumab,latent_3,11,0.0,0.5223658309827564,0.5406616736464398,0.018295842663683448
trastuzumab,latent_3,11,0.5,0.5223658309827564,0.5291430035142749,0.006777172531518549
trastuzumab,latent_3,11,1.0,0.5223658309827564,0.5216808736827867,-0.0006849572999696463
vudalimab,self_interaction,0,-1.0,0.667859038816434,0.6660537220228809,-0.0018053167935531134
vudalimab,self_interaction,0,-0.5,0.667859038816434,0.6684166844095616,0.0005576455931275426
vudalimab,self_interaction,0,0.0,0.667859038816434,0.6722812934577362,0.004422254641302192
vudalimab,self_interaction,0,0.5,0.667859038816434,0.677989690113272,0.01013065129683799
vudalimab,self_interaction,0,1.0,0.667859038816434,0.6863678492281515,0.01850881041171748
vudalimab,hydrophobicity,1,-1.0,0.667859038816434,0.7105653431607246,0.04270630434429057
vudalimab,hydrophobicity,1,-0.5,0.667859038816434,0.6928902061566502,0.025031167340216154
vudalimab,hydrophobicity,1,0.0,0.667859038816434,0.6790927031465617,0.011233664330127624
vudalimab,hydrophobicity,1,0.5,0.667859038816434,0.6667574205286065,-0.0011016182878275105
vudalimab,hydrophobicity,1,1.0,0.667859038816434,0.6542942825825464,-0.013564756233887643
vudalimab,charge_environment,2,-1.0,0.667859038816434,0.6797716476658977,0.011912608849463657
vudalimab,charge_environment,2,-0.5,0.667859038816434,0.6735968349491506,0.005737796132716522
vudalimab,charge_environment,2,0.0,0.667859038816434,0.6701323091858811,0.0022732703694470224
vudalimab,charge_environment,2,0.5,0.667859038816434,0.6681602049960101,0.0003011661795760956
vudalimab,charge_environment,2,1.0,0.667859038816434,0.6658809712660443,-0.0019780675503897616
vudalimab,ionic_screening,3,-1.0,0.667859038816434,0.665143469401797,-0.00271556941463702
vudalimab,ionic_screening,3,-0.5,0.667859038816434,0.6667221455488889,-0.0011368932675451804
vudalimab,ionic_screening,3,0.0,0.667859038816434,0.668337634190381,0.00047859537394689955
vudalimab,ionic_screening,3,0.5,0.667859038816434,0.6753775185610392,0.007518479744605178
vudalimab,ionic_screening,3,1.0,0.667859038816434,0.6906061182731864,0.02274707945675236
vudalimab,crowding,4,-1.0,0.667859038816434,0.6853836641153307,0.017524625298896646
vudalimab,crowding,4,-0.5,0.667859038816434,0.6699862013620442,0.002127162545610184
vudalimab,crowding,4,0.0,0.667859038816434,0.6651495535670411,-0.002709485249392962
vudalimab,crowding,4,0.5,0.667859038816434,0.6702982729136189,0.002439234097184828
vudalimab,crowding,4,1.0,0.667859038816434,0.6748663168935737,0.007007278077139634
vudalimab,nonlinear_conc,5,-1.0,0.667859038816434,0.6702765060986126,0.0024174672821785093
vudalimab,nonlinear_conc,5,-0.5,0.667859038816434,0.6654257241507773,-0.0024333146656567717
vudalimab,nonlinear_conc,5,0.0,0.667859038816434,0.667063462826176,-0.000795575990258035
vudalimab,nonlinear_conc,5,0.5,0.667859038816434,0.6719961284131069,0.004137089596672805
vudalimab,nonlinear_conc,5,1.0,0.667859038816434,0.676816544445961,0.008957505629526907
vudalimab,cosolute_interaction,6,-1.0,0.667859038816434,0.6740296453322996,0.00617060651586554
vudalimab,cosolute_interaction,6,-0.5,0.667859038816434,0.671015062258642,0.0031560234422080002
vudalimab,cosolute_interaction,6,0.0,0.667859038816434,0.6671983577750777,-0.0006606810413563036
vudalimab,cosolute_interaction,6,0.5,0.667859038816434,0.6619535108140948,-0.005905528002339233
vudalimab,cosolute_interaction,6,1.0,0.667859038816434,0.660618058507541,-0.007240980308893086
vudalimab,cosolute_protection,7,-1.0,0.667859038816434,0.6848427225210048,0.016983683704570707
vudalimab,cosolute_protection,7,-0.5,0.667859038816434,0.6757776677394308,0.007918628922996773
vudalimab,cosolute_protection,7,0.0,0.667859038816434,0.6690304383063557,0.0011713994899216207
vudalimab,cosolute_protection,7,0.5,0.667859038816434,0.6620646182144074,-0.005794420602026618
vudalimab,cosolute_protection,7,1.0,0.667859038816434,0.6556151834108543,-0.012243855405579707
vudalimab,latent_0,8,-1.0,0.667859038816434,0.746943533592166,0.07908449477573198
vudalimab,latent_0,8,-0.5,0.667859038816434,0.7167943203232897,0.048935281506855666
vudalimab,latent_0,8,0.0,0.667859038816434,0.6971357234851887,0.02927668466875466
vudalimab,latent_0,8,0.5,0.667859038816434,0.6797566019865038,0.011897563170069736
vudalimab,latent_0,8,1.0,0.667859038816434,0.6661446330696128,-0.001714405746821246
vudalimab,latent_1,9,-1.0,0.667859038816434,0.6661660264881963,-0.0016930123282377085
vudalimab,latent_1,9,-0.5,0.667859038816434,0.6757981386492047,0.007939099832770635
vudalimab,latent_1,9,0.0,0.667859038816434,0.698499850440573,0.030640811624138897
vudalimab,latent_1,9,0.5,0.667859038816434,0.7349151608693512,0.06705612205291711
vudalimab,latent_1,9,1.0,0.667859038816434,0.7812319340670321,0.11337289525059802
vudalimab,latent_2,10,-1.0,0.667859038816434,0.8306988332398884,0.1628397944234543
vudalimab,latent_2,10,-0.5,0.667859038816434,0.7913355800166952,0.12347654120026119
vudalimab,latent_2,10,0.0,0.667859038816434,0.7425018513546247,0.0746428125381906
vudalimab,latent_2,10,0.5,0.667859038816434,0.6935008191305929,0.02564178031415887
vudalimab,latent_2,10,1.0,0.667859038816434,0.6665105395995736,-0.0013484992168604215
vudalimab,latent_3,11,-1.0,0.667859038816434,0.8084857216501516,0.1406266828337176
vudalimab,latent_3,11,-0.5,0.667859038816434,0.7659316861706762,0.09807264735424215
vudalimab,latent_3,11,0.0,0.667859038816434,0.724317269842722,0.056458231026288
vudalimab,latent_3,11,0.5,0.667859038816434,0.6868135527701388,0.018954513953704732
vudalimab,latent_3,11,1.0,0.667859038816434,0.6661929439773894,-0.001666094839044674
