Protein,Buffer,Buffer_pH,Buffer_Conc_mM,Temperature_C,Protein_Conc_mgmL,Shear_Rate_s-1,Viscosity_Pred_cP
Adalimumab,Histidine,6.0000,15.0000,25.0000,0.0000,100,0.8286
Adalimumab,Histidine,6.0000,15.0000,25.0000,1.0000,100,0.9562
Adalimumab,Histidine,6.0000,15.0000,25.0000,3.2081,100,1.0984
Adalimumab,Histidine,6.0000,15.0000,25.0000,5.4161,100,1.2004
Adalimumab,Histidine,6.0000,15.0000,25.0000,7.6242,100,1.2767
Adalimumab,Histidine,6.0000,15.0000,25.0000,9.8322,100,1.3330
Adalimumab,Histidine,6.0000,15.0000,25.0000,12.0403,100,1.3830
Adalimumab,Histidine,6.0000,15.0000,25.0000,14.2483,100,1.4327
Adalimumab,Histidine,6.0000,15.0000,25.0000,16.4564,100,1.4768
Adalimumab,Histidine,6.0000,15.0000,25.0000,18.6644,100,1.5179
Adalimumab,Histidine,6.0000,15.0000,25.0000,20.8725,100,1.5611
Adalimumab,Histidine,6.0000,15.0000,25.0000,23.0805,100,1.6020
Adalimumab,Histidine,6.0000,15.0000,25.0000,25.2886,100,1.6413
Adalimumab,Histidine,6.0000,15.0000,25.0000,27.4966,100,1.6794
Adalimumab,Histidine,6.0000,15.0000,25.0000,29.7047,100,1.7182
Adalimumab,Histidine,6.0000,15.0000,25.0000,31.9128,100,1.7565
Adalimumab,Histidine,6.0000,15.0000,25.0000,34.1208,100,1.7962
Adalimumab,Histidine,6.0000,15.0000,25.0000,36.3289,100,1.8338
Adalimumab,Histidine,6.0000,15.0000,25.0000,38.5369,100,1.8713
Adalimumab,Histidine,6.0000,15.0000,25.0000,40.7450,100,1.9087
Adalimumab,Histidine,6.0000,15.0000,25.0000,42.9530,100,1.9465
Adalimumab,Histidine,6.0000,15.0000,25.0000,45.1611,100,1.9864
Adalimumab,Histidine,6.0000,15.0000,25.0000,47.3691,100,2.0267
Adalimumab,Histidine,6.0000,15.0000,25.0000,49.5772,100,2.0673
Adalimumab,Histidine,6.0000,15.0000,25.0000,51.7852,100,2.1107
Adalimumab,Histidine,6.0000,15.0000,25.0000,53.9933,100,2.1572
Adalimumab,Histidine,6.0000,15.0000,25.0000,56.2013,100,2.2042
Adalimumab,Histidine,6.0000,15.0000,25.0000,58.4094,100,2.2515
Adalimumab,Histidine,6.0000,15.0000,25.0000,60.6174,100,2.2936
Adalimumab,Histidine,6.0000,15.0000,25.0000,62.8255,100,2.3385
Adalimumab,Histidine,6.0000,15.0000,25.0000,65.0336,100,2.3828
Adalimumab,Histidine,6.0000,15.0000,25.0000,67.2416,100,2.4296
Adalimumab,Histidine,6.0000,15.0000,25.0000,69.4497,100,2.4775
Adalimumab,Histidine,6.0000,15.0000,25.0000,71.6577,100,2.5217
Adalimumab,Histidine,6.0000,15.0000,25.0000,73.8658,100,2.5616
Adalimumab,Histidine,6.0000,15.0000,25.0000,76.0738,100,2.6101
Adalimumab,Histidine,6.0000,15.0000,25.0000,78.2819,100,2.6629
Adalimumab,Histidine,6.0000,15.0000,25.0000,80.4899,100,2.7234
Adalimumab,Histidine,6.0000,15.0000,25.0000,82.6980,100,2.7928
Adalimumab,Histidine,6.0000,15.0000,25.0000,84.9060,100,2.8656
Adalimumab,Histidine,6.0000,15.0000,25.0000,87.1141,100,2.9479
Adalimumab,Histidine,6.0000,15.0000,25.0000,89.3221,100,3.0323
Adalimumab,Histidine,6.0000,15.0000,25.0000,91.5302,100,3.1558
Adalimumab,Histidine,6.0000,15.0000,25.0000,93.7383,100,3.2953
Adalimumab,Histidine,6.0000,15.0000,25.0000,95.9463,100,3.4575
Adalimumab,Histidine,6.0000,15.0000,25.0000,98.1544,100,3.6030
Adalimumab,Histidine,6.0000,15.0000,25.0000,100.3624,100,3.7584
Adalimumab,Histidine,6.0000,15.0000,25.0000,102.5705,100,3.9252
Adalimumab,Histidine,6.0000,15.0000,25.0000,104.7785,100,4.1222
Adalimumab,Histidine,6.0000,15.0000,25.0000,106.9866,100,4.3380
Adalimumab,Histidine,6.0000,15.0000,25.0000,109.1946,100,4.5623
Adalimumab,Histidine,6.0000,15.0000,25.0000,111.4027,100,4.7931
Adalimumab,Histidine,6.0000,15.0000,25.0000,113.6107,100,5.0294
Adalimumab,Histidine,6.0000,15.0000,25.0000,115.8188,100,5.3764
Adalimumab,Histidine,6.0000,15.0000,25.0000,118.0268,100,5.7571
Adalimumab,Histidine,6.0000,15.0000,25.0000,120.2349,100,6.1654
Adalimumab,Histidine,6.0000,15.0000,25.0000,122.4430,100,6.5773
Adalimumab,Histidine,6.0000,15.0000,25.0000,124.6510,100,6.9506
Adalimumab,Histidine,6.0000,15.0000,25.0000,126.8591,100,7.3609
Adalimumab,Histidine,6.0000,15.0000,25.0000,129.0671,100,7.9481
Adalimumab,Histidine,6.0000,15.0000,25.0000,131.2752,100,8.6312
Adalimumab,Histidine,6.0000,15.0000,25.0000,133.4832,100,9.1863
Adalimumab,Histidine,6.0000,15.0000,25.0000,135.6913,100,9.5389
Adalimumab,Histidine,6.0000,15.0000,25.0000,137.8993,100,9.5901
Adalimumab,Histidine,6.0000,15.0000,25.0000,140.1074,100,9.6386
Adalimumab,Histidine,6.0000,15.0000,25.0000,142.3154,100,9.7327
Adalimumab,Histidine,6.0000,15.0000,25.0000,144.5235,100,9.8269
Adalimumab,Histidine,6.0000,15.0000,25.0000,146.7315,100,9.9232
Adalimumab,Histidine,6.0000,15.0000,25.0000,148.9396,100,10.2164
Adalimumab,Histidine,6.0000,15.0000,25.0000,151.1477,100,10.3359
Adalimumab,Histidine,6.0000,15.0000,25.0000,153.3557,100,10.4723
Adalimumab,Histidine,6.0000,15.0000,25.0000,155.5638,100,10.6109
Adalimumab,Histidine,6.0000,15.0000,25.0000,157.7718,100,10.7644
Adalimumab,Histidine,6.0000,15.0000,25.0000,159.9799,100,10.9340
Adalimumab,Histidine,6.0000,15.0000,25.0000,162.1879,100,11.1361
Adalimumab,Histidine,6.0000,15.0000,25.0000,164.3960,100,11.3878
Adalimumab,Histidine,6.0000,15.0000,25.0000,166.6040,100,11.6312
Adalimumab,Histidine,6.0000,15.0000,25.0000,168.8121,100,11.8799
Adalimumab,Histidine,6.0000,15.0000,25.0000,171.0201,100,12.1454
Adalimumab,Histidine,6.0000,15.0000,25.0000,173.2282,100,12.6316
Adalimumab,Histidine,6.0000,15.0000,25.0000,175.4362,100,13.0853
Adalimumab,Histidine,6.0000,15.0000,25.0000,177.6443,100,13.8451
Adalimumab,Histidine,6.0000,15.0000,25.0000,179.8523,100,14.2791
Adalimumab,Histidine,6.0000,15.0000,25.0000,182.0604,100,14.5163
Adalimumab,Histidine,6.0000,15.0000,25.0000,184.2685,100,14.7509
Adalimumab,Histidine,6.0000,15.0000,25.0000,186.4765,100,15.0308
Adalimumab,Histidine,6.0000,15.0000,25.0000,188.6846,100,15.3249
Adalimumab,Histidine,6.0000,15.0000,25.0000,190.8926,100,15.7458
Adalimumab,Histidine,6.0000,15.0000,25.0000,193.1007,100,16.2067
Adalimumab,Histidine,6.0000,15.0000,25.0000,195.3087,100,16.6404
Adalimumab,Histidine,6.0000,15.0000,25.0000,197.5168,100,17.0868
Adalimumab,Histidine,6.0000,15.0000,25.0000,199.7248,100,17.4368
Adalimumab,Histidine,6.0000,15.0000,25.0000,201.9329,100,17.7063
Adalimumab,Histidine,6.0000,15.0000,25.0000,204.1409,100,17.9803
Adalimumab,Histidine,6.0000,15.0000,25.0000,206.3490,100,18.2750
Adalimumab,Histidine,6.0000,15.0000,25.0000,208.5570,100,18.5679
Adalimumab,Histidine,6.0000,15.0000,25.0000,210.7651,100,18.8860
Adalimumab,Histidine,6.0000,15.0000,25.0000,212.9732,100,19.2150
Adalimumab,Histidine,6.0000,15.0000,25.0000,215.1812,100,19.5538
Adalimumab,Histidine,6.0000,15.0000,25.0000,217.3893,100,19.9014
Adalimumab,Histidine,6.0000,15.0000,25.0000,219.5973,100,20.2559
Adalimumab,Histidine,6.0000,15.0000,25.0000,221.8054,100,20.6175
Adalimumab,Histidine,6.0000,15.0000,25.0000,224.0134,100,20.9864
Adalimumab,Histidine,6.0000,15.0000,25.0000,226.2215,100,21.3627
Adalimumab,Histidine,6.0000,15.0000,25.0000,228.4295,100,21.7466
Adalimumab,Histidine,6.0000,15.0000,25.0000,230.6376,100,22.1383
Adalimumab,Histidine,6.0000,15.0000,25.0000,232.8456,100,22.5378
Adalimumab,Histidine,6.0000,15.0000,25.0000,235.0537,100,22.9455
Adalimumab,Histidine,6.0000,15.0000,25.0000,237.2617,100,23.3364
Adalimumab,Histidine,6.0000,15.0000,25.0000,239.4698,100,23.6938
Adalimumab,Histidine,6.0000,15.0000,25.0000,241.6779,100,24.0582
Adalimumab,Histidine,6.0000,15.0000,25.0000,243.8859,100,24.4344
Adalimumab,Histidine,6.0000,15.0000,25.0000,246.0940,100,24.8191
Adalimumab,Histidine,6.0000,15.0000,25.0000,248.3020,100,25.2112
Adalimumab,Histidine,6.0000,15.0000,25.0000,250.5101,100,25.6477
Adalimumab,Histidine,6.0000,15.0000,25.0000,252.7181,100,26.0924
Adalimumab,Histidine,6.0000,15.0000,25.0000,254.9262,100,26.5456
Adalimumab,Histidine,6.0000,15.0000,25.0000,257.1342,100,27.0074
Adalimumab,Histidine,6.0000,15.0000,25.0000,259.3423,100,27.4861
Adalimumab,Histidine,6.0000,15.0000,25.0000,261.5503,100,28.0264
Adalimumab,Histidine,6.0000,15.0000,25.0000,263.7584,100,28.6103
Adalimumab,Histidine,6.0000,15.0000,25.0000,265.9664,100,29.3439
Adalimumab,Histidine,6.0000,15.0000,25.0000,268.1745,100,30.1079
Adalimumab,Histidine,6.0000,15.0000,25.0000,270.3826,100,30.8731
Adalimumab,Histidine,6.0000,15.0000,25.0000,272.5906,100,31.6722
Adalimumab,Histidine,6.0000,15.0000,25.0000,274.7987,100,32.5743
Adalimumab,Histidine,6.0000,15.0000,25.0000,277.0067,100,33.5040
Adalimumab,Histidine,6.0000,15.0000,25.0000,279.2148,100,34.4710
Adalimumab,Histidine,6.0000,15.0000,25.0000,281.4228,100,35.4753
Adalimumab,Histidine,6.0000,15.0000,25.0000,283.6309,100,36.5109
Adalimumab,Histidine,6.0000,15.0000,25.0000,285.8389,100,37.5790
Adalimumab,Histidine,6.0000,15.0000,25.0000,288.0470,100,38.8476
Adalimumab,Histidine,6.0000,15.0000,25.0000,290.2550,100,39.9878
Adalimumab,Histidine,6.0000,15.0000,25.0000,292.4631,100,41.0731
Adalimumab,Histidine,6.0000,15.0000,25.0000,294.6711,100,41.8735
Adalimumab,Histidine,6.0000,15.0000,25.0000,296.8792,100,42.5835
Adalimumab,Histidine,6.0000,15.0000,25.0000,299.0872,100,43.4159
Adalimumab,Histidine,6.0000,15.0000,25.0000,301.2953,100,44.2659
Adalimumab,Histidine,6.0000,15.0000,25.0000,303.5034,100,45.0924
Adalimumab,Histidine,6.0000,15.0000,25.0000,305.7114,100,45.9859
Adalimumab,Histidine,6.0000,15.0000,25.0000,307.9195,100,46.9033
Adalimumab,Histidine,6.0000,15.0000,25.0000,310.1275,100,47.8209
Adalimumab,Histidine,6.0000,15.0000,25.0000,312.3356,100,48.6814
Adalimumab,Histidine,6.0000,15.0000,25.0000,314.5436,100,49.5364
Adalimumab,Histidine,6.0000,15.0000,25.0000,316.7517,100,50.4101
Adalimumab,Histidine,6.0000,15.0000,25.0000,318.9597,100,51.3004
Adalimumab,Histidine,6.0000,15.0000,25.0000,321.1678,100,52.2146
Adalimumab,Histidine,6.0000,15.0000,25.0000,323.3758,100,53.1470
Adalimumab,Histidine,6.0000,15.0000,25.0000,325.5839,100,54.0976
Adalimumab,Histidine,6.0000,15.0000,25.0000,327.7919,100,55.0668
Adalimumab,Histidine,6.0000,15.0000,25.0000,330.0000,100,56.0565
Adalimumab,Histidine,6.0000,15.0000,25.0000,0.0000,1000,0.8360
Adalimumab,Histidine,6.0000,15.0000,25.0000,1.0000,1000,0.9546
Adalimumab,Histidine,6.0000,15.0000,25.0000,3.2081,1000,1.0675
Adalimumab,Histidine,6.0000,15.0000,25.0000,5.4161,1000,1.1632
Adalimumab,Histidine,6.0000,15.0000,25.0000,7.6242,1000,1.2368
Adalimumab,Histidine,6.0000,15.0000,25.0000,9.8322,1000,1.2943
Adalimumab,Histidine,6.0000,15.0000,25.0000,12.0403,1000,1.3353
Adalimumab,Histidine,6.0000,15.0000,25.0000,14.2483,1000,1.3731
Adalimumab,Histidine,6.0000,15.0000,25.0000,16.4564,1000,1.4098
Adalimumab,Histidine,6.0000,15.0000,25.0000,18.6644,1000,1.4427
Adalimumab,Histidine,6.0000,15.0000,25.0000,20.8725,1000,1.4712
Adalimumab,Histidine,6.0000,15.0000,25.0000,23.0805,1000,1.4985
Adalimumab,Histidine,6.0000,15.0000,25.0000,25.2886,1000,1.5258
Adalimumab,Histidine,6.0000,15.0000,25.0000,27.4966,1000,1.5530
Adalimumab,Histidine,6.0000,15.0000,25.0000,29.7047,1000,1.5852
Adalimumab,Histidine,6.0000,15.0000,25.0000,31.9128,1000,1.6185
Adalimumab,Histidine,6.0000,15.0000,25.0000,34.1208,1000,1.6521
Adalimumab,Histidine,6.0000,15.0000,25.0000,36.3289,1000,1.6863
Adalimumab,Histidine,6.0000,15.0000,25.0000,38.5369,1000,1.7230
Adalimumab,Histidine,6.0000,15.0000,25.0000,40.7450,1000,1.7574
Adalimumab,Histidine,6.0000,15.0000,25.0000,42.9530,1000,1.7923
Adalimumab,Histidine,6.0000,15.0000,25.0000,45.1611,1000,1.8288
Adalimumab,Histidine,6.0000,15.0000,25.0000,47.3691,1000,1.8670
Adalimumab,Histidine,6.0000,15.0000,25.0000,49.5772,1000,1.9057
Adalimumab,Histidine,6.0000,15.0000,25.0000,51.7852,1000,1.9449
Adalimumab,Histidine,6.0000,15.0000,25.0000,53.9933,1000,1.9848
Adalimumab,Histidine,6.0000,15.0000,25.0000,56.2013,1000,2.0264
Adalimumab,Histidine,6.0000,15.0000,25.0000,58.4094,1000,2.0685
Adalimumab,Histidine,6.0000,15.0000,25.0000,60.6174,1000,2.1081
Adalimumab,Histidine,6.0000,15.0000,25.0000,62.8255,1000,2.1500
Adalimumab,Histidine,6.0000,15.0000,25.0000,65.0336,1000,2.1953
Adalimumab,Histidine,6.0000,15.0000,25.0000,67.2416,1000,2.2424
Adalimumab,Histidine,6.0000,15.0000,25.0000,69.4497,1000,2.2912
Adalimumab,Histidine,6.0000,15.0000,25.0000,71.6577,1000,2.3333
Adalimumab,Histidine,6.0000,15.0000,25.0000,73.8658,1000,2.3739
Adalimumab,Histidine,6.0000,15.0000,25.0000,76.0738,1000,2.4174
Adalimumab,Histidine,6.0000,15.0000,25.0000,78.2819,1000,2.4615
Adalimumab,Histidine,6.0000,15.0000,25.0000,80.4899,1000,2.5098
Adalimumab,Histidine,6.0000,15.0000,25.0000,82.6980,1000,2.5631
Adalimumab,Histidine,6.0000,15.0000,25.0000,84.9060,1000,2.6221
Adalimumab,Histidine,6.0000,15.0000,25.0000,87.1141,1000,2.6908
Adalimumab,Histidine,6.0000,15.0000,25.0000,89.3221,1000,2.7698
Adalimumab,Histidine,6.0000,15.0000,25.0000,91.5302,1000,2.8883
Adalimumab,Histidine,6.0000,15.0000,25.0000,93.7383,1000,3.0139
Adalimumab,Histidine,6.0000,15.0000,25.0000,95.9463,1000,3.1429
Adalimumab,Histidine,6.0000,15.0000,25.0000,98.1544,1000,3.2847
Adalimumab,Histidine,6.0000,15.0000,25.0000,100.3624,1000,3.4393
Adalimumab,Histidine,6.0000,15.0000,25.0000,102.5705,1000,3.5915
Adalimumab,Histidine,6.0000,15.0000,25.0000,104.7785,1000,3.7500
Adalimumab,Histidine,6.0000,15.0000,25.0000,106.9866,1000,3.9208
Adalimumab,Histidine,6.0000,15.0000,25.0000,109.1946,1000,4.1316
Adalimumab,Histidine,6.0000,15.0000,25.0000,111.4027,1000,4.3351
Adalimumab,Histidine,6.0000,15.0000,25.0000,113.6107,1000,4.5605
Adalimumab,Histidine,6.0000,15.0000,25.0000,115.8188,1000,4.8306
Adalimumab,Histidine,6.0000,15.0000,25.0000,118.0268,1000,5.1775
Adalimumab,Histidine,6.0000,15.0000,25.0000,120.2349,1000,5.5492
Adalimumab,Histidine,6.0000,15.0000,25.0000,122.4430,1000,5.9257
Adalimumab,Histidine,6.0000,15.0000,25.0000,124.6510,1000,6.2663
Adalimumab,Histidine,6.0000,15.0000,25.0000,126.8591,1000,6.7056
Adalimumab,Histidine,6.0000,15.0000,25.0000,129.0671,1000,7.1747
Adalimumab,Histidine,6.0000,15.0000,25.0000,131.2752,1000,7.8117
Adalimumab,Histidine,6.0000,15.0000,25.0000,133.4832,1000,8.4844
Adalimumab,Histidine,6.0000,15.0000,25.0000,135.6913,1000,9.1068
Adalimumab,Histidine,6.0000,15.0000,25.0000,137.8993,1000,9.2140
Adalimumab,Histidine,6.0000,15.0000,25.0000,140.1074,1000,9.2636
Adalimumab,Histidine,6.0000,15.0000,25.0000,142.3154,1000,9.3522
Adalimumab,Histidine,6.0000,15.0000,25.0000,144.5235,1000,9.4518
Adalimumab,Histidine,6.0000,15.0000,25.0000,146.7315,1000,9.5566
Adalimumab,Histidine,6.0000,15.0000,25.0000,148.9396,1000,9.9112
Adalimumab,Histidine,6.0000,15.0000,25.0000,151.1477,1000,10.0789
Adalimumab,Histidine,6.0000,15.0000,25.0000,153.3557,1000,10.2599
Adalimumab,Histidine,6.0000,15.0000,25.0000,155.5638,1000,10.4063
Adalimumab,Histidine,6.0000,15.0000,25.0000,157.7718,1000,10.5460
Adalimumab,Histidine,6.0000,15.0000,25.0000,159.9799,1000,10.6867
Adalimumab,Histidine,6.0000,15.0000,25.0000,162.1879,1000,10.8463
Adalimumab,Histidine,6.0000,15.0000,25.0000,164.3960,1000,11.0628
Adalimumab,Histidine,6.0000,15.0000,25.0000,166.6040,1000,11.2749
Adalimumab,Histidine,6.0000,15.0000,25.0000,168.8121,1000,11.4957
Adalimumab,Histidine,6.0000,15.0000,25.0000,171.0201,1000,11.7764
Adalimumab,Histidine,6.0000,15.0000,25.0000,173.2282,1000,12.2312
Adalimumab,Histidine,6.0000,15.0000,25.0000,175.4362,1000,12.6571
Adalimumab,Histidine,6.0000,15.0000,25.0000,177.6443,1000,13.2678
Adalimumab,Histidine,6.0000,15.0000,25.0000,179.8523,1000,13.5455
Adalimumab,Histidine,6.0000,15.0000,25.0000,182.0604,1000,13.7296
Adalimumab,Histidine,6.0000,15.0000,25.0000,184.2685,1000,13.9157
Adalimumab,Histidine,6.0000,15.0000,25.0000,186.4765,1000,14.1531
Adalimumab,Histidine,6.0000,15.0000,25.0000,188.6846,1000,14.3950
Adalimumab,Histidine,6.0000,15.0000,25.0000,190.8926,1000,14.6394
Adalimumab,Histidine,6.0000,15.0000,25.0000,193.1007,1000,14.9828
Adalimumab,Histidine,6.0000,15.0000,25.0000,195.3087,1000,15.3519
Adalimumab,Histidine,6.0000,15.0000,25.0000,197.5168,1000,15.7067
Adalimumab,Histidine,6.0000,15.0000,25.0000,199.7248,1000,16.0900
Adalimumab,Histidine,6.0000,15.0000,25.0000,201.9329,1000,16.5056
Adalimumab,Histidine,6.0000,15.0000,25.0000,204.1409,1000,16.7617
Adalimumab,Histidine,6.0000,15.0000,25.0000,206.3490,1000,17.0236
Adalimumab,Histidine,6.0000,15.0000,25.0000,208.5570,1000,17.3102
Adalimumab,Histidine,6.0000,15.0000,25.0000,210.7651,1000,17.5781
Adalimumab,Histidine,6.0000,15.0000,25.0000,212.9732,1000,17.8709
Adalimumab,Histidine,6.0000,15.0000,25.0000,215.1812,1000,18.2037
Adalimumab,Histidine,6.0000,15.0000,25.0000,217.3893,1000,18.5432
Adalimumab,Histidine,6.0000,15.0000,25.0000,219.5973,1000,18.8897
Adalimumab,Histidine,6.0000,15.0000,25.0000,221.8054,1000,19.2302
Adalimumab,Histidine,6.0000,15.0000,25.0000,224.0134,1000,19.5831
Adalimumab,Histidine,6.0000,15.0000,25.0000,226.2215,1000,19.9574
Adalimumab,Histidine,6.0000,15.0000,25.0000,228.4295,1000,20.3512
Adalimumab,Histidine,6.0000,15.0000,25.0000,230.6376,1000,20.7536
Adalimumab,Histidine,6.0000,15.0000,25.0000,232.8456,1000,21.1649
Adalimumab,Histidine,6.0000,15.0000,25.0000,235.0537,1000,21.6061
Adalimumab,Histidine,6.0000,15.0000,25.0000,237.2617,1000,21.9943
Adalimumab,Histidine,6.0000,15.0000,25.0000,239.4698,1000,22.3611
Adalimumab,Histidine,6.0000,15.0000,25.0000,241.6779,1000,22.7202
Adalimumab,Histidine,6.0000,15.0000,25.0000,243.8859,1000,23.0857
Adalimumab,Histidine,6.0000,15.0000,25.0000,246.0940,1000,23.4577
Adalimumab,Histidine,6.0000,15.0000,25.0000,248.3020,1000,23.8365
Adalimumab,Histidine,6.0000,15.0000,25.0000,250.5101,1000,24.2101
Adalimumab,Histidine,6.0000,15.0000,25.0000,252.7181,1000,24.5894
Adalimumab,Histidine,6.0000,15.0000,25.0000,254.9262,1000,24.9753
Adalimumab,Histidine,6.0000,15.0000,25.0000,257.1342,1000,25.3697
Adalimumab,Histidine,6.0000,15.0000,25.0000,259.3423,1000,25.7770
Adalimumab,Histidine,6.0000,15.0000,25.0000,261.5503,1000,26.1910
Adalimumab,Histidine,6.0000,15.0000,25.0000,263.7584,1000,26.6139
Adalimumab,Histidine,6.0000,15.0000,25.0000,265.9664,1000,27.1307
Adalimumab,Histidine,6.0000,15.0000,25.0000,268.1745,1000,27.7224
Adalimumab,Histidine,6.0000,15.0000,25.0000,270.3826,1000,28.4343
Adalimumab,Histidine,6.0000,15.0000,25.0000,272.5906,1000,29.1632
Adalimumab,Histidine,6.0000,15.0000,25.0000,274.7987,1000,29.9095
Adalimumab,Histidine,6.0000,15.0000,25.0000,277.0067,1000,30.7085
Adalimumab,Histidine,6.0000,15.0000,25.0000,279.2148,1000,31.5783
Adalimumab,Histidine,6.0000,15.0000,25.0000,281.4228,1000,32.4748
Adalimumab,Histidine,6.0000,15.0000,25.0000,283.6309,1000,33.3987
Adalimumab,Histidine,6.0000,15.0000,25.0000,285.8389,1000,34.3532
Adalimumab,Histidine,6.0000,15.0000,25.0000,288.0470,1000,35.5006
Adalimumab,Histidine,6.0000,15.0000,25.0000,290.2550,1000,36.5337
Adalimumab,Histidine,6.0000,15.0000,25.0000,292.4631,1000,37.5991
Adalimumab,Histidine,6.0000,15.0000,25.0000,294.6711,1000,38.6980
Adalimumab,Histidine,6.0000,15.0000,25.0000,296.8792,1000,39.7158
Adalimumab,Histidine,6.0000,15.0000,25.0000,299.0872,1000,40.8816
Adalimumab,Histidine,6.0000,15.0000,25.0000,301.2953,1000,42.0863
Adalimumab,Histidine,6.0000,15.0000,25.0000,303.5034,1000,43.0333
Adalimumab,Histidine,6.0000,15.0000,25.0000,305.7114,1000,43.8808
Adalimumab,Histidine,6.0000,15.0000,25.0000,307.9195,1000,44.7477
Adalimumab,Histidine,6.0000,15.0000,25.0000,310.1275,1000,45.6148
Adalimumab,Histidine,6.0000,15.0000,25.0000,312.3356,1000,46.4850
Adalimumab,Histidine,6.0000,15.0000,25.0000,314.5436,1000,47.3379
Adalimumab,Histidine,6.0000,15.0000,25.0000,316.7517,1000,48.2553
Adalimumab,Histidine,6.0000,15.0000,25.0000,318.9597,1000,49.1950
Adalimumab,Histidine,6.0000,15.0000,25.0000,321.1678,1000,50.1550
Adalimumab,Histidine,6.0000,15.0000,25.0000,323.3758,1000,51.1355
Adalimumab,Histidine,6.0000,15.0000,25.0000,325.5839,1000,52.1370
Adalimumab,Histidine,6.0000,15.0000,25.0000,327.7919,1000,53.1673
Adalimumab,Histidine,6.0000,15.0000,25.0000,330.0000,1000,54.2362
Adalimumab,Histidine,6.0000,15.0000,25.0000,0.0000,10000,0.8413
Adalimumab,Histidine,6.0000,15.0000,25.0000,1.0000,10000,0.9531
Adalimumab,Histidine,6.0000,15.0000,25.0000,3.2081,10000,1.0651
Adalimumab,Histidine,6.0000,15.0000,25.0000,5.4161,10000,1.1412
Adalimumab,Histidine,6.0000,15.0000,25.0000,7.6242,10000,1.1924
Adalimumab,Histidine,6.0000,15.0000,25.0000,9.8322,10000,1.2298
Adalimumab,Histidine,6.0000,15.0000,25.0000,12.0403,10000,1.2642
Adalimumab,Histidine,6.0000,15.0000,25.0000,14.2483,10000,1.2978
Adalimumab,Histidine,6.0000,15.0000,25.0000,16.4564,10000,1.3340
Adalimumab,Histidine,6.0000,15.0000,25.0000,18.6644,10000,1.3676
Adalimumab,Histidine,6.0000,15.0000,25.0000,20.8725,10000,1.3957
Adalimumab,Histidine,6.0000,15.0000,25.0000,23.0805,10000,1.4220
Adalimumab,Histidine,6.0000,15.0000,25.0000,25.2886,10000,1.4483
Adalimumab,Histidine,6.0000,15.0000,25.0000,27.4966,10000,1.4745
Adalimumab,Histidine,6.0000,15.0000,25.0000,29.7047,10000,1.5007
Adalimumab,Histidine,6.0000,15.0000,25.0000,31.9128,10000,1.5270
Adalimumab,Histidine,6.0000,15.0000,25.0000,34.1208,10000,1.5535
Adalimumab,Histidine,6.0000,15.0000,25.0000,36.3289,10000,1.5794
Adalimumab,Histidine,6.0000,15.0000,25.0000,38.5369,10000,1.6044
Adalimumab,Histidine,6.0000,15.0000,25.0000,40.7450,10000,1.6298
Adalimumab,Histidine,6.0000,15.0000,25.0000,42.9530,10000,1.6555
Adalimumab,Histidine,6.0000,15.0000,25.0000,45.1611,10000,1.6821
Adalimumab,Histidine,6.0000,15.0000,25.0000,47.3691,10000,1.7105
Adalimumab,Histidine,6.0000,15.0000,25.0000,49.5772,10000,1.7392
Adalimumab,Histidine,6.0000,15.0000,25.0000,51.7852,10000,1.7684
Adalimumab,Histidine,6.0000,15.0000,25.0000,53.9933,10000,1.8017
Adalimumab,Histidine,6.0000,15.0000,25.0000,56.2013,10000,1.8361
Adalimumab,Histidine,6.0000,15.0000,25.0000,58.4094,10000,1.8710
Adalimumab,Histidine,6.0000,15.0000,25.0000,60.6174,10000,1.9040
Adalimumab,Histidine,6.0000,15.0000,25.0000,62.8255,10000,1.9400
Adalimumab,Histidine,6.0000,15.0000,25.0000,65.0336,10000,1.9765
Adalimumab,Histidine,6.0000,15.0000,25.0000,67.2416,10000,2.0135
Adalimumab,Histidine,6.0000,15.0000,25.0000,69.4497,10000,2.0443
Adalimumab,Histidine,6.0000,15.0000,25.0000,71.6577,10000,2.0750
Adalimumab,Histidine,6.0000,15.0000,25.0000,73.8658,10000,2.1040
Adalimumab,Histidine,6.0000,15.0000,25.0000,76.0738,10000,2.1368
Adalimumab,Histidine,6.0000,15.0000,25.0000,78.2819,10000,2.1738
Adalimumab,Histidine,6.0000,15.0000,25.0000,80.4899,10000,2.2153
Adalimumab,Histidine,6.0000,15.0000,25.0000,82.6980,10000,2.2580
Adalimumab,Histidine,6.0000,15.0000,25.0000,84.9060,10000,2.3045
Adalimumab,Histidine,6.0000,15.0000,25.0000,87.1141,10000,2.3587
Adalimumab,Histidine,6.0000,15.0000,25.0000,89.3221,10000,2.4237
Adalimumab,Histidine,6.0000,15.0000,25.0000,91.5302,10000,2.5164
Adalimumab,Histidine,6.0000,15.0000,25.0000,93.7383,10000,2.6148
Adalimumab,Histidine,6.0000,15.0000,25.0000,95.9463,10000,2.7247
Adalimumab,Histidine,6.0000,15.0000,25.0000,98.1544,10000,2.8388
Adalimumab,Histidine,6.0000,15.0000,25.0000,100.3624,10000,2.9680
Adalimumab,Histidine,6.0000,15.0000,25.0000,102.5705,10000,3.1033
Adalimumab,Histidine,6.0000,15.0000,25.0000,104.7785,10000,3.2414
Adalimumab,Histidine,6.0000,15.0000,25.0000,106.9866,10000,3.3773
Adalimumab,Histidine,6.0000,15.0000,25.0000,109.1946,10000,3.5359
Adalimumab,Histidine,6.0000,15.0000,25.0000,111.4027,10000,3.7389
Adalimumab,Histidine,6.0000,15.0000,25.0000,113.6107,10000,3.9294
Adalimumab,Histidine,6.0000,15.0000,25.0000,115.8188,10000,4.1626
Adalimumab,Histidine,6.0000,15.0000,25.0000,118.0268,10000,4.4716
Adalimumab,Histidine,6.0000,15.0000,25.0000,120.2349,10000,4.8102
Adalimumab,Histidine,6.0000,15.0000,25.0000,122.4430,10000,5.1659
Adalimumab,Histidine,6.0000,15.0000,25.0000,124.6510,10000,5.4852
Adalimumab,Histidine,6.0000,15.0000,25.0000,126.8591,10000,5.8787
Adalimumab,Histidine,6.0000,15.0000,25.0000,129.0671,10000,6.2832
Adalimumab,Histidine,6.0000,15.0000,25.0000,131.2752,10000,6.8314
Adalimumab,Histidine,6.0000,15.0000,25.0000,133.4832,10000,7.4202
Adalimumab,Histidine,6.0000,15.0000,25.0000,135.6913,10000,8.0324
Adalimumab,Histidine,6.0000,15.0000,25.0000,137.8993,10000,8.3020
Adalimumab,Histidine,6.0000,15.0000,25.0000,140.1074,10000,8.4901
Adalimumab,Histidine,6.0000,15.0000,25.0000,142.3154,10000,8.6971
Adalimumab,Histidine,6.0000,15.0000,25.0000,144.5235,10000,8.8876
Adalimumab,Histidine,6.0000,15.0000,25.0000,146.7315,10000,9.0110
Adalimumab,Histidine,6.0000,15.0000,25.0000,148.9396,10000,9.2544
Adalimumab,Histidine,6.0000,15.0000,25.0000,151.1477,10000,9.4105
Adalimumab,Histidine,6.0000,15.0000,25.0000,153.3557,10000,9.6271
Adalimumab,Histidine,6.0000,15.0000,25.0000,155.5638,10000,9.8495
Adalimumab,Histidine,6.0000,15.0000,25.0000,157.7718,10000,10.0751
Adalimumab,Histidine,6.0000,15.0000,25.0000,159.9799,10000,10.2747
Adalimumab,Histidine,6.0000,15.0000,25.0000,162.1879,10000,10.4710
Adalimumab,Histidine,6.0000,15.0000,25.0000,164.3960,10000,10.6905
Adalimumab,Histidine,6.0000,15.0000,25.0000,166.6040,10000,10.9071
Adalimumab,Histidine,6.0000,15.0000,25.0000,168.8121,10000,11.1266
Adalimumab,Histidine,6.0000,15.0000,25.0000,171.0201,10000,11.4365
Adalimumab,Histidine,6.0000,15.0000,25.0000,173.2282,10000,11.8675
Adalimumab,Histidine,6.0000,15.0000,25.0000,175.4362,10000,12.2738
Adalimumab,Histidine,6.0000,15.0000,25.0000,177.6443,10000,12.7925
Adalimumab,Histidine,6.0000,15.0000,25.0000,179.8523,10000,12.9516
Adalimumab,Histidine,6.0000,15.0000,25.0000,182.0604,10000,13.1100
Adalimumab,Histidine,6.0000,15.0000,25.0000,184.2685,10000,13.2748
Adalimumab,Histidine,6.0000,15.0000,25.0000,186.4765,10000,13.5017
Adalimumab,Histidine,6.0000,15.0000,25.0000,188.6846,10000,13.7362
Adalimumab,Histidine,6.0000,15.0000,25.0000,190.8926,10000,13.9755
Adalimumab,Histidine,6.0000,15.0000,25.0000,193.1007,10000,14.2189
Adalimumab,Histidine,6.0000,15.0000,25.0000,195.3087,10000,14.4772
Adalimumab,Histidine,6.0000,15.0000,25.0000,197.5168,10000,14.7660
Adalimumab,Histidine,6.0000,15.0000,25.0000,199.7248,10000,15.0603
Adalimumab,Histidine,6.0000,15.0000,25.0000,201.9329,10000,15.3833
Adalimumab,Histidine,6.0000,15.0000,25.0000,204.1409,10000,15.7232
Adalimumab,Histidine,6.0000,15.0000,25.0000,206.3490,10000,16.0568
Adalimumab,Histidine,6.0000,15.0000,25.0000,208.5570,10000,16.3194
Adalimumab,Histidine,6.0000,15.0000,25.0000,210.7651,10000,16.5779
Adalimumab,Histidine,6.0000,15.0000,25.0000,212.9732,10000,16.8328
Adalimumab,Histidine,6.0000,15.0000,25.0000,215.1812,10000,17.0991
Adalimumab,Histidine,6.0000,15.0000,25.0000,217.3893,10000,17.4089
Adalimumab,Histidine,6.0000,15.0000,25.0000,219.5973,10000,17.7270
Adalimumab,Histidine,6.0000,15.0000,25.0000,221.8054,10000,18.0594
Adalimumab,Histidine,6.0000,15.0000,25.0000,224.0134,10000,18.3898
Adalimumab,Histidine,6.0000,15.0000,25.0000,226.2215,10000,18.7724
Adalimumab,Histidine,6.0000,15.0000,25.0000,228.4295,10000,19.1801
Adalimumab,Histidine,6.0000,15.0000,25.0000,230.6376,10000,19.6056
Adalimumab,Histidine,6.0000,15.0000,25.0000,232.8456,10000,20.0236
Adalimumab,Histidine,6.0000,15.0000,25.0000,235.0537,10000,20.3606
Adalimumab,Histidine,6.0000,15.0000,25.0000,237.2617,10000,20.6753
Adalimumab,Histidine,6.0000,15.0000,25.0000,239.4698,10000,20.9895
Adalimumab,Histidine,6.0000,15.0000,25.0000,241.6779,10000,21.3134
Adalimumab,Histidine,6.0000,15.0000,25.0000,243.8859,10000,21.6460
Adalimumab,Histidine,6.0000,15.0000,25.0000,246.0940,10000,21.9893
Adalimumab,Histidine,6.0000,15.0000,25.0000,248.3020,10000,22.3388
Adalimumab,Histidine,6.0000,15.0000,25.0000,250.5101,10000,22.6962
Adalimumab,Histidine,6.0000,15.0000,25.0000,252.7181,10000,23.0600
Adalimumab,Histidine,6.0000,15.0000,25.0000,254.9262,10000,23.4304
Adalimumab,Histidine,6.0000,15.0000,25.0000,257.1342,10000,23.8075
Adalimumab,Histidine,6.0000,15.0000,25.0000,259.3423,10000,24.1905
Adalimumab,Histidine,6.0000,15.0000,25.0000,261.5503,10000,24.5802
Adalimumab,Histidine,6.0000,15.0000,25.0000,263.7584,10000,24.9769
Adalimumab,Histidine,6.0000,15.0000,25.0000,265.9664,10000,25.3808
Adalimumab,Histidine,6.0000,15.0000,25.0000,268.1745,10000,25.8435
Adalimumab,Histidine,6.0000,15.0000,25.0000,270.3826,10000,26.3797
Adalimumab,Histidine,6.0000,15.0000,25.0000,272.5906,10000,27.0230
Adalimumab,Histidine,6.0000,15.0000,25.0000,274.7987,10000,27.6836
Adalimumab,Histidine,6.0000,15.0000,25.0000,277.0067,10000,28.3619
Adalimumab,Histidine,6.0000,15.0000,25.0000,279.2148,10000,29.0924
Adalimumab,Histidine,6.0000,15.0000,25.0000,281.4228,10000,29.8963
Adalimumab,Histidine,6.0000,15.0000,25.0000,283.6309,10000,30.7530
Adalimumab,Histidine,6.0000,15.0000,25.0000,285.8389,10000,31.6502
Adalimumab,Histidine,6.0000,15.0000,25.0000,288.0470,10000,32.7581
Adalimumab,Histidine,6.0000,15.0000,25.0000,290.2550,10000,33.7210
Adalimumab,Histidine,6.0000,15.0000,25.0000,292.4631,10000,34.7278
Adalimumab,Histidine,6.0000,15.0000,25.0000,294.6711,10000,35.7669
Adalimumab,Histidine,6.0000,15.0000,25.0000,296.8792,10000,36.6742
Adalimumab,Histidine,6.0000,15.0000,25.0000,299.0872,10000,37.7764
Adalimumab,Histidine,6.0000,15.0000,25.0000,301.2953,10000,38.9141
Adalimumab,Histidine,6.0000,15.0000,25.0000,303.5034,10000,40.0401
Adalimumab,Histidine,6.0000,15.0000,25.0000,305.7114,10000,41.2514
Adalimumab,Histidine,6.0000,15.0000,25.0000,307.9195,10000,42.6000
Adalimumab,Histidine,6.0000,15.0000,25.0000,310.1275,10000,44.0695
Adalimumab,Histidine,6.0000,15.0000,25.0000,312.3356,10000,45.5504
Adalimumab,Histidine,6.0000,15.0000,25.0000,314.5436,10000,46.4800
Adalimumab,Histidine,6.0000,15.0000,25.0000,316.7517,10000,47.4378
Adalimumab,Histidine,6.0000,15.0000,25.0000,318.9597,10000,48.4577
Adalimumab,Histidine,6.0000,15.0000,25.0000,321.1678,10000,49.4624
Adalimumab,Histidine,6.0000,15.0000,25.0000,323.3758,10000,50.4350
Adalimumab,Histidine,6.0000,15.0000,25.0000,325.5839,10000,51.4290
Adalimumab,Histidine,6.0000,15.0000,25.0000,327.7919,10000,52.4444
Adalimumab,Histidine,6.0000,15.0000,25.0000,330.0000,10000,53.4818
Adalimumab,Histidine,6.0000,15.0000,25.0000,0.0000,100000,0.8292
Adalimumab,Histidine,6.0000,15.0000,25.0000,1.0000,100000,0.9383
Adalimumab,Histidine,6.0000,15.0000,25.0000,3.2081,100000,1.0586
Adalimumab,Histidine,6.0000,15.0000,25.0000,5.4161,100000,1.1248
Adalimumab,Histidine,6.0000,15.0000,25.0000,7.6242,100000,1.1682
Adalimumab,Histidine,6.0000,15.0000,25.0000,9.8322,100000,1.2040
Adalimumab,Histidine,6.0000,15.0000,25.0000,12.0403,100000,1.2368
Adalimumab,Histidine,6.0000,15.0000,25.0000,14.2483,100000,1.2689
Adalimumab,Histidine,6.0000,15.0000,25.0000,16.4564,100000,1.3008
Adalimumab,Histidine,6.0000,15.0000,25.0000,18.6644,100000,1.3309
Adalimumab,Histidine,6.0000,15.0000,25.0000,20.8725,100000,1.3598
Adalimumab,Histidine,6.0000,15.0000,25.0000,23.0805,100000,1.3857
Adalimumab,Histidine,6.0000,15.0000,25.0000,25.2886,100000,1.4099
Adalimumab,Histidine,6.0000,15.0000,25.0000,27.4966,100000,1.4317
Adalimumab,Histidine,6.0000,15.0000,25.0000,29.7047,100000,1.4538
Adalimumab,Histidine,6.0000,15.0000,25.0000,31.9128,100000,1.4760
Adalimumab,Histidine,6.0000,15.0000,25.0000,34.1208,100000,1.4982
Adalimumab,Histidine,6.0000,15.0000,25.0000,36.3289,100000,1.5205
Adalimumab,Histidine,6.0000,15.0000,25.0000,38.5369,100000,1.5426
Adalimumab,Histidine,6.0000,15.0000,25.0000,40.7450,100000,1.5648
Adalimumab,Histidine,6.0000,15.0000,25.0000,42.9530,100000,1.5863
Adalimumab,Histidine,6.0000,15.0000,25.0000,45.1611,100000,1.6083
Adalimumab,Histidine,6.0000,15.0000,25.0000,47.3691,100000,1.6310
Adalimumab,Histidine,6.0000,15.0000,25.0000,49.5772,100000,1.6555
Adalimumab,Histidine,6.0000,15.0000,25.0000,51.7852,100000,1.6806
Adalimumab,Histidine,6.0000,15.0000,25.0000,53.9933,100000,1.7062
Adalimumab,Histidine,6.0000,15.0000,25.0000,56.2013,100000,1.7326
Adalimumab,Histidine,6.0000,15.0000,25.0000,58.4094,100000,1.7599
Adalimumab,Histidine,6.0000,15.0000,25.0000,60.6174,100000,1.7861
Adalimumab,Histidine,6.0000,15.0000,25.0000,62.8255,100000,1.8144
Adalimumab,Histidine,6.0000,15.0000,25.0000,65.0336,100000,1.8375
Adalimumab,Histidine,6.0000,15.0000,25.0000,67.2416,100000,1.8585
Adalimumab,Histidine,6.0000,15.0000,25.0000,69.4497,100000,1.8792
Adalimumab,Histidine,6.0000,15.0000,25.0000,71.6577,100000,1.9003
Adalimumab,Histidine,6.0000,15.0000,25.0000,73.8658,100000,1.9204
Adalimumab,Histidine,6.0000,15.0000,25.0000,76.0738,100000,1.9419
Adalimumab,Histidine,6.0000,15.0000,25.0000,78.2819,100000,1.9675
Adalimumab,Histidine,6.0000,15.0000,25.0000,80.4899,100000,1.9916
Adalimumab,Histidine,6.0000,15.0000,25.0000,82.6980,100000,2.0183
Adalimumab,Histidine,6.0000,15.0000,25.0000,84.9060,100000,2.0466
Adalimumab,Histidine,6.0000,15.0000,25.0000,87.1141,100000,2.0740
Adalimumab,Histidine,6.0000,15.0000,25.0000,89.3221,100000,2.1182
Adalimumab,Histidine,6.0000,15.0000,25.0000,91.5302,100000,2.1908
Adalimumab,Histidine,6.0000,15.0000,25.0000,93.7383,100000,2.2662
Adalimumab,Histidine,6.0000,15.0000,25.0000,95.9463,100000,2.3432
Adalimumab,Histidine,6.0000,15.0000,25.0000,98.1544,100000,2.4186
Adalimumab,Histidine,6.0000,15.0000,25.0000,100.3624,100000,2.4949
Adalimumab,Histidine,6.0000,15.0000,25.0000,102.5705,100000,2.5726
Adalimumab,Histidine,6.0000,15.0000,25.0000,104.7785,100000,2.6552
Adalimumab,Histidine,6.0000,15.0000,25.0000,106.9866,100000,2.7408
Adalimumab,Histidine,6.0000,15.0000,25.0000,109.1946,100000,2.8339
Adalimumab,Histidine,6.0000,15.0000,25.0000,111.4027,100000,2.9282
Adalimumab,Histidine,6.0000,15.0000,25.0000,113.6107,100000,3.0330
Adalimumab,Histidine,6.0000,15.0000,25.0000,115.8188,100000,3.1673
Adalimumab,Histidine,6.0000,15.0000,25.0000,118.0268,100000,3.3269
Adalimumab,Histidine,6.0000,15.0000,25.0000,120.2349,100000,3.5353
Adalimumab,Histidine,6.0000,15.0000,25.0000,122.4430,100000,3.7768
Adalimumab,Histidine,6.0000,15.0000,25.0000,124.6510,100000,4.0144
Adalimumab,Histidine,6.0000,15.0000,25.0000,126.8591,100000,4.2292
Adalimumab,Histidine,6.0000,15.0000,25.0000,129.0671,100000,4.5219
Adalimumab,Histidine,6.0000,15.0000,25.0000,131.2752,100000,4.8835
Adalimumab,Histidine,6.0000,15.0000,25.0000,133.4832,100000,5.3070
Adalimumab,Histidine,6.0000,15.0000,25.0000,135.6913,100000,5.7546
Adalimumab,Histidine,6.0000,15.0000,25.0000,137.8993,100000,6.0492
Adalimumab,Histidine,6.0000,15.0000,25.0000,140.1074,100000,6.2178
Adalimumab,Histidine,6.0000,15.0000,25.0000,142.3154,100000,6.4041
Adalimumab,Histidine,6.0000,15.0000,25.0000,144.5235,100000,6.5949
Adalimumab,Histidine,6.0000,15.0000,25.0000,146.7315,100000,6.8037
Adalimumab,Histidine,6.0000,15.0000,25.0000,148.9396,100000,7.0052
Adalimumab,Histidine,6.0000,15.0000,25.0000,151.1477,100000,7.1826
Adalimumab,Histidine,6.0000,15.0000,25.0000,153.3557,100000,7.3211
Adalimumab,Histidine,6.0000,15.0000,25.0000,155.5638,100000,7.4608
Adalimumab,Histidine,6.0000,15.0000,25.0000,157.7718,100000,7.6031
Adalimumab,Histidine,6.0000,15.0000,25.0000,159.9799,100000,7.7486
Adalimumab,Histidine,6.0000,15.0000,25.0000,162.1879,100000,7.9273
Adalimumab,Histidine,6.0000,15.0000,25.0000,164.3960,100000,8.1325
Adalimumab,Histidine,6.0000,15.0000,25.0000,166.6040,100000,8.3478
Adalimumab,Histidine,6.0000,15.0000,25.0000,168.8121,100000,8.5819
Adalimumab,Histidine,6.0000,15.0000,25.0000,171.0201,100000,8.8910
Adalimumab,Histidine,6.0000,15.0000,25.0000,173.2282,100000,9.2698
Adalimumab,Histidine,6.0000,15.0000,25.0000,175.4362,100000,9.6100
Adalimumab,Histidine,6.0000,15.0000,25.0000,177.6443,100000,9.9621
Adalimumab,Histidine,6.0000,15.0000,25.0000,179.8523,100000,10.1198
Adalimumab,Histidine,6.0000,15.0000,25.0000,182.0604,100000,10.2509
Adalimumab,Histidine,6.0000,15.0000,25.0000,184.2685,100000,10.3593
Adalimumab,Histidine,6.0000,15.0000,25.0000,186.4765,100000,10.4922
Adalimumab,Histidine,6.0000,15.0000,25.0000,188.6846,100000,10.6412
Adalimumab,Histidine,6.0000,15.0000,25.0000,190.8926,100000,10.8016
Adalimumab,Histidine,6.0000,15.0000,25.0000,193.1007,100000,10.9795
Adalimumab,Histidine,6.0000,15.0000,25.0000,195.3087,100000,11.1665
Adalimumab,Histidine,6.0000,15.0000,25.0000,197.5168,100000,11.3491
Adalimumab,Histidine,6.0000,15.0000,25.0000,199.7248,100000,11.5338
Adalimumab,Histidine,6.0000,15.0000,25.0000,201.9329,100000,11.7697
Adalimumab,Histidine,6.0000,15.0000,25.0000,204.1409,100000,12.0222
Adalimumab,Histidine,6.0000,15.0000,25.0000,206.3490,100000,12.2889
Adalimumab,Histidine,6.0000,15.0000,25.0000,208.5570,100000,12.5791
Adalimumab,Histidine,6.0000,15.0000,25.0000,210.7651,100000,12.8409
Adalimumab,Histidine,6.0000,15.0000,25.0000,212.9732,100000,13.0857
Adalimumab,Histidine,6.0000,15.0000,25.0000,215.1812,100000,13.3360
Adalimumab,Histidine,6.0000,15.0000,25.0000,217.3893,100000,13.5876
Adalimumab,Histidine,6.0000,15.0000,25.0000,219.5973,100000,13.8502
Adalimumab,Histidine,6.0000,15.0000,25.0000,221.8054,100000,14.1202
Adalimumab,Histidine,6.0000,15.0000,25.0000,224.0134,100000,14.3964
Adalimumab,Histidine,6.0000,15.0000,25.0000,226.2215,100000,14.6798
Adalimumab,Histidine,6.0000,15.0000,25.0000,228.4295,100000,14.9127
Adalimumab,Histidine,6.0000,15.0000,25.0000,230.6376,100000,15.1349
Adalimumab,Histidine,6.0000,15.0000,25.0000,232.8456,100000,15.3607
Adalimumab,Histidine,6.0000,15.0000,25.0000,235.0537,100000,15.5666
Adalimumab,Histidine,6.0000,15.0000,25.0000,237.2617,100000,15.7759
Adalimumab,Histidine,6.0000,15.0000,25.0000,239.4698,100000,15.9884
Adalimumab,Histidine,6.0000,15.0000,25.0000,241.6779,100000,16.2042
Adalimumab,Histidine,6.0000,15.0000,25.0000,243.8859,100000,16.4235
Adalimumab,Histidine,6.0000,15.0000,25.0000,246.0940,100000,16.6463
Adalimumab,Histidine,6.0000,15.0000,25.0000,248.3020,100000,16.8685
Adalimumab,Histidine,6.0000,15.0000,25.0000,250.5101,100000,17.0972
Adalimumab,Histidine,6.0000,15.0000,25.0000,252.7181,100000,17.3185
Adalimumab,Histidine,6.0000,15.0000,25.0000,254.9262,100000,17.5406
Adalimumab,Histidine,6.0000,15.0000,25.0000,257.1342,100000,17.7660
Adalimumab,Histidine,6.0000,15.0000,25.0000,259.3423,100000,17.9982
Adalimumab,Histidine,6.0000,15.0000,25.0000,261.5503,100000,18.2344
Adalimumab,Histidine,6.0000,15.0000,25.0000,263.7584,100000,18.4819
Adalimumab,Histidine,6.0000,15.0000,25.0000,265.9664,100000,18.7335
Adalimumab,Histidine,6.0000,15.0000,25.0000,268.1745,100000,18.9892
Adalimumab,Histidine,6.0000,15.0000,25.0000,270.3826,100000,19.2491
Adalimumab,Histidine,6.0000,15.0000,25.0000,272.5906,100000,19.5134
Adalimumab,Histidine,6.0000,15.0000,25.0000,274.7987,100000,19.7903
Adalimumab,Histidine,6.0000,15.0000,25.0000,277.0067,100000,20.0733
Adalimumab,Histidine,6.0000,15.0000,25.0000,279.2148,100000,20.3792
Adalimumab,Histidine,6.0000,15.0000,25.0000,281.4228,100000,20.7695
Adalimumab,Histidine,6.0000,15.0000,25.0000,283.6309,100000,21.2009
Adalimumab,Histidine,6.0000,15.0000,25.0000,285.8389,100000,21.6422
Adalimumab,Histidine,6.0000,15.0000,25.0000,288.0470,100000,22.2395
Adalimumab,Histidine,6.0000,15.0000,25.0000,290.2550,100000,22.7047
Adalimumab,Histidine,6.0000,15.0000,25.0000,292.4631,100000,23.1807
Adalimumab,Histidine,6.0000,15.0000,25.0000,294.6711,100000,23.6678
Adalimumab,Histidine,6.0000,15.0000,25.0000,296.8792,100000,24.0395
Adalimumab,Histidine,6.0000,15.0000,25.0000,299.0872,100000,24.5471
Adalimumab,Histidine,6.0000,15.0000,25.0000,301.2953,100000,25.0988
Adalimumab,Histidine,6.0000,15.0000,25.0000,303.5034,100000,25.6592
Adalimumab,Histidine,6.0000,15.0000,25.0000,305.7114,100000,26.2928
Adalimumab,Histidine,6.0000,15.0000,25.0000,307.9195,100000,26.9656
Adalimumab,Histidine,6.0000,15.0000,25.0000,310.1275,100000,27.6573
Adalimumab,Histidine,6.0000,15.0000,25.0000,312.3356,100000,28.3686
Adalimumab,Histidine,6.0000,15.0000,25.0000,314.5436,100000,29.1174
Adalimumab,Histidine,6.0000,15.0000,25.0000,316.7517,100000,29.8957
Adalimumab,Histidine,6.0000,15.0000,25.0000,318.9597,100000,30.6968
Adalimumab,Histidine,6.0000,15.0000,25.0000,321.1678,100000,31.5213
Adalimumab,Histidine,6.0000,15.0000,25.0000,323.3758,100000,32.1497
Adalimumab,Histidine,6.0000,15.0000,25.0000,325.5839,100000,32.6928
Adalimumab,Histidine,6.0000,15.0000,25.0000,327.7919,100000,33.2462
Adalimumab,Histidine,6.0000,15.0000,25.0000,330.0000,100000,33.7611
Adalimumab,Histidine,6.0000,15.0000,25.0000,0.0000,15000000,0.7838
Adalimumab,Histidine,6.0000,15.0000,25.0000,1.0000,15000000,0.8996
Adalimumab,Histidine,6.0000,15.0000,25.0000,3.2081,15000000,0.9970
Adalimumab,Histidine,6.0000,15.0000,25.0000,5.4161,15000000,1.0542
Adalimumab,Histidine,6.0000,15.0000,25.0000,7.6242,15000000,1.0907
Adalimumab,Histidine,6.0000,15.0000,25.0000,9.8322,15000000,1.1220
Adalimumab,Histidine,6.0000,15.0000,25.0000,12.0403,15000000,1.1498
Adalimumab,Histidine,6.0000,15.0000,25.0000,14.2483,15000000,1.1751
Adalimumab,Histidine,6.0000,15.0000,25.0000,16.4564,15000000,1.1975
Adalimumab,Histidine,6.0000,15.0000,25.0000,18.6644,15000000,1.2180
Adalimumab,Histidine,6.0000,15.0000,25.0000,20.8725,15000000,1.2390
Adalimumab,Histidine,6.0000,15.0000,25.0000,23.0805,15000000,1.2633
Adalimumab,Histidine,6.0000,15.0000,25.0000,25.2886,15000000,1.2860
Adalimumab,Histidine,6.0000,15.0000,25.0000,27.4966,15000000,1.3054
Adalimumab,Histidine,6.0000,15.0000,25.0000,29.7047,15000000,1.3241
Adalimumab,Histidine,6.0000,15.0000,25.0000,31.9128,15000000,1.3420
Adalimumab,Histidine,6.0000,15.0000,25.0000,34.1208,15000000,1.3590
Adalimumab,Histidine,6.0000,15.0000,25.0000,36.3289,15000000,1.3755
Adalimumab,Histidine,6.0000,15.0000,25.0000,38.5369,15000000,1.3916
Adalimumab,Histidine,6.0000,15.0000,25.0000,40.7450,15000000,1.4066
Adalimumab,Histidine,6.0000,15.0000,25.0000,42.9530,15000000,1.4210
Adalimumab,Histidine,6.0000,15.0000,25.0000,45.1611,15000000,1.4352
Adalimumab,Histidine,6.0000,15.0000,25.0000,47.3691,15000000,1.4475
Adalimumab,Histidine,6.0000,15.0000,25.0000,49.5772,15000000,1.4592
Adalimumab,Histidine,6.0000,15.0000,25.0000,51.7852,15000000,1.4715
Adalimumab,Histidine,6.0000,15.0000,25.0000,53.9933,15000000,1.4830
Adalimumab,Histidine,6.0000,15.0000,25.0000,56.2013,15000000,1.4879
Adalimumab,Histidine,6.0000,15.0000,25.0000,58.4094,15000000,1.4918
Adalimumab,Histidine,6.0000,15.0000,25.0000,60.6174,15000000,1.4943
Adalimumab,Histidine,6.0000,15.0000,25.0000,62.8255,15000000,1.4953
Adalimumab,Histidine,6.0000,15.0000,25.0000,65.0336,15000000,1.4963
Adalimumab,Histidine,6.0000,15.0000,25.0000,67.2416,15000000,1.4968
Adalimumab,Histidine,6.0000,15.0000,25.0000,69.4497,15000000,1.4967
Adalimumab,Histidine,6.0000,15.0000,25.0000,71.6577,15000000,1.4966
Adalimumab,Histidine,6.0000,15.0000,25.0000,73.8658,15000000,1.4966
Adalimumab,Histidine,6.0000,15.0000,25.0000,76.0738,15000000,1.4956
Adalimumab,Histidine,6.0000,15.0000,25.0000,78.2819,15000000,1.4949
Adalimumab,Histidine,6.0000,15.0000,25.0000,80.4899,15000000,1.4967
Adalimumab,Histidine,6.0000,15.0000,25.0000,82.6980,15000000,1.4985
Adalimumab,Histidine,6.0000,15.0000,25.0000,84.9060,15000000,1.5006
Adalimumab,Histidine,6.0000,15.0000,25.0000,87.1141,15000000,1.5037
Adalimumab,Histidine,6.0000,15.0000,25.0000,89.3221,15000000,1.5176
Adalimumab,Histidine,6.0000,15.0000,25.0000,91.5302,15000000,1.5431
Adalimumab,Histidine,6.0000,15.0000,25.0000,93.7383,15000000,1.5673
Adalimumab,Histidine,6.0000,15.0000,25.0000,95.9463,15000000,1.5968
Adalimumab,Histidine,6.0000,15.0000,25.0000,98.1544,15000000,1.6280
Adalimumab,Histidine,6.0000,15.0000,25.0000,100.3624,15000000,1.6605
Adalimumab,Histidine,6.0000,15.0000,25.0000,102.5705,15000000,1.6941
Adalimumab,Histidine,6.0000,15.0000,25.0000,104.7785,15000000,1.7275
Adalimumab,Histidine,6.0000,15.0000,25.0000,106.9866,15000000,1.7626
Adalimumab,Histidine,6.0000,15.0000,25.0000,109.1946,15000000,1.7990
Adalimumab,Histidine,6.0000,15.0000,25.0000,111.4027,15000000,1.8317
Adalimumab,Histidine,6.0000,15.0000,25.0000,113.6107,15000000,1.8525
Adalimumab,Histidine,6.0000,15.0000,25.0000,115.8188,15000000,1.8668
Adalimumab,Histidine,6.0000,15.0000,25.0000,118.0268,15000000,1.8804
Adalimumab,Histidine,6.0000,15.0000,25.0000,120.2349,15000000,1.9035
Adalimumab,Histidine,6.0000,15.0000,25.0000,122.4430,15000000,1.9349
Adalimumab,Histidine,6.0000,15.0000,25.0000,124.6510,15000000,1.9644
Adalimumab,Histidine,6.0000,15.0000,25.0000,126.8591,15000000,2.0075
Adalimumab,Histidine,6.0000,15.0000,25.0000,129.0671,15000000,2.0765
Adalimumab,Histidine,6.0000,15.0000,25.0000,131.2752,15000000,2.1537
Adalimumab,Histidine,6.0000,15.0000,25.0000,133.4832,15000000,2.2352
Adalimumab,Histidine,6.0000,15.0000,25.0000,135.6913,15000000,2.3363
Adalimumab,Histidine,6.0000,15.0000,25.0000,137.8993,15000000,2.4294
Adalimumab,Histidine,6.0000,15.0000,25.0000,140.1074,15000000,2.5014
Adalimumab,Histidine,6.0000,15.0000,25.0000,142.3154,15000000,2.5827
Adalimumab,Histidine,6.0000,15.0000,25.0000,144.5235,15000000,2.6696
Adalimumab,Histidine,6.0000,15.0000,25.0000,146.7315,15000000,2.7606
Adalimumab,Histidine,6.0000,15.0000,25.0000,148.9396,15000000,2.8438
Adalimumab,Histidine,6.0000,15.0000,25.0000,151.1477,15000000,2.9026
Adalimumab,Histidine,6.0000,15.0000,25.0000,153.3557,15000000,2.9628
Adalimumab,Histidine,6.0000,15.0000,25.0000,155.5638,15000000,3.0243
Adalimumab,Histidine,6.0000,15.0000,25.0000,157.7718,15000000,3.0873
Adalimumab,Histidine,6.0000,15.0000,25.0000,159.9799,15000000,3.1456
Adalimumab,Histidine,6.0000,15.0000,25.0000,162.1879,15000000,3.2173
Adalimumab,Histidine,6.0000,15.0000,25.0000,164.3960,15000000,3.2968
Adalimumab,Histidine,6.0000,15.0000,25.0000,166.6040,15000000,3.3786
Adalimumab,Histidine,6.0000,15.0000,25.0000,168.8121,15000000,3.4539
Adalimumab,Histidine,6.0000,15.0000,25.0000,171.0201,15000000,3.5608
Adalimumab,Histidine,6.0000,15.0000,25.0000,173.2282,15000000,3.6866
Adalimumab,Histidine,6.0000,15.0000,25.0000,175.4362,15000000,3.8105
Adalimumab,Histidine,6.0000,15.0000,25.0000,177.6443,15000000,3.9042
Adalimumab,Histidine,6.0000,15.0000,25.0000,179.8523,15000000,3.9602
Adalimumab,Histidine,6.0000,15.0000,25.0000,182.0604,15000000,3.9932
Adalimumab,Histidine,6.0000,15.0000,25.0000,184.2685,15000000,4.0210
Adalimumab,Histidine,6.0000,15.0000,25.0000,186.4765,15000000,4.0722
Adalimumab,Histidine,6.0000,15.0000,25.0000,188.6846,15000000,4.1262
Adalimumab,Histidine,6.0000,15.0000,25.0000,190.8926,15000000,4.1811
Adalimumab,Histidine,6.0000,15.0000,25.0000,193.1007,15000000,4.2370
Adalimumab,Histidine,6.0000,15.0000,25.0000,195.3087,15000000,4.2939
Adalimumab,Histidine,6.0000,15.0000,25.0000,197.5168,15000000,4.3518
Adalimumab,Histidine,6.0000,15.0000,25.0000,199.7248,15000000,4.4060
Adalimumab,Histidine,6.0000,15.0000,25.0000,201.9329,15000000,4.4587
Adalimumab,Histidine,6.0000,15.0000,25.0000,204.1409,15000000,4.5123
Adalimumab,Histidine,6.0000,15.0000,25.0000,206.3490,15000000,4.5693
Adalimumab,Histidine,6.0000,15.0000,25.0000,208.5570,15000000,4.6202
Adalimumab,Histidine,6.0000,15.0000,25.0000,210.7651,15000000,4.6726
Adalimumab,Histidine,6.0000,15.0000,25.0000,212.9732,15000000,4.7180
Adalimumab,Histidine,6.0000,15.0000,25.0000,215.1812,15000000,4.7608
Adalimumab,Histidine,6.0000,15.0000,25.0000,217.3893,15000000,4.8007
Adalimumab,Histidine,6.0000,15.0000,25.0000,219.5973,15000000,4.8372
Adalimumab,Histidine,6.0000,15.0000,25.0000,221.8054,15000000,4.8739
Adalimumab,Histidine,6.0000,15.0000,25.0000,224.0134,15000000,4.9170
Adalimumab,Histidine,6.0000,15.0000,25.0000,226.2215,15000000,4.9703
Adalimumab,Histidine,6.0000,15.0000,25.0000,228.4295,15000000,5.0286
Adalimumab,Histidine,6.0000,15.0000,25.0000,230.6376,15000000,5.0873
Adalimumab,Histidine,6.0000,15.0000,25.0000,232.8456,15000000,5.1468
Adalimumab,Histidine,6.0000,15.0000,25.0000,235.0537,15000000,5.2071
Adalimumab,Histidine,6.0000,15.0000,25.0000,237.2617,15000000,5.2683
Adalimumab,Histidine,6.0000,15.0000,25.0000,239.4698,15000000,5.3302
Adalimumab,Histidine,6.0000,15.0000,25.0000,241.6779,15000000,5.3930
Adalimumab,Histidine,6.0000,15.0000,25.0000,243.8859,15000000,5.4547
Adalimumab,Histidine,6.0000,15.0000,25.0000,246.0940,15000000,5.5132
Adalimumab,Histidine,6.0000,15.0000,25.0000,248.3020,15000000,5.5701
Adalimumab,Histidine,6.0000,15.0000,25.0000,250.5101,15000000,5.6278
Adalimumab,Histidine,6.0000,15.0000,25.0000,252.7181,15000000,5.6861
Adalimumab,Histidine,6.0000,15.0000,25.0000,254.9262,15000000,5.7451
Adalimumab,Histidine,6.0000,15.0000,25.0000,257.1342,15000000,5.8042
Adalimumab,Histidine,6.0000,15.0000,25.0000,259.3423,15000000,5.8700
Adalimumab,Histidine,6.0000,15.0000,25.0000,261.5503,15000000,5.9423
Adalimumab,Histidine,6.0000,15.0000,25.0000,263.7584,15000000,6.0156
Adalimumab,Histidine,6.0000,15.0000,25.0000,265.9664,15000000,6.0899
Adalimumab,Histidine,6.0000,15.0000,25.0000,268.1745,15000000,6.1653
Adalimumab,Histidine,6.0000,15.0000,25.0000,270.3826,15000000,6.2358
Adalimumab,Histidine,6.0000,15.0000,25.0000,272.5906,15000000,6.3060
Adalimumab,Histidine,6.0000,15.0000,25.0000,274.7987,15000000,6.3771
Adalimumab,Histidine,6.0000,15.0000,25.0000,277.0067,15000000,6.4546
Adalimumab,Histidine,6.0000,15.0000,25.0000,279.2148,15000000,6.5411
Adalimumab,Histidine,6.0000,15.0000,25.0000,281.4228,15000000,6.6358
Adalimumab,Histidine,6.0000,15.0000,25.0000,283.6309,15000000,6.7341
Adalimumab,Histidine,6.0000,15.0000,25.0000,285.8389,15000000,6.8339
Adalimumab,Histidine,6.0000,15.0000,25.0000,288.0470,15000000,6.9515
Adalimumab,Histidine,6.0000,15.0000,25.0000,290.2550,15000000,7.0499
Adalimumab,Histidine,6.0000,15.0000,25.0000,292.4631,15000000,7.1477
Adalimumab,Histidine,6.0000,15.0000,25.0000,294.6711,15000000,7.2471
Adalimumab,Histidine,6.0000,15.0000,25.0000,296.8792,15000000,7.3336
Adalimumab,Histidine,6.0000,15.0000,25.0000,299.0872,15000000,7.4361
Adalimumab,Histidine,6.0000,15.0000,25.0000,301.2953,15000000,7.5404
Adalimumab,Histidine,6.0000,15.0000,25.0000,303.5034,15000000,7.6420
Adalimumab,Histidine,6.0000,15.0000,25.0000,305.7114,15000000,7.7496
Adalimumab,Histidine,6.0000,15.0000,25.0000,307.9195,15000000,7.8591
Adalimumab,Histidine,6.0000,15.0000,25.0000,310.1275,15000000,7.9703
Adalimumab,Histidine,6.0000,15.0000,25.0000,312.3356,15000000,8.0835
Adalimumab,Histidine,6.0000,15.0000,25.0000,314.5436,15000000,8.1985
Adalimumab,Histidine,6.0000,15.0000,25.0000,316.7517,15000000,8.3155
Adalimumab,Histidine,6.0000,15.0000,25.0000,318.9597,15000000,8.4345
Adalimumab,Histidine,6.0000,15.0000,25.0000,321.1678,15000000,8.5360
Adalimumab,Histidine,6.0000,15.0000,25.0000,323.3758,15000000,8.6261
Adalimumab,Histidine,6.0000,15.0000,25.0000,325.5839,15000000,8.7174
Adalimumab,Histidine,6.0000,15.0000,25.0000,327.7919,15000000,8.8098
Adalimumab,Histidine,6.0000,15.0000,25.0000,330.0000,15000000,8.9035
Nivolumab,Histidine,6.0000,15.0000,25.0000,0.0000,100,0.7659
Nivolumab,Histidine,6.0000,15.0000,25.0000,1.0000,100,0.8964
Nivolumab,Histidine,6.0000,15.0000,25.0000,3.2081,100,0.9950
Nivolumab,Histidine,6.0000,15.0000,25.0000,5.4161,100,1.0527
Nivolumab,Histidine,6.0000,15.0000,25.0000,7.6242,100,1.0949
Nivolumab,Histidine,6.0000,15.0000,25.0000,9.8322,100,1.1182
Nivolumab,Histidine,6.0000,15.0000,25.0000,12.0403,100,1.1325
Nivolumab,Histidine,6.0000,15.0000,25.0000,14.2483,100,1.1440
Nivolumab,Histidine,6.0000,15.0000,25.0000,16.4564,100,1.1587
Nivolumab,Histidine,6.0000,15.0000,25.0000,18.6644,100,1.1710
Nivolumab,Histidine,6.0000,15.0000,25.0000,20.8725,100,1.1836
Nivolumab,Histidine,6.0000,15.0000,25.0000,23.0805,100,1.2019
Nivolumab,Histidine,6.0000,15.0000,25.0000,25.2886,100,1.2256
Nivolumab,Histidine,6.0000,15.0000,25.0000,27.4966,100,1.2496
Nivolumab,Histidine,6.0000,15.0000,25.0000,29.7047,100,1.2766
Nivolumab,Histidine,6.0000,15.0000,25.0000,31.9128,100,1.3117
Nivolumab,Histidine,6.0000,15.0000,25.0000,34.1208,100,1.3498
Nivolumab,Histidine,6.0000,15.0000,25.0000,36.3289,100,1.3882
Nivolumab,Histidine,6.0000,15.0000,25.0000,38.5369,100,1.4252
Nivolumab,Histidine,6.0000,15.0000,25.0000,40.7450,100,1.4669
Nivolumab,Histidine,6.0000,15.0000,25.0000,42.9530,100,1.5129
Nivolumab,Histidine,6.0000,15.0000,25.0000,45.1611,100,1.5600
Nivolumab,Histidine,6.0000,15.0000,25.0000,47.3691,100,1.6071
Nivolumab,Histidine,6.0000,15.0000,25.0000,49.5772,100,1.6558
Nivolumab,Histidine,6.0000,15.0000,25.0000,51.7852,100,1.7180
Nivolumab,Histidine,6.0000,15.0000,25.0000,53.9933,100,1.7953
Nivolumab,Histidine,6.0000,15.0000,25.0000,56.2013,100,1.8685
Nivolumab,Histidine,6.0000,15.0000,25.0000,58.4094,100,1.9411
Nivolumab,Histidine,6.0000,15.0000,25.0000,60.6174,100,2.0130
Nivolumab,Histidine,6.0000,15.0000,25.0000,62.8255,100,2.0778
Nivolumab,Histidine,6.0000,15.0000,25.0000,65.0336,100,2.1401
Nivolumab,Histidine,6.0000,15.0000,25.0000,67.2416,100,2.1965
Nivolumab,Histidine,6.0000,15.0000,25.0000,69.4497,100,2.2509
Nivolumab,Histidine,6.0000,15.0000,25.0000,71.6577,100,2.3033
Nivolumab,Histidine,6.0000,15.0000,25.0000,73.8658,100,2.3496
Nivolumab,Histidine,6.0000,15.0000,25.0000,76.0738,100,2.3889
Nivolumab,Histidine,6.0000,15.0000,25.0000,78.2819,100,2.4189
Nivolumab,Histidine,6.0000,15.0000,25.0000,80.4899,100,2.4492
Nivolumab,Histidine,6.0000,15.0000,25.0000,82.6980,100,2.4853
Nivolumab,Histidine,6.0000,15.0000,25.0000,84.9060,100,2.5228
Nivolumab,Histidine,6.0000,15.0000,25.0000,87.1141,100,2.5577
Nivolumab,Histidine,6.0000,15.0000,25.0000,89.3221,100,2.5919
Nivolumab,Histidine,6.0000,15.0000,25.0000,91.5302,100,2.6311
Nivolumab,Histidine,6.0000,15.0000,25.0000,93.7383,100,2.6551
Nivolumab,Histidine,6.0000,15.0000,25.0000,95.9463,100,2.6886
Nivolumab,Histidine,6.0000,15.0000,25.0000,98.1544,100,2.7344
Nivolumab,Histidine,6.0000,15.0000,25.0000,100.3624,100,2.7804
Nivolumab,Histidine,6.0000,15.0000,25.0000,102.5705,100,2.8165
Nivolumab,Histidine,6.0000,15.0000,25.0000,104.7785,100,2.8632
Nivolumab,Histidine,6.0000,15.0000,25.0000,106.9866,100,2.9190
Nivolumab,Histidine,6.0000,15.0000,25.0000,109.1946,100,2.9494
Nivolumab,Histidine,6.0000,15.0000,25.0000,111.4027,100,2.9576
Nivolumab,Histidine,6.0000,15.0000,25.0000,113.6107,100,2.9881
Nivolumab,Histidine,6.0000,15.0000,25.0000,115.8188,100,3.0206
Nivolumab,Histidine,6.0000,15.0000,25.0000,118.0268,100,3.0634
Nivolumab,Histidine,6.0000,15.0000,25.0000,120.2349,100,3.1322
Nivolumab,Histidine,6.0000,15.0000,25.0000,122.4430,100,3.1821
Nivolumab,Histidine,6.0000,15.0000,25.0000,124.6510,100,3.2241
Nivolumab,Histidine,6.0000,15.0000,25.0000,126.8591,100,3.2733
Nivolumab,Histidine,6.0000,15.0000,25.0000,129.0671,100,3.3407
Nivolumab,Histidine,6.0000,15.0000,25.0000,131.2752,100,3.3970
Nivolumab,Histidine,6.0000,15.0000,25.0000,133.4832,100,3.4795
Nivolumab,Histidine,6.0000,15.0000,25.0000,135.6913,100,3.5437
Nivolumab,Histidine,6.0000,15.0000,25.0000,137.8993,100,3.6091
Nivolumab,Histidine,6.0000,15.0000,25.0000,140.1074,100,3.6804
Nivolumab,Histidine,6.0000,15.0000,25.0000,142.3154,100,3.7628
Nivolumab,Histidine,6.0000,15.0000,25.0000,144.5235,100,3.8553
Nivolumab,Histidine,6.0000,15.0000,25.0000,146.7315,100,3.9486
Nivolumab,Histidine,6.0000,15.0000,25.0000,148.9396,100,4.0827
Nivolumab,Histidine,6.0000,15.0000,25.0000,151.1477,100,4.2364
Nivolumab,Histidine,6.0000,15.0000,25.0000,153.3557,100,4.4038
Nivolumab,Histidine,6.0000,15.0000,25.0000,155.5638,100,4.5799
Nivolumab,Histidine,6.0000,15.0000,25.0000,157.7718,100,4.7599
Nivolumab,Histidine,6.0000,15.0000,25.0000,159.9799,100,4.8563
Nivolumab,Histidine,6.0000,15.0000,25.0000,162.1879,100,4.9712
Nivolumab,Histidine,6.0000,15.0000,25.0000,164.3960,100,5.0985
Nivolumab,Histidine,6.0000,15.0000,25.0000,166.6040,100,5.2273
Nivolumab,Histidine,6.0000,15.0000,25.0000,168.8121,100,5.3549
Nivolumab,Histidine,6.0000,15.0000,25.0000,171.0201,100,5.5086
Nivolumab,Histidine,6.0000,15.0000,25.0000,173.2282,100,5.6690
Nivolumab,Histidine,6.0000,15.0000,25.0000,175.4362,100,5.8716
Nivolumab,Histidine,6.0000,15.0000,25.0000,177.6443,100,6.1308
Nivolumab,Histidine,6.0000,15.0000,25.0000,179.8523,100,6.3176
Nivolumab,Histidine,6.0000,15.0000,25.0000,182.0604,100,6.6034
Nivolumab,Histidine,6.0000,15.0000,25.0000,184.2685,100,6.9838
Nivolumab,Histidine,6.0000,15.0000,25.0000,186.4765,100,7.1845
Nivolumab,Histidine,6.0000,15.0000,25.0000,188.6846,100,7.3912
Nivolumab,Histidine,6.0000,15.0000,25.0000,190.8926,100,7.5859
Nivolumab,Histidine,6.0000,15.0000,25.0000,193.1007,100,7.8898
Nivolumab,Histidine,6.0000,15.0000,25.0000,195.3087,100,8.2812
Nivolumab,Histidine,6.0000,15.0000,25.0000,197.5168,100,8.6601
Nivolumab,Histidine,6.0000,15.0000,25.0000,199.7248,100,9.1044
Nivolumab,Histidine,6.0000,15.0000,25.0000,201.9329,100,9.4724
Nivolumab,Histidine,6.0000,15.0000,25.0000,204.1409,100,9.8805
Nivolumab,Histidine,6.0000,15.0000,25.0000,206.3490,100,10.3759
Nivolumab,Histidine,6.0000,15.0000,25.0000,208.5570,100,10.7114
Nivolumab,Histidine,6.0000,15.0000,25.0000,210.7651,100,11.0961
Nivolumab,Histidine,6.0000,15.0000,25.0000,212.9732,100,11.6138
Nivolumab,Histidine,6.0000,15.0000,25.0000,215.1812,100,12.1730
Nivolumab,Histidine,6.0000,15.0000,25.0000,217.3893,100,12.7614
Nivolumab,Histidine,6.0000,15.0000,25.0000,219.5973,100,13.3806
Nivolumab,Histidine,6.0000,15.0000,25.0000,221.8054,100,14.0321
Nivolumab,Histidine,6.0000,15.0000,25.0000,224.0134,100,14.7176
Nivolumab,Histidine,6.0000,15.0000,25.0000,226.2215,100,15.4634
Nivolumab,Histidine,6.0000,15.0000,25.0000,228.4295,100,16.2967
Nivolumab,Histidine,6.0000,15.0000,25.0000,230.6376,100,17.1593
Nivolumab,Histidine,6.0000,15.0000,25.0000,232.8456,100,18.0870
Nivolumab,Histidine,6.0000,15.0000,25.0000,235.0537,100,19.0609
Nivolumab,Histidine,6.0000,15.0000,25.0000,237.2617,100,20.0912
Nivolumab,Histidine,6.0000,15.0000,25.0000,239.4698,100,21.1995
Nivolumab,Histidine,6.0000,15.0000,25.0000,241.6779,100,22.4090
Nivolumab,Histidine,6.0000,15.0000,25.0000,243.8859,100,23.8948
Nivolumab,Histidine,6.0000,15.0000,25.0000,246.0940,100,25.5601
Nivolumab,Histidine,6.0000,15.0000,25.0000,248.3020,100,27.3640
Nivolumab,Histidine,6.0000,15.0000,25.0000,250.5101,100,29.1940
Nivolumab,Histidine,6.0000,15.0000,25.0000,252.7181,100,31.0069
Nivolumab,Histidine,6.0000,15.0000,25.0000,254.9262,100,32.9097
Nivolumab,Histidine,6.0000,15.0000,25.0000,257.1342,100,34.9383
Nivolumab,Histidine,6.0000,15.0000,25.0000,259.3423,100,37.1018
Nivolumab,Histidine,6.0000,15.0000,25.0000,261.5503,100,39.4097
Nivolumab,Histidine,6.0000,15.0000,25.0000,263.7584,100,41.8721
Nivolumab,Histidine,6.0000,15.0000,25.0000,265.9664,100,44.4587
Nivolumab,Histidine,6.0000,15.0000,25.0000,268.1745,100,47.1116
Nivolumab,Histidine,6.0000,15.0000,25.0000,270.3826,100,49.8437
Nivolumab,Histidine,6.0000,15.0000,25.0000,272.5906,100,52.7471
Nivolumab,Histidine,6.0000,15.0000,25.0000,274.7987,100,55.7544
Nivolumab,Histidine,6.0000,15.0000,25.0000,277.0067,100,58.0242
Nivolumab,Histidine,6.0000,15.0000,25.0000,279.2148,100,60.4198
Nivolumab,Histidine,6.0000,15.0000,25.0000,281.4228,100,62.6592
Nivolumab,Histidine,6.0000,15.0000,25.0000,283.6309,100,64.2662
Nivolumab,Histidine,6.0000,15.0000,25.0000,285.8389,100,65.9064
Nivolumab,Histidine,6.0000,15.0000,25.0000,288.0470,100,67.3745
Nivolumab,Histidine,6.0000,15.0000,25.0000,290.2550,100,68.8230
Nivolumab,Histidine,6.0000,15.0000,25.0000,292.4631,100,70.3205
Nivolumab,Histidine,6.0000,15.0000,25.0000,294.6711,100,71.5941
Nivolumab,Histidine,6.0000,15.0000,25.0000,296.8792,100,72.9060
Nivolumab,Histidine,6.0000,15.0000,25.0000,299.0872,100,74.2430
Nivolumab,Histidine,6.0000,15.0000,25.0000,301.2953,100,75.6056
Nivolumab,Histidine,6.0000,15.0000,25.0000,303.5034,100,76.9943
Nivolumab,Histidine,6.0000,15.0000,25.0000,305.7114,100,78.3833
Nivolumab,Histidine,6.0000,15.0000,25.0000,307.9195,100,79.6512
Nivolumab,Histidine,6.0000,15.0000,25.0000,310.1275,100,80.8955
Nivolumab,Histidine,6.0000,15.0000,25.0000,312.3356,100,82.1592
Nivolumab,Histidine,6.0000,15.0000,25.0000,314.5436,100,83.4469
Nivolumab,Histidine,6.0000,15.0000,25.0000,316.7517,100,84.7294
Nivolumab,Histidine,6.0000,15.0000,25.0000,318.9597,100,86.0996
Nivolumab,Histidine,6.0000,15.0000,25.0000,321.1678,100,87.4932
Nivolumab,Histidine,6.0000,15.0000,25.0000,323.3758,100,88.9097
Nivolumab,Histidine,6.0000,15.0000,25.0000,325.5839,100,90.3494
Nivolumab,Histidine,6.0000,15.0000,25.0000,327.7919,100,91.8128
Nivolumab,Histidine,6.0000,15.0000,25.0000,330.0000,100,93.2882
Nivolumab,Histidine,6.0000,15.0000,25.0000,0.0000,1000,0.7487
Nivolumab,Histidine,6.0000,15.0000,25.0000,1.0000,1000,0.8921
Nivolumab,Histidine,6.0000,15.0000,25.0000,3.2081,1000,0.9860
Nivolumab,Histidine,6.0000,15.0000,25.0000,5.4161,1000,1.0357
Nivolumab,Histidine,6.0000,15.0000,25.0000,7.6242,1000,1.0709
Nivolumab,Histidine,6.0000,15.0000,25.0000,9.8322,1000,1.0910
Nivolumab,Histidine,6.0000,15.0000,25.0000,12.0403,1000,1.1015
Nivolumab,Histidine,6.0000,15.0000,25.0000,14.2483,1000,1.1125
Nivolumab,Histidine,6.0000,15.0000,25.0000,16.4564,1000,1.1268
Nivolumab,Histidine,6.0000,15.0000,25.0000,18.6644,1000,1.1385
Nivolumab,Histidine,6.0000,15.0000,25.0000,20.8725,1000,1.1501
Nivolumab,Histidine,6.0000,15.0000,25.0000,23.0805,1000,1.1633
Nivolumab,Histidine,6.0000,15.0000,25.0000,25.2886,1000,1.1779
Nivolumab,Histidine,6.0000,15.0000,25.0000,27.4966,1000,1.1932
Nivolumab,Histidine,6.0000,15.0000,25.0000,29.7047,1000,1.2120
Nivolumab,Histidine,6.0000,15.0000,25.0000,31.9128,1000,1.2347
Nivolumab,Histidine,6.0000,15.0000,25.0000,34.1208,1000,1.2577
Nivolumab,Histidine,6.0000,15.0000,25.0000,36.3289,1000,1.2849
Nivolumab,Histidine,6.0000,15.0000,25.0000,38.5369,1000,1.3117
Nivolumab,Histidine,6.0000,15.0000,25.0000,40.7450,1000,1.3387
Nivolumab,Histidine,6.0000,15.0000,25.0000,42.9530,1000,1.3739
Nivolumab,Histidine,6.0000,15.0000,25.0000,45.1611,1000,1.4167
Nivolumab,Histidine,6.0000,15.0000,25.0000,47.3691,1000,1.4619
Nivolumab,Histidine,6.0000,15.0000,25.0000,49.5772,1000,1.5117
Nivolumab,Histidine,6.0000,15.0000,25.0000,51.7852,1000,1.5752
Nivolumab,Histidine,6.0000,15.0000,25.0000,53.9933,1000,1.6492
Nivolumab,Histidine,6.0000,15.0000,25.0000,56.2013,1000,1.7193
Nivolumab,Histidine,6.0000,15.0000,25.0000,58.4094,1000,1.7886
Nivolumab,Histidine,6.0000,15.0000,25.0000,60.6174,1000,1.8569
Nivolumab,Histidine,6.0000,15.0000,25.0000,62.8255,1000,1.9264
Nivolumab,Histidine,6.0000,15.0000,25.0000,65.0336,1000,1.9965
Nivolumab,Histidine,6.0000,15.0000,25.0000,67.2416,1000,2.0708
Nivolumab,Histidine,6.0000,15.0000,25.0000,69.4497,1000,2.1399
Nivolumab,Histidine,6.0000,15.0000,25.0000,71.6577,1000,2.2010
Nivolumab,Histidine,6.0000,15.0000,25.0000,73.8658,1000,2.2554
Nivolumab,Histidine,6.0000,15.0000,25.0000,76.0738,1000,2.3096
Nivolumab,Histidine,6.0000,15.0000,25.0000,78.2819,1000,2.3481
Nivolumab,Histidine,6.0000,15.0000,25.0000,80.4899,1000,2.3788
Nivolumab,Histidine,6.0000,15.0000,25.0000,82.6980,1000,2.4087
Nivolumab,Histidine,6.0000,15.0000,25.0000,84.9060,1000,2.4463
Nivolumab,Histidine,6.0000,15.0000,25.0000,87.1141,1000,2.4823
Nivolumab,Histidine,6.0000,15.0000,25.0000,89.3221,1000,2.5157
Nivolumab,Histidine,6.0000,15.0000,25.0000,91.5302,1000,2.5459
Nivolumab,Histidine,6.0000,15.0000,25.0000,93.7383,1000,2.5821
Nivolumab,Histidine,6.0000,15.0000,25.0000,95.9463,1000,2.6017
Nivolumab,Histidine,6.0000,15.0000,25.0000,98.1544,1000,2.6337
Nivolumab,Histidine,6.0000,15.0000,25.0000,100.3624,1000,2.6705
Nivolumab,Histidine,6.0000,15.0000,25.0000,102.5705,1000,2.7055
Nivolumab,Histidine,6.0000,15.0000,25.0000,104.7785,1000,2.7404
Nivolumab,Histidine,6.0000,15.0000,25.0000,106.9866,1000,2.7861
Nivolumab,Histidine,6.0000,15.0000,25.0000,109.1946,1000,2.8316
Nivolumab,Histidine,6.0000,15.0000,25.0000,111.4027,1000,2.8656
Nivolumab,Histidine,6.0000,15.0000,25.0000,113.6107,1000,2.8967
Nivolumab,Histidine,6.0000,15.0000,25.0000,115.8188,1000,2.9057
Nivolumab,Histidine,6.0000,15.0000,25.0000,118.0268,1000,2.9369
Nivolumab,Histidine,6.0000,15.0000,25.0000,120.2349,1000,2.9866
Nivolumab,Histidine,6.0000,15.0000,25.0000,122.4430,1000,3.0424
Nivolumab,Histidine,6.0000,15.0000,25.0000,124.6510,1000,3.0960
Nivolumab,Histidine,6.0000,15.0000,25.0000,126.8591,1000,3.1545
Nivolumab,Histidine,6.0000,15.0000,25.0000,129.0671,1000,3.1856
Nivolumab,Histidine,6.0000,15.0000,25.0000,131.2752,1000,3.2146
Nivolumab,Histidine,6.0000,15.0000,25.0000,133.4832,1000,3.2516
Nivolumab,Histidine,6.0000,15.0000,25.0000,135.6913,1000,3.3050
Nivolumab,Histidine,6.0000,15.0000,25.0000,137.8993,1000,3.3687
Nivolumab,Histidine,6.0000,15.0000,25.0000,140.1074,1000,3.4237
Nivolumab,Histidine,6.0000,15.0000,25.0000,142.3154,1000,3.4960
Nivolumab,Histidine,6.0000,15.0000,25.0000,144.5235,1000,3.5761
Nivolumab,Histidine,6.0000,15.0000,25.0000,146.7315,1000,3.6696
Nivolumab,Histidine,6.0000,15.0000,25.0000,148.9396,1000,3.7920
Nivolumab,Histidine,6.0000,15.0000,25.0000,151.1477,1000,3.9218
Nivolumab,Histidine,6.0000,15.0000,25.0000,153.3557,1000,4.0605
Nivolumab,Histidine,6.0000,15.0000,25.0000,155.5638,1000,4.2186
Nivolumab,Histidine,6.0000,15.0000,25.0000,157.7718,1000,4.3874
Nivolumab,Histidine,6.0000,15.0000,25.0000,159.9799,1000,4.5822
Nivolumab,Histidine,6.0000,15.0000,25.0000,162.1879,1000,4.7295
Nivolumab,Histidine,6.0000,15.0000,25.0000,164.3960,1000,4.8878
Nivolumab,Histidine,6.0000,15.0000,25.0000,166.6040,1000,5.0183
Nivolumab,Histidine,6.0000,15.0000,25.0000,168.8121,1000,5.1743
Nivolumab,Histidine,6.0000,15.0000,25.0000,171.0201,1000,5.3355
Nivolumab,Histidine,6.0000,15.0000,25.0000,173.2282,1000,5.5020
Nivolumab,Histidine,6.0000,15.0000,25.0000,175.4362,1000,5.6727
Nivolumab,Histidine,6.0000,15.0000,25.0000,177.6443,1000,5.9056
Nivolumab,Histidine,6.0000,15.0000,25.0000,179.8523,1000,6.0639
Nivolumab,Histidine,6.0000,15.0000,25.0000,182.0604,1000,6.2832
Nivolumab,Histidine,6.0000,15.0000,25.0000,184.2685,1000,6.6043
Nivolumab,Histidine,6.0000,15.0000,25.0000,186.4765,1000,6.7581
Nivolumab,Histidine,6.0000,15.0000,25.0000,188.6846,1000,6.9568
Nivolumab,Histidine,6.0000,15.0000,25.0000,190.8926,1000,7.1531
Nivolumab,Histidine,6.0000,15.0000,25.0000,193.1007,1000,7.3638
Nivolumab,Histidine,6.0000,15.0000,25.0000,195.3087,1000,7.7076
Nivolumab,Histidine,6.0000,15.0000,25.0000,197.5168,1000,8.0910
Nivolumab,Histidine,6.0000,15.0000,25.0000,199.7248,1000,8.4036
Nivolumab,Histidine,6.0000,15.0000,25.0000,201.9329,1000,8.7307
Nivolumab,Histidine,6.0000,15.0000,25.0000,204.1409,1000,9.0959
Nivolumab,Histidine,6.0000,15.0000,25.0000,206.3490,1000,9.6420
Nivolumab,Histidine,6.0000,15.0000,25.0000,208.5570,1000,10.0484
Nivolumab,Histidine,6.0000,15.0000,25.0000,210.7651,1000,10.4291
Nivolumab,Histidine,6.0000,15.0000,25.0000,212.9732,1000,10.8256
Nivolumab,Histidine,6.0000,15.0000,25.0000,215.1812,1000,11.2317
Nivolumab,Histidine,6.0000,15.0000,25.0000,217.3893,1000,11.6546
Nivolumab,Histidine,6.0000,15.0000,25.0000,219.5973,1000,12.1254
Nivolumab,Histidine,6.0000,15.0000,25.0000,221.8054,1000,12.6742
Nivolumab,Histidine,6.0000,15.0000,25.0000,224.0134,1000,13.3363
Nivolumab,Histidine,6.0000,15.0000,25.0000,226.2215,1000,14.0475
Nivolumab,Histidine,6.0000,15.0000,25.0000,228.4295,1000,14.8167
Nivolumab,Histidine,6.0000,15.0000,25.0000,230.6376,1000,15.6329
Nivolumab,Histidine,6.0000,15.0000,25.0000,232.8456,1000,16.6231
Nivolumab,Histidine,6.0000,15.0000,25.0000,235.0537,1000,17.6755
Nivolumab,Histidine,6.0000,15.0000,25.0000,237.2617,1000,18.6785
Nivolumab,Histidine,6.0000,15.0000,25.0000,239.4698,1000,19.7305
Nivolumab,Histidine,6.0000,15.0000,25.0000,241.6779,1000,20.8460
Nivolumab,Histidine,6.0000,15.0000,25.0000,243.8859,1000,22.1735
Nivolumab,Histidine,6.0000,15.0000,25.0000,246.0940,1000,23.6873
Nivolumab,Histidine,6.0000,15.0000,25.0000,248.3020,1000,25.3113
Nivolumab,Histidine,6.0000,15.0000,25.0000,250.5101,1000,26.7986
Nivolumab,Histidine,6.0000,15.0000,25.0000,252.7181,1000,28.3383
Nivolumab,Histidine,6.0000,15.0000,25.0000,254.9262,1000,29.9878
Nivolumab,Histidine,6.0000,15.0000,25.0000,257.1342,1000,31.7247
Nivolumab,Histidine,6.0000,15.0000,25.0000,259.3423,1000,33.4956
Nivolumab,Histidine,6.0000,15.0000,25.0000,261.5503,1000,35.3562
Nivolumab,Histidine,6.0000,15.0000,25.0000,263.7584,1000,37.2932
Nivolumab,Histidine,6.0000,15.0000,25.0000,265.9664,1000,39.4305
Nivolumab,Histidine,6.0000,15.0000,25.0000,268.1745,1000,41.7083
Nivolumab,Histidine,6.0000,15.0000,25.0000,270.3826,1000,44.0429
Nivolumab,Histidine,6.0000,15.0000,25.0000,272.5906,1000,46.4464
Nivolumab,Histidine,6.0000,15.0000,25.0000,274.7987,1000,48.9924
Nivolumab,Histidine,6.0000,15.0000,25.0000,277.0067,1000,51.5361
Nivolumab,Histidine,6.0000,15.0000,25.0000,279.2148,1000,54.2381
Nivolumab,Histidine,6.0000,15.0000,25.0000,281.4228,1000,56.5670
Nivolumab,Histidine,6.0000,15.0000,25.0000,283.6309,1000,58.9145
Nivolumab,Histidine,6.0000,15.0000,25.0000,285.8389,1000,61.5428
Nivolumab,Histidine,6.0000,15.0000,25.0000,288.0470,1000,63.7341
Nivolumab,Histidine,6.0000,15.0000,25.0000,290.2550,1000,65.5908
Nivolumab,Histidine,6.0000,15.0000,25.0000,292.4631,1000,67.4053
Nivolumab,Histidine,6.0000,15.0000,25.0000,294.6711,1000,68.8151
Nivolumab,Histidine,6.0000,15.0000,25.0000,296.8792,1000,70.1018
Nivolumab,Histidine,6.0000,15.0000,25.0000,299.0872,1000,71.3323
Nivolumab,Histidine,6.0000,15.0000,25.0000,301.2953,1000,72.5860
Nivolumab,Histidine,6.0000,15.0000,25.0000,303.5034,1000,73.8631
Nivolumab,Histidine,6.0000,15.0000,25.0000,305.7114,1000,75.1457
Nivolumab,Histidine,6.0000,15.0000,25.0000,307.9195,1000,76.4352
Nivolumab,Histidine,6.0000,15.0000,25.0000,310.1275,1000,77.7432
Nivolumab,Histidine,6.0000,15.0000,25.0000,312.3356,1000,79.0811
Nivolumab,Histidine,6.0000,15.0000,25.0000,314.5436,1000,80.4530
Nivolumab,Histidine,6.0000,15.0000,25.0000,316.7517,1000,81.8372
Nivolumab,Histidine,6.0000,15.0000,25.0000,318.9597,1000,83.0995
Nivolumab,Histidine,6.0000,15.0000,25.0000,321.1678,1000,84.3777
Nivolumab,Histidine,6.0000,15.0000,25.0000,323.3758,1000,85.6598
Nivolumab,Histidine,6.0000,15.0000,25.0000,325.5839,1000,86.9372
Nivolumab,Histidine,6.0000,15.0000,25.0000,327.7919,1000,88.2655
Nivolumab,Histidine,6.0000,15.0000,25.0000,330.0000,1000,89.5162
Nivolumab,Histidine,6.0000,15.0000,25.0000,0.0000,10000,0.7266
Nivolumab,Histidine,6.0000,15.0000,25.0000,1.0000,10000,0.8768
Nivolumab,Histidine,6.0000,15.0000,25.0000,3.2081,10000,0.9652
Nivolumab,Histidine,6.0000,15.0000,25.0000,5.4161,10000,1.0149
Nivolumab,Histidine,6.0000,15.0000,25.0000,7.6242,10000,1.0394
Nivolumab,Histidine,6.0000,15.0000,25.0000,9.8322,10000,1.0611
Nivolumab,Histidine,6.0000,15.0000,25.0000,12.0403,10000,1.0766
Nivolumab,Histidine,6.0000,15.0000,25.0000,14.2483,10000,1.0853
Nivolumab,Histidine,6.0000,15.0000,25.0000,16.4564,10000,1.0987
Nivolumab,Histidine,6.0000,15.0000,25.0000,18.6644,10000,1.1104
Nivolumab,Histidine,6.0000,15.0000,25.0000,20.8725,10000,1.1219
Nivolumab,Histidine,6.0000,15.0000,25.0000,23.0805,10000,1.1346
Nivolumab,Histidine,6.0000,15.0000,25.0000,25.2886,10000,1.1484
Nivolumab,Histidine,6.0000,15.0000,25.0000,27.4966,10000,1.1621
Nivolumab,Histidine,6.0000,15.0000,25.0000,29.7047,10000,1.1796
Nivolumab,Histidine,6.0000,15.0000,25.0000,31.9128,10000,1.2005
Nivolumab,Histidine,6.0000,15.0000,25.0000,34.1208,10000,1.2220
Nivolumab,Histidine,6.0000,15.0000,25.0000,36.3289,10000,1.2443
Nivolumab,Histidine,6.0000,15.0000,25.0000,38.5369,10000,1.2671
Nivolumab,Histidine,6.0000,15.0000,25.0000,40.7450,10000,1.2918
Nivolumab,Histidine,6.0000,15.0000,25.0000,42.9530,10000,1.3182
Nivolumab,Histidine,6.0000,15.0000,25.0000,45.1611,10000,1.3502
Nivolumab,Histidine,6.0000,15.0000,25.0000,47.3691,10000,1.3829
Nivolumab,Histidine,6.0000,15.0000,25.0000,49.5772,10000,1.4178
Nivolumab,Histidine,6.0000,15.0000,25.0000,51.7852,10000,1.4697
Nivolumab,Histidine,6.0000,15.0000,25.0000,53.9933,10000,1.5245
Nivolumab,Histidine,6.0000,15.0000,25.0000,56.2013,10000,1.5815
Nivolumab,Histidine,6.0000,15.0000,25.0000,58.4094,10000,1.6400
Nivolumab,Histidine,6.0000,15.0000,25.0000,60.6174,10000,1.6986
Nivolumab,Histidine,6.0000,15.0000,25.0000,62.8255,10000,1.7577
Nivolumab,Histidine,6.0000,15.0000,25.0000,65.0336,10000,1.8193
Nivolumab,Histidine,6.0000,15.0000,25.0000,67.2416,10000,1.8793
Nivolumab,Histidine,6.0000,15.0000,25.0000,69.4497,10000,1.9407
Nivolumab,Histidine,6.0000,15.0000,25.0000,71.6577,10000,2.0063
Nivolumab,Histidine,6.0000,15.0000,25.0000,73.8658,10000,2.0753
Nivolumab,Histidine,6.0000,15.0000,25.0000,76.0738,10000,2.1462
Nivolumab,Histidine,6.0000,15.0000,25.0000,78.2819,10000,2.2072
Nivolumab,Histidine,6.0000,15.0000,25.0000,80.4899,10000,2.2544
Nivolumab,Histidine,6.0000,15.0000,25.0000,82.6980,10000,2.2881
Nivolumab,Histidine,6.0000,15.0000,25.0000,84.9060,10000,2.3195
Nivolumab,Histidine,6.0000,15.0000,25.0000,87.1141,10000,2.3548
Nivolumab,Histidine,6.0000,15.0000,25.0000,89.3221,10000,2.3845
Nivolumab,Histidine,6.0000,15.0000,25.0000,91.5302,10000,2.4080
Nivolumab,Histidine,6.0000,15.0000,25.0000,93.7383,10000,2.4336
Nivolumab,Histidine,6.0000,15.0000,25.0000,95.9463,10000,2.4586
Nivolumab,Histidine,6.0000,15.0000,25.0000,98.1544,10000,2.4874
Nivolumab,Histidine,6.0000,15.0000,25.0000,100.3624,10000,2.5241
Nivolumab,Histidine,6.0000,15.0000,25.0000,102.5705,10000,2.5631
Nivolumab,Histidine,6.0000,15.0000,25.0000,104.7785,10000,2.6045
Nivolumab,Histidine,6.0000,15.0000,25.0000,106.9866,10000,2.6528
Nivolumab,Histidine,6.0000,15.0000,25.0000,109.1946,10000,2.7024
Nivolumab,Histidine,6.0000,15.0000,25.0000,111.4027,10000,2.7366
Nivolumab,Histidine,6.0000,15.0000,25.0000,113.6107,10000,2.7794
Nivolumab,Histidine,6.0000,15.0000,25.0000,115.8188,10000,2.8235
Nivolumab,Histidine,6.0000,15.0000,25.0000,118.0268,10000,2.8228
Nivolumab,Histidine,6.0000,15.0000,25.0000,120.2349,10000,2.8453
Nivolumab,Histidine,6.0000,15.0000,25.0000,122.4430,10000,2.8910
Nivolumab,Histidine,6.0000,15.0000,25.0000,124.6510,10000,2.9334
Nivolumab,Histidine,6.0000,15.0000,25.0000,126.8591,10000,2.9764
Nivolumab,Histidine,6.0000,15.0000,25.0000,129.0671,10000,3.0142
Nivolumab,Histidine,6.0000,15.0000,25.0000,131.2752,10000,3.0593
Nivolumab,Histidine,6.0000,15.0000,25.0000,133.4832,10000,3.1030
Nivolumab,Histidine,6.0000,15.0000,25.0000,135.6913,10000,3.1464
Nivolumab,Histidine,6.0000,15.0000,25.0000,137.8993,10000,3.1782
Nivolumab,Histidine,6.0000,15.0000,25.0000,140.1074,10000,3.2097
Nivolumab,Histidine,6.0000,15.0000,25.0000,142.3154,10000,3.2514
Nivolumab,Histidine,6.0000,15.0000,25.0000,144.5235,10000,3.3102
Nivolumab,Histidine,6.0000,15.0000,25.0000,146.7315,10000,3.4002
Nivolumab,Histidine,6.0000,15.0000,25.0000,148.9396,10000,3.4907
Nivolumab,Histidine,6.0000,15.0000,25.0000,151.1477,10000,3.5837
Nivolumab,Histidine,6.0000,15.0000,25.0000,153.3557,10000,3.6800
Nivolumab,Histidine,6.0000,15.0000,25.0000,155.5638,10000,3.8072
Nivolumab,Histidine,6.0000,15.0000,25.0000,157.7718,10000,3.9675
Nivolumab,Histidine,6.0000,15.0000,25.0000,159.9799,10000,4.1768
Nivolumab,Histidine,6.0000,15.0000,25.0000,162.1879,10000,4.3746
Nivolumab,Histidine,6.0000,15.0000,25.0000,164.3960,10000,4.5090
Nivolumab,Histidine,6.0000,15.0000,25.0000,166.6040,10000,4.6561
Nivolumab,Histidine,6.0000,15.0000,25.0000,168.8121,10000,4.8156
Nivolumab,Histidine,6.0000,15.0000,25.0000,171.0201,10000,4.9855
Nivolumab,Histidine,6.0000,15.0000,25.0000,173.2282,10000,5.1404
Nivolumab,Histidine,6.0000,15.0000,25.0000,175.4362,10000,5.3123
Nivolumab,Histidine,6.0000,15.0000,25.0000,177.6443,10000,5.5112
Nivolumab,Histidine,6.0000,15.0000,25.0000,179.8523,10000,5.6646
Nivolumab,Histidine,6.0000,15.0000,25.0000,182.0604,10000,5.8234
Nivolumab,Histidine,6.0000,15.0000,25.0000,184.2685,10000,6.0775
Nivolumab,Histidine,6.0000,15.0000,25.0000,186.4765,10000,6.2238
Nivolumab,Histidine,6.0000,15.0000,25.0000,188.6846,10000,6.3812
Nivolumab,Histidine,6.0000,15.0000,25.0000,190.8926,10000,6.5356
Nivolumab,Histidine,6.0000,15.0000,25.0000,193.1007,10000,6.6995
Nivolumab,Histidine,6.0000,15.0000,25.0000,195.3087,10000,6.8671
Nivolumab,Histidine,6.0000,15.0000,25.0000,197.5168,10000,7.1489
Nivolumab,Histidine,6.0000,15.0000,25.0000,199.7248,10000,7.4974
Nivolumab,Histidine,6.0000,15.0000,25.0000,201.9329,10000,7.8405
Nivolumab,Histidine,6.0000,15.0000,25.0000,204.1409,10000,8.1616
Nivolumab,Histidine,6.0000,15.0000,25.0000,206.3490,10000,8.5092
Nivolumab,Histidine,6.0000,15.0000,25.0000,208.5570,10000,8.9047
Nivolumab,Histidine,6.0000,15.0000,25.0000,210.7651,10000,9.2525
Nivolumab,Histidine,6.0000,15.0000,25.0000,212.9732,10000,9.6141
Nivolumab,Histidine,6.0000,15.0000,25.0000,215.1812,10000,10.0533
Nivolumab,Histidine,6.0000,15.0000,25.0000,217.3893,10000,10.4986
Nivolumab,Histidine,6.0000,15.0000,25.0000,219.5973,10000,10.9264
Nivolumab,Histidine,6.0000,15.0000,25.0000,221.8054,10000,11.3557
Nivolumab,Histidine,6.0000,15.0000,25.0000,224.0134,10000,11.7625
Nivolumab,Histidine,6.0000,15.0000,25.0000,226.2215,10000,12.1861
Nivolumab,Histidine,6.0000,15.0000,25.0000,228.4295,10000,12.6537
Nivolumab,Histidine,6.0000,15.0000,25.0000,230.6376,10000,13.1046
Nivolumab,Histidine,6.0000,15.0000,25.0000,232.8456,10000,13.6506
Nivolumab,Histidine,6.0000,15.0000,25.0000,235.0537,10000,14.3598
Nivolumab,Histidine,6.0000,15.0000,25.0000,237.2617,10000,15.1174
Nivolumab,Histidine,6.0000,15.0000,25.0000,239.4698,10000,15.9976
Nivolumab,Histidine,6.0000,15.0000,25.0000,241.6779,10000,16.9326
Nivolumab,Histidine,6.0000,15.0000,25.0000,243.8859,10000,17.9952
Nivolumab,Histidine,6.0000,15.0000,25.0000,246.0940,10000,19.2283
Nivolumab,Histidine,6.0000,15.0000,25.0000,248.3020,10000,20.5262
Nivolumab,Histidine,6.0000,15.0000,25.0000,250.5101,10000,21.9141
Nivolumab,Histidine,6.0000,15.0000,25.0000,252.7181,10000,23.4227
Nivolumab,Histidine,6.0000,15.0000,25.0000,254.9262,10000,25.0423
Nivolumab,Histidine,6.0000,15.0000,25.0000,257.1342,10000,26.7571
Nivolumab,Histidine,6.0000,15.0000,25.0000,259.3423,10000,28.5934
Nivolumab,Histidine,6.0000,15.0000,25.0000,261.5503,10000,30.5771
Nivolumab,Histidine,6.0000,15.0000,25.0000,263.7584,10000,32.7080
Nivolumab,Histidine,6.0000,15.0000,25.0000,265.9664,10000,34.8032
Nivolumab,Histidine,6.0000,15.0000,25.0000,268.1745,10000,36.9439
Nivolumab,Histidine,6.0000,15.0000,25.0000,270.3826,10000,39.2176
Nivolumab,Histidine,6.0000,15.0000,25.0000,272.5906,10000,41.4077
Nivolumab,Histidine,6.0000,15.0000,25.0000,274.7987,10000,43.7619
Nivolumab,Histidine,6.0000,15.0000,25.0000,277.0067,10000,46.2306
Nivolumab,Histidine,6.0000,15.0000,25.0000,279.2148,10000,48.8562
Nivolumab,Histidine,6.0000,15.0000,25.0000,281.4228,10000,51.6521
Nivolumab,Histidine,6.0000,15.0000,25.0000,283.6309,10000,54.5916
Nivolumab,Histidine,6.0000,15.0000,25.0000,285.8389,10000,56.9411
Nivolumab,Histidine,6.0000,15.0000,25.0000,288.0470,10000,59.2140
Nivolumab,Histidine,6.0000,15.0000,25.0000,290.2550,10000,61.5777
Nivolumab,Histidine,6.0000,15.0000,25.0000,292.4631,10000,63.7603
Nivolumab,Histidine,6.0000,15.0000,25.0000,294.6711,10000,65.3917
Nivolumab,Histidine,6.0000,15.0000,25.0000,296.8792,10000,67.0042
Nivolumab,Histidine,6.0000,15.0000,25.0000,299.0872,10000,68.5514
Nivolumab,Histidine,6.0000,15.0000,25.0000,301.2953,10000,69.9657
Nivolumab,Histidine,6.0000,15.0000,25.0000,303.5034,10000,71.4180
Nivolumab,Histidine,6.0000,15.0000,25.0000,305.7114,10000,72.8616
Nivolumab,Histidine,6.0000,15.0000,25.0000,307.9195,10000,74.1316
Nivolumab,Histidine,6.0000,15.0000,25.0000,310.1275,10000,75.4253
Nivolumab,Histidine,6.0000,15.0000,25.0000,312.3356,10000,76.7607
Nivolumab,Histidine,6.0000,15.0000,25.0000,314.5436,10000,78.1265
Nivolumab,Histidine,6.0000,15.0000,25.0000,316.7517,10000,79.5185
Nivolumab,Histidine,6.0000,15.0000,25.0000,318.9597,10000,80.8426
Nivolumab,Histidine,6.0000,15.0000,25.0000,321.1678,10000,82.1163
Nivolumab,Histidine,6.0000,15.0000,25.0000,323.3758,10000,83.4111
Nivolumab,Histidine,6.0000,15.0000,25.0000,325.5839,10000,84.7275
Nivolumab,Histidine,6.0000,15.0000,25.0000,327.7919,10000,85.9545
Nivolumab,Histidine,6.0000,15.0000,25.0000,330.0000,10000,87.1558
Nivolumab,Histidine,6.0000,15.0000,25.0000,0.0000,100000,0.7040
Nivolumab,Histidine,6.0000,15.0000,25.0000,1.0000,100000,0.8573
Nivolumab,Histidine,6.0000,15.0000,25.0000,3.2081,100000,0.9469
Nivolumab,Histidine,6.0000,15.0000,25.0000,5.4161,100000,0.9912
Nivolumab,Histidine,6.0000,15.0000,25.0000,7.6242,100000,1.0160
Nivolumab,Histidine,6.0000,15.0000,25.0000,9.8322,100000,1.0367
Nivolumab,Histidine,6.0000,15.0000,25.0000,12.0403,100000,1.0539
Nivolumab,Histidine,6.0000,15.0000,25.0000,14.2483,100000,1.0657
Nivolumab,Histidine,6.0000,15.0000,25.0000,16.4564,100000,1.0766
Nivolumab,Histidine,6.0000,15.0000,25.0000,18.6644,100000,1.0870
Nivolumab,Histidine,6.0000,15.0000,25.0000,20.8725,100000,1.0974
Nivolumab,Histidine,6.0000,15.0000,25.0000,23.0805,100000,1.1089
Nivolumab,Histidine,6.0000,15.0000,25.0000,25.2886,100000,1.1214
Nivolumab,Histidine,6.0000,15.0000,25.0000,27.4966,100000,1.1327
Nivolumab,Histidine,6.0000,15.0000,25.0000,29.7047,100000,1.1464
Nivolumab,Histidine,6.0000,15.0000,25.0000,31.9128,100000,1.1632
Nivolumab,Histidine,6.0000,15.0000,25.0000,34.1208,100000,1.1816
Nivolumab,Histidine,6.0000,15.0000,25.0000,36.3289,100000,1.2021
Nivolumab,Histidine,6.0000,15.0000,25.0000,38.5369,100000,1.2222
Nivolumab,Histidine,6.0000,15.0000,25.0000,40.7450,100000,1.2429
Nivolumab,Histidine,6.0000,15.0000,25.0000,42.9530,100000,1.2615
Nivolumab,Histidine,6.0000,15.0000,25.0000,45.1611,100000,1.2859
Nivolumab,Histidine,6.0000,15.0000,25.0000,47.3691,100000,1.3107
Nivolumab,Histidine,6.0000,15.0000,25.0000,49.5772,100000,1.3358
Nivolumab,Histidine,6.0000,15.0000,25.0000,51.7852,100000,1.3807
Nivolumab,Histidine,6.0000,15.0000,25.0000,53.9933,100000,1.4280
Nivolumab,Histidine,6.0000,15.0000,25.0000,56.2013,100000,1.4776
Nivolumab,Histidine,6.0000,15.0000,25.0000,58.4094,100000,1.5305
Nivolumab,Histidine,6.0000,15.0000,25.0000,60.6174,100000,1.5860
Nivolumab,Histidine,6.0000,15.0000,25.0000,62.8255,100000,1.6411
Nivolumab,Histidine,6.0000,15.0000,25.0000,65.0336,100000,1.6958
Nivolumab,Histidine,6.0000,15.0000,25.0000,67.2416,100000,1.7523
Nivolumab,Histidine,6.0000,15.0000,25.0000,69.4497,100000,1.8103
Nivolumab,Histidine,6.0000,15.0000,25.0000,71.6577,100000,1.8697
Nivolumab,Histidine,6.0000,15.0000,25.0000,73.8658,100000,1.9293
Nivolumab,Histidine,6.0000,15.0000,25.0000,76.0738,100000,1.9831
Nivolumab,Histidine,6.0000,15.0000,25.0000,78.2819,100000,2.0296
Nivolumab,Histidine,6.0000,15.0000,25.0000,80.4899,100000,2.0695
Nivolumab,Histidine,6.0000,15.0000,25.0000,82.6980,100000,2.1064
Nivolumab,Histidine,6.0000,15.0000,25.0000,84.9060,100000,2.1423
Nivolumab,Histidine,6.0000,15.0000,25.0000,87.1141,100000,2.1598
Nivolumab,Histidine,6.0000,15.0000,25.0000,89.3221,100000,2.1789
Nivolumab,Histidine,6.0000,15.0000,25.0000,91.5302,100000,2.1951
Nivolumab,Histidine,6.0000,15.0000,25.0000,93.7383,100000,2.2115
Nivolumab,Histidine,6.0000,15.0000,25.0000,95.9463,100000,2.2304
Nivolumab,Histidine,6.0000,15.0000,25.0000,98.1544,100000,2.2528
Nivolumab,Histidine,6.0000,15.0000,25.0000,100.3624,100000,2.2770
Nivolumab,Histidine,6.0000,15.0000,25.0000,102.5705,100000,2.3122
Nivolumab,Histidine,6.0000,15.0000,25.0000,104.7785,100000,2.3523
Nivolumab,Histidine,6.0000,15.0000,25.0000,106.9866,100000,2.4072
Nivolumab,Histidine,6.0000,15.0000,25.0000,109.1946,100000,2.4471
Nivolumab,Histidine,6.0000,15.0000,25.0000,111.4027,100000,2.4809
Nivolumab,Histidine,6.0000,15.0000,25.0000,113.6107,100000,2.5019
Nivolumab,Histidine,6.0000,15.0000,25.0000,115.8188,100000,2.5491
Nivolumab,Histidine,6.0000,15.0000,25.0000,118.0268,100000,2.5978
Nivolumab,Histidine,6.0000,15.0000,25.0000,120.2349,100000,2.6080
Nivolumab,Histidine,6.0000,15.0000,25.0000,122.4430,100000,2.6449
Nivolumab,Histidine,6.0000,15.0000,25.0000,124.6510,100000,2.6772
Nivolumab,Histidine,6.0000,15.0000,25.0000,126.8591,100000,2.7033
Nivolumab,Histidine,6.0000,15.0000,25.0000,129.0671,100000,2.7486
Nivolumab,Histidine,6.0000,15.0000,25.0000,131.2752,100000,2.7939
Nivolumab,Histidine,6.0000,15.0000,25.0000,133.4832,100000,2.8100
Nivolumab,Histidine,6.0000,15.0000,25.0000,135.6913,100000,2.8180
Nivolumab,Histidine,6.0000,15.0000,25.0000,137.8993,100000,2.8199
Nivolumab,Histidine,6.0000,15.0000,25.0000,140.1074,100000,2.8364
Nivolumab,Histidine,6.0000,15.0000,25.0000,142.3154,100000,2.8593
Nivolumab,Histidine,6.0000,15.0000,25.0000,144.5235,100000,2.9131
Nivolumab,Histidine,6.0000,15.0000,25.0000,146.7315,100000,2.9813
Nivolumab,Histidine,6.0000,15.0000,25.0000,148.9396,100000,3.0452
Nivolumab,Histidine,6.0000,15.0000,25.0000,151.1477,100000,3.1265
Nivolumab,Histidine,6.0000,15.0000,25.0000,153.3557,100000,3.2144
Nivolumab,Histidine,6.0000,15.0000,25.0000,155.5638,100000,3.3297
Nivolumab,Histidine,6.0000,15.0000,25.0000,157.7718,100000,3.4591
Nivolumab,Histidine,6.0000,15.0000,25.0000,159.9799,100000,3.6197
Nivolumab,Histidine,6.0000,15.0000,25.0000,162.1879,100000,3.7836
Nivolumab,Histidine,6.0000,15.0000,25.0000,164.3960,100000,3.9658
Nivolumab,Histidine,6.0000,15.0000,25.0000,166.6040,100000,4.1119
Nivolumab,Histidine,6.0000,15.0000,25.0000,168.8121,100000,4.2697
Nivolumab,Histidine,6.0000,15.0000,25.0000,171.0201,100000,4.4438
Nivolumab,Histidine,6.0000,15.0000,25.0000,173.2282,100000,4.6243
Nivolumab,Histidine,6.0000,15.0000,25.0000,175.4362,100000,4.8341
Nivolumab,Histidine,6.0000,15.0000,25.0000,177.6443,100000,5.0529
Nivolumab,Histidine,6.0000,15.0000,25.0000,179.8523,100000,5.2160
Nivolumab,Histidine,6.0000,15.0000,25.0000,182.0604,100000,5.3779
Nivolumab,Histidine,6.0000,15.0000,25.0000,184.2685,100000,5.5460
Nivolumab,Histidine,6.0000,15.0000,25.0000,186.4765,100000,5.6801
Nivolumab,Histidine,6.0000,15.0000,25.0000,188.6846,100000,5.8210
Nivolumab,Histidine,6.0000,15.0000,25.0000,190.8926,100000,5.9534
Nivolumab,Histidine,6.0000,15.0000,25.0000,193.1007,100000,6.0867
Nivolumab,Histidine,6.0000,15.0000,25.0000,195.3087,100000,6.2200
Nivolumab,Histidine,6.0000,15.0000,25.0000,197.5168,100000,6.3694
Nivolumab,Histidine,6.0000,15.0000,25.0000,199.7248,100000,6.6058
Nivolumab,Histidine,6.0000,15.0000,25.0000,201.9329,100000,6.9606
Nivolumab,Histidine,6.0000,15.0000,25.0000,204.1409,100000,7.2729
Nivolumab,Histidine,6.0000,15.0000,25.0000,206.3490,100000,7.5436
Nivolumab,Histidine,6.0000,15.0000,25.0000,208.5570,100000,7.8156
Nivolumab,Histidine,6.0000,15.0000,25.0000,210.7651,100000,8.0750
Nivolumab,Histidine,6.0000,15.0000,25.0000,212.9732,100000,8.3053
Nivolumab,Histidine,6.0000,15.0000,25.0000,215.1812,100000,8.5397
Nivolumab,Histidine,6.0000,15.0000,25.0000,217.3893,100000,8.7813
Nivolumab,Histidine,6.0000,15.0000,25.0000,219.5973,100000,9.0318
Nivolumab,Histidine,6.0000,15.0000,25.0000,221.8054,100000,9.3449
Nivolumab,Histidine,6.0000,15.0000,25.0000,224.0134,100000,9.7369
Nivolumab,Histidine,6.0000,15.0000,25.0000,226.2215,100000,10.1647
Nivolumab,Histidine,6.0000,15.0000,25.0000,228.4295,100000,10.5750
Nivolumab,Histidine,6.0000,15.0000,25.0000,230.6376,100000,10.9042
Nivolumab,Histidine,6.0000,15.0000,25.0000,232.8456,100000,11.3111
Nivolumab,Histidine,6.0000,15.0000,25.0000,235.0537,100000,11.8163
Nivolumab,Histidine,6.0000,15.0000,25.0000,237.2617,100000,12.3871
Nivolumab,Histidine,6.0000,15.0000,25.0000,239.4698,100000,12.9877
Nivolumab,Histidine,6.0000,15.0000,25.0000,241.6779,100000,13.6197
Nivolumab,Histidine,6.0000,15.0000,25.0000,243.8859,100000,14.3548
Nivolumab,Histidine,6.0000,15.0000,25.0000,246.0940,100000,15.4320
Nivolumab,Histidine,6.0000,15.0000,25.0000,248.3020,100000,16.6555
Nivolumab,Histidine,6.0000,15.0000,25.0000,250.5101,100000,17.8722
Nivolumab,Histidine,6.0000,15.0000,25.0000,252.7181,100000,19.1887
Nivolumab,Histidine,6.0000,15.0000,25.0000,254.9262,100000,20.6088
Nivolumab,Histidine,6.0000,15.0000,25.0000,257.1342,100000,22.0711
Nivolumab,Histidine,6.0000,15.0000,25.0000,259.3423,100000,23.6192
Nivolumab,Histidine,6.0000,15.0000,25.0000,261.5503,100000,25.2011
Nivolumab,Histidine,6.0000,15.0000,25.0000,263.7584,100000,26.8295
Nivolumab,Histidine,6.0000,15.0000,25.0000,265.9664,100000,28.5723
Nivolumab,Histidine,6.0000,15.0000,25.0000,268.1745,100000,30.4420
Nivolumab,Histidine,6.0000,15.0000,25.0000,270.3826,100000,32.4693
Nivolumab,Histidine,6.0000,15.0000,25.0000,272.5906,100000,34.6209
Nivolumab,Histidine,6.0000,15.0000,25.0000,274.7987,100000,36.8547
Nivolumab,Histidine,6.0000,15.0000,25.0000,277.0067,100000,39.2337
Nivolumab,Histidine,6.0000,15.0000,25.0000,279.2148,100000,41.7757
Nivolumab,Histidine,6.0000,15.0000,25.0000,281.4228,100000,44.4923
Nivolumab,Histidine,6.0000,15.0000,25.0000,283.6309,100000,47.3950
Nivolumab,Histidine,6.0000,15.0000,25.0000,285.8389,100000,50.2898
Nivolumab,Histidine,6.0000,15.0000,25.0000,288.0470,100000,53.2867
Nivolumab,Histidine,6.0000,15.0000,25.0000,290.2550,100000,55.7846
Nivolumab,Histidine,6.0000,15.0000,25.0000,292.4631,100000,58.3140
Nivolumab,Histidine,6.0000,15.0000,25.0000,294.6711,100000,60.7802
Nivolumab,Histidine,6.0000,15.0000,25.0000,296.8792,100000,63.3591
Nivolumab,Histidine,6.0000,15.0000,25.0000,299.0872,100000,65.4259
Nivolumab,Histidine,6.0000,15.0000,25.0000,301.2953,100000,67.4772
Nivolumab,Histidine,6.0000,15.0000,25.0000,303.5034,100000,69.5643
Nivolumab,Histidine,6.0000,15.0000,25.0000,305.7114,100000,70.9915
Nivolumab,Histidine,6.0000,15.0000,25.0000,307.9195,100000,72.3343
Nivolumab,Histidine,6.0000,15.0000,25.0000,310.1275,100000,73.6551
Nivolumab,Histidine,6.0000,15.0000,25.0000,312.3356,100000,75.0024
Nivolumab,Histidine,6.0000,15.0000,25.0000,314.5436,100000,76.3877
Nivolumab,Histidine,6.0000,15.0000,25.0000,316.7517,100000,77.6586
Nivolumab,Histidine,6.0000,15.0000,25.0000,318.9597,100000,78.8841
Nivolumab,Histidine,6.0000,15.0000,25.0000,321.1678,100000,80.1217
Nivolumab,Histidine,6.0000,15.0000,25.0000,323.3758,100000,81.3741
Nivolumab,Histidine,6.0000,15.0000,25.0000,325.5839,100000,82.6473
Nivolumab,Histidine,6.0000,15.0000,25.0000,327.7919,100000,83.9415
Nivolumab,Histidine,6.0000,15.0000,25.0000,330.0000,100000,85.2513
Nivolumab,Histidine,6.0000,15.0000,25.0000,0.0000,15000000,0.6702
Nivolumab,Histidine,6.0000,15.0000,25.0000,1.0000,15000000,0.8112
Nivolumab,Histidine,6.0000,15.0000,25.0000,3.2081,15000000,0.8875
Nivolumab,Histidine,6.0000,15.0000,25.0000,5.4161,15000000,0.9152
Nivolumab,Histidine,6.0000,15.0000,25.0000,7.6242,15000000,0.9346
Nivolumab,Histidine,6.0000,15.0000,25.0000,9.8322,15000000,0.9513
Nivolumab,Histidine,6.0000,15.0000,25.0000,12.0403,15000000,0.9642
Nivolumab,Histidine,6.0000,15.0000,25.0000,14.2483,15000000,0.9744
Nivolumab,Histidine,6.0000,15.0000,25.0000,16.4564,15000000,0.9866
Nivolumab,Histidine,6.0000,15.0000,25.0000,18.6644,15000000,0.9965
Nivolumab,Histidine,6.0000,15.0000,25.0000,20.8725,15000000,1.0060
Nivolumab,Histidine,6.0000,15.0000,25.0000,23.0805,15000000,1.0175
Nivolumab,Histidine,6.0000,15.0000,25.0000,25.2886,15000000,1.0301
Nivolumab,Histidine,6.0000,15.0000,25.0000,27.4966,15000000,1.0398
Nivolumab,Histidine,6.0000,15.0000,25.0000,29.7047,15000000,1.0467
Nivolumab,Histidine,6.0000,15.0000,25.0000,31.9128,15000000,1.0535
Nivolumab,Histidine,6.0000,15.0000,25.0000,34.1208,15000000,1.0630
Nivolumab,Histidine,6.0000,15.0000,25.0000,36.3289,15000000,1.0756
Nivolumab,Histidine,6.0000,15.0000,25.0000,38.5369,15000000,1.0887
Nivolumab,Histidine,6.0000,15.0000,25.0000,40.7450,15000000,1.1019
Nivolumab,Histidine,6.0000,15.0000,25.0000,42.9530,15000000,1.1150
Nivolumab,Histidine,6.0000,15.0000,25.0000,45.1611,15000000,1.1259
Nivolumab,Histidine,6.0000,15.0000,25.0000,47.3691,15000000,1.1400
Nivolumab,Histidine,6.0000,15.0000,25.0000,49.5772,15000000,1.1596
Nivolumab,Histidine,6.0000,15.0000,25.0000,51.7852,15000000,1.1908
Nivolumab,Histidine,6.0000,15.0000,25.0000,53.9933,15000000,1.2226
Nivolumab,Histidine,6.0000,15.0000,25.0000,56.2013,15000000,1.2549
Nivolumab,Histidine,6.0000,15.0000,25.0000,58.4094,15000000,1.2908
Nivolumab,Histidine,6.0000,15.0000,25.0000,60.6174,15000000,1.3279
Nivolumab,Histidine,6.0000,15.0000,25.0000,62.8255,15000000,1.3658
Nivolumab,Histidine,6.0000,15.0000,25.0000,65.0336,15000000,1.4032
Nivolumab,Histidine,6.0000,15.0000,25.0000,67.2416,15000000,1.4387
Nivolumab,Histidine,6.0000,15.0000,25.0000,69.4497,15000000,1.4768
Nivolumab,Histidine,6.0000,15.0000,25.0000,71.6577,15000000,1.5099
Nivolumab,Histidine,6.0000,15.0000,25.0000,73.8658,15000000,1.5420
Nivolumab,Histidine,6.0000,15.0000,25.0000,76.0738,15000000,1.5712
Nivolumab,Histidine,6.0000,15.0000,25.0000,78.2819,15000000,1.5972
Nivolumab,Histidine,6.0000,15.0000,25.0000,80.4899,15000000,1.6233
Nivolumab,Histidine,6.0000,15.0000,25.0000,82.6980,15000000,1.6430
Nivolumab,Histidine,6.0000,15.0000,25.0000,84.9060,15000000,1.6590
Nivolumab,Histidine,6.0000,15.0000,25.0000,87.1141,15000000,1.6685
Nivolumab,Histidine,6.0000,15.0000,25.0000,89.3221,15000000,1.6781
Nivolumab,Histidine,6.0000,15.0000,25.0000,91.5302,15000000,1.6989
Nivolumab,Histidine,6.0000,15.0000,25.0000,93.7383,15000000,1.7228
Nivolumab,Histidine,6.0000,15.0000,25.0000,95.9463,15000000,1.7356
Nivolumab,Histidine,6.0000,15.0000,25.0000,98.1544,15000000,1.7454
Nivolumab,Histidine,6.0000,15.0000,25.0000,100.3624,15000000,1.7538
Nivolumab,Histidine,6.0000,15.0000,25.0000,102.5705,15000000,1.7562
Nivolumab,Histidine,6.0000,15.0000,25.0000,104.7785,15000000,1.7607
Nivolumab,Histidine,6.0000,15.0000,25.0000,106.9866,15000000,1.7731
Nivolumab,Histidine,6.0000,15.0000,25.0000,109.1946,15000000,1.7903
Nivolumab,Histidine,6.0000,15.0000,25.0000,111.4027,15000000,1.8073
Nivolumab,Histidine,6.0000,15.0000,25.0000,113.6107,15000000,1.8057
Nivolumab,Histidine,6.0000,15.0000,25.0000,115.8188,15000000,1.7972
Nivolumab,Histidine,6.0000,15.0000,25.0000,118.0268,15000000,1.7939
Nivolumab,Histidine,6.0000,15.0000,25.0000,120.2349,15000000,1.8116
Nivolumab,Histidine,6.0000,15.0000,25.0000,122.4430,15000000,1.8411
Nivolumab,Histidine,6.0000,15.0000,25.0000,124.6510,15000000,1.8913
Nivolumab,Histidine,6.0000,15.0000,25.0000,126.8591,15000000,1.9151
Nivolumab,Histidine,6.0000,15.0000,25.0000,129.0671,15000000,1.9095
Nivolumab,Histidine,6.0000,15.0000,25.0000,131.2752,15000000,1.9064
Nivolumab,Histidine,6.0000,15.0000,25.0000,133.4832,15000000,1.8958
Nivolumab,Histidine,6.0000,15.0000,25.0000,135.6913,15000000,1.8859
Nivolumab,Histidine,6.0000,15.0000,25.0000,137.8993,15000000,1.8837
Nivolumab,Histidine,6.0000,15.0000,25.0000,140.1074,15000000,1.8839
Nivolumab,Histidine,6.0000,15.0000,25.0000,142.3154,15000000,1.8842
Nivolumab,Histidine,6.0000,15.0000,25.0000,144.5235,15000000,1.8852
Nivolumab,Histidine,6.0000,15.0000,25.0000,146.7315,15000000,1.8879
Nivolumab,Histidine,6.0000,15.0000,25.0000,148.9396,15000000,1.9081
Nivolumab,Histidine,6.0000,15.0000,25.0000,151.1477,15000000,1.9258
Nivolumab,Histidine,6.0000,15.0000,25.0000,153.3557,15000000,1.9421
Nivolumab,Histidine,6.0000,15.0000,25.0000,155.5638,15000000,1.9575
Nivolumab,Histidine,6.0000,15.0000,25.0000,157.7718,15000000,1.9737
Nivolumab,Histidine,6.0000,15.0000,25.0000,159.9799,15000000,1.9952
Nivolumab,Histidine,6.0000,15.0000,25.0000,162.1879,15000000,2.0425
Nivolumab,Histidine,6.0000,15.0000,25.0000,164.3960,15000000,2.0928
Nivolumab,Histidine,6.0000,15.0000,25.0000,166.6040,15000000,2.1609
Nivolumab,Histidine,6.0000,15.0000,25.0000,168.8121,15000000,2.2321
Nivolumab,Histidine,6.0000,15.0000,25.0000,171.0201,15000000,2.3181
Nivolumab,Histidine,6.0000,15.0000,25.0000,173.2282,15000000,2.4051
Nivolumab,Histidine,6.0000,15.0000,25.0000,175.4362,15000000,2.5174
Nivolumab,Histidine,6.0000,15.0000,25.0000,177.6443,15000000,2.6078
Nivolumab,Histidine,6.0000,15.0000,25.0000,179.8523,15000000,2.6607
Nivolumab,Histidine,6.0000,15.0000,25.0000,182.0604,15000000,2.7146
Nivolumab,Histidine,6.0000,15.0000,25.0000,184.2685,15000000,2.7591
Nivolumab,Histidine,6.0000,15.0000,25.0000,186.4765,15000000,2.8010
Nivolumab,Histidine,6.0000,15.0000,25.0000,188.6846,15000000,2.8405
Nivolumab,Histidine,6.0000,15.0000,25.0000,190.8926,15000000,2.8837
Nivolumab,Histidine,6.0000,15.0000,25.0000,193.1007,15000000,2.9640
Nivolumab,Histidine,6.0000,15.0000,25.0000,195.3087,15000000,3.0856
Nivolumab,Histidine,6.0000,15.0000,25.0000,197.5168,15000000,3.1371
Nivolumab,Histidine,6.0000,15.0000,25.0000,199.7248,15000000,3.1809
Nivolumab,Histidine,6.0000,15.0000,25.0000,201.9329,15000000,3.2340
Nivolumab,Histidine,6.0000,15.0000,25.0000,204.1409,15000000,3.2791
Nivolumab,Histidine,6.0000,15.0000,25.0000,206.3490,15000000,3.3265
Nivolumab,Histidine,6.0000,15.0000,25.0000,208.5570,15000000,3.3763
Nivolumab,Histidine,6.0000,15.0000,25.0000,210.7651,15000000,3.4539
Nivolumab,Histidine,6.0000,15.0000,25.0000,212.9732,15000000,3.5156
Nivolumab,Histidine,6.0000,15.0000,25.0000,215.1812,15000000,3.5682
Nivolumab,Histidine,6.0000,15.0000,25.0000,217.3893,15000000,3.6217
Nivolumab,Histidine,6.0000,15.0000,25.0000,219.5973,15000000,3.6762
Nivolumab,Histidine,6.0000,15.0000,25.0000,221.8054,15000000,3.7316
Nivolumab,Histidine,6.0000,15.0000,25.0000,224.0134,15000000,3.7888
Nivolumab,Histidine,6.0000,15.0000,25.0000,226.2215,15000000,3.8539
Nivolumab,Histidine,6.0000,15.0000,25.0000,228.4295,15000000,3.9195
Nivolumab,Histidine,6.0000,15.0000,25.0000,230.6376,15000000,3.9911
Nivolumab,Histidine,6.0000,15.0000,25.0000,232.8456,15000000,4.0788
Nivolumab,Histidine,6.0000,15.0000,25.0000,235.0537,15000000,4.1731
Nivolumab,Histidine,6.0000,15.0000,25.0000,237.2617,15000000,4.2696
Nivolumab,Histidine,6.0000,15.0000,25.0000,239.4698,15000000,4.3696
Nivolumab,Histidine,6.0000,15.0000,25.0000,241.6779,15000000,4.4935
Nivolumab,Histidine,6.0000,15.0000,25.0000,243.8859,15000000,4.6307
Nivolumab,Histidine,6.0000,15.0000,25.0000,246.0940,15000000,4.8313
Nivolumab,Histidine,6.0000,15.0000,25.0000,248.3020,15000000,5.0652
Nivolumab,Histidine,6.0000,15.0000,25.0000,250.5101,15000000,5.3323
Nivolumab,Histidine,6.0000,15.0000,25.0000,252.7181,15000000,5.5981
Nivolumab,Histidine,6.0000,15.0000,25.0000,254.9262,15000000,5.8803
Nivolumab,Histidine,6.0000,15.0000,25.0000,257.1342,15000000,6.1974
Nivolumab,Histidine,6.0000,15.0000,25.0000,259.3423,15000000,6.5522
Nivolumab,Histidine,6.0000,15.0000,25.0000,261.5503,15000000,6.9303
Nivolumab,Histidine,6.0000,15.0000,25.0000,263.7584,15000000,7.3321
Nivolumab,Histidine,6.0000,15.0000,25.0000,265.9664,15000000,7.7633
Nivolumab,Histidine,6.0000,15.0000,25.0000,268.1745,15000000,8.2235
Nivolumab,Histidine,6.0000,15.0000,25.0000,270.3826,15000000,8.7268
Nivolumab,Histidine,6.0000,15.0000,25.0000,272.5906,15000000,9.2704
Nivolumab,Histidine,6.0000,15.0000,25.0000,274.7987,15000000,9.8503
Nivolumab,Histidine,6.0000,15.0000,25.0000,277.0067,15000000,10.4565
Nivolumab,Histidine,6.0000,15.0000,25.0000,279.2148,15000000,11.0717
Nivolumab,Histidine,6.0000,15.0000,25.0000,281.4228,15000000,11.7276
Nivolumab,Histidine,6.0000,15.0000,25.0000,283.6309,15000000,12.4250
Nivolumab,Histidine,6.0000,15.0000,25.0000,285.8389,15000000,13.1650
Nivolumab,Histidine,6.0000,15.0000,25.0000,288.0470,15000000,13.9094
Nivolumab,Histidine,6.0000,15.0000,25.0000,290.2550,15000000,14.6728
Nivolumab,Histidine,6.0000,15.0000,25.0000,292.4631,15000000,15.2970
Nivolumab,Histidine,6.0000,15.0000,25.0000,294.6711,15000000,15.9270
Nivolumab,Histidine,6.0000,15.0000,25.0000,296.8792,15000000,16.5852
Nivolumab,Histidine,6.0000,15.0000,25.0000,299.0872,15000000,17.2729
Nivolumab,Histidine,6.0000,15.0000,25.0000,301.2953,15000000,17.9917
Nivolumab,Histidine,6.0000,15.0000,25.0000,303.5034,15000000,18.7305
Nivolumab,Histidine,6.0000,15.0000,25.0000,305.7114,15000000,19.4497
Nivolumab,Histidine,6.0000,15.0000,25.0000,307.9195,15000000,20.1581
Nivolumab,Histidine,6.0000,15.0000,25.0000,310.1275,15000000,20.5989
Nivolumab,Histidine,6.0000,15.0000,25.0000,312.3356,15000000,21.0491
Nivolumab,Histidine,6.0000,15.0000,25.0000,314.5436,15000000,21.4930
Nivolumab,Histidine,6.0000,15.0000,25.0000,316.7517,15000000,21.9109
Nivolumab,Histidine,6.0000,15.0000,25.0000,318.9597,15000000,22.3425
Nivolumab,Histidine,6.0000,15.0000,25.0000,321.1678,15000000,22.8129
Nivolumab,Histidine,6.0000,15.0000,25.0000,323.3758,15000000,23.2906
Nivolumab,Histidine,6.0000,15.0000,25.0000,325.5839,15000000,23.7685
Nivolumab,Histidine,6.0000,15.0000,25.0000,327.7919,15000000,24.2127
Nivolumab,Histidine,6.0000,15.0000,25.0000,330.0000,15000000,24.6210
