ID,Protein_type,Viscosity_100,Viscosity_1000,Viscosity_10000,Viscosity_100000,Viscosity_15000000,Pred_Viscosity_100,Pred_Viscosity_1000,Pred_Viscosity_10000,Pred_Viscosity_100000,Pred_Viscosity_15000000
F1,poly-hIgG,12.5,11.5,9.8,8.8,6.92,8.493887,7.801408,7.18477,6.6936502,5.882563
F2,none,3.25,3.25,3.25,3.25,3.25,,,,,
F3,poly-hIgG,4.0,4.0,4.0,3.5,2.41,4.0149984,3.6413596,3.1939971,2.989811,2.7207766
F4,none,0.95,0.95,0.95,0.95,0.95,,,,,
F5,poly-hIgG,7.23,7.23,7.23,6.5,4.6,5.4313607,5.2090917,4.9887958,4.6299047,3.6759152
F6,poly-hIgG,7.69,7.69,7.69,6.6,4.16,5.0691547,5.134689,4.926797,4.7072396,4.356036
F7,poly-hIgG,2.12,2.12,2.12,2.12,2.0,2.2749712,2.2765853,2.1519947,2.0165737,1.5027546
F8,poly-hIgG,1.6,1.6,1.6,1.6,1.2,1.5284858,1.4645853,1.4151537,1.2397268,1.2441124
F9,poly-hIgG,5.35,4.65,4.65,4.4,3.26,4.532987,4.0031133,3.5322988,3.2111099,2.7292519
F10,poly-hIgG,3.1,3.1,2.9,2.75,2.58,3.681864,3.681864,2.8827176,2.668114,2.5201492
F11,poly-hIgG,12.8,12.6,12.6,11.0,6.92,8.493887,7.801408,7.18477,6.6936502,5.882563
F12,poly-hIgG,3.6,3.6,3.6,3.0,2.25,3.4664547,2.9966583,2.740253,2.656399,2.5928538
F13,poly-hIgG,15.0,15.0,15.0,14.0,13.0,9.335493,8.566996,7.9776006,7.4347806,6.434756
F14,none,1.15,1.15,1.15,1.15,1.15,1.9345138,1.7825791,1.5089529,1.312394,1.2569398
F15,none,1.25,1.25,1.25,1.25,1.25,2.0285547,1.8497672,1.5551608,1.3087176,1.2988546
F16,none,1.5,1.5,1.5,1.5,1.5,2.2479715,2.0011334,1.6856674,1.5540447,1.3887558
F17,none,1.65,1.65,1.65,1.65,1.65,2.5493577,2.321101,2.0000064,1.7548704,1.4665449
F18,none,2.25,2.25,2.25,2.25,2.25,3.46724,3.1328652,2.9023082,2.797998,2.3621087
F19,poly-hIgG,23.5,21.0,19.0,14.0,6.5,12.0658455,10.24254,8.822288,7.667681,6.225943
F20,poly-hIgG,66.6,49.0,33.0,28.0,18.0,20.174095,17.273611,14.8307,12.788571,9.7865095
F21,BSA,7.9,7.9,7.5,6.6,3.58,5.42947,5.203152,5.0291524,4.689753,3.7708936
F22,BSA,1.9,1.9,1.9,1.9,1.56,2.2527986,2.1173565,1.9679835,1.6501012,1.4664041
F23,poly-hIgG,1.15,1.15,1.15,1.15,1.15,1.4740016,1.3621129,1.2639298,1.2871629,1.327987
F24,poly-hIgG,2.6,2.6,2.6,2.6,2.6,2.6832125,2.5357325,2.5255504,2.4743886,2.4463263
F25,poly-hIgG,8.0,8.0,8.0,6.5,4.17,6.4934998,5.956339,5.6130953,5.311741,3.9239314
F26,poly-hIgG,3.8,3.35,3.35,3.0,2.24,3.6071038,3.4625676,3.117853,2.6916094,2.4171822
F27,poly-hIgG,6.8,6.0,5.8,4.9,4.0,5.626002,5.4069195,5.1820245,4.6340575,3.674954
F28,BSA,4.4,4.0,4.0,3.8,3.0,3.4476242,3.3030157,3.1883998,2.9567587,2.6657057
F29,none,1.0,1.0,1.0,1.0,1.0,1.6509376,1.4809886,1.3703974,1.3130853,1.2293544
F30,none,0.97,0.97,0.97,0.97,0.97,1.715113,1.5702217,1.4796462,1.3960123,1.3008054
F31,none,1.2,1.2,1.2,1.2,1.2,2.1912034,2.0458224,1.8697898,1.6498779,1.3491225
F32,none,1.3,1.3,1.3,1.3,1.3,2.270575,2.108986,1.8598075,1.6283255,1.4055586
F33,none,1.55,1.55,1.55,1.55,1.55,2.4380481,2.132032,1.8746412,1.698892,1.5293338
F34,none,2.32,2.32,2.32,2.32,2.32,3.1479454,2.7873526,2.653604,2.5214822,2.113051
F35,none,1.17,1.17,1.17,1.17,1.17,2.1114872,1.9913846,1.9450935,1.8898876,1.5093298
F36,none,1.27,1.27,1.27,1.27,1.27,2.2104862,2.0647714,2.0167742,1.9106166,1.4961903
F37,none,1.52,1.52,1.52,1.52,1.52,2.4281049,2.2339349,2.1681576,1.9527595,1.6531605
F38,none,2.29,2.29,2.29,2.29,2.29,3.460295,3.131158,2.8941944,2.7649457,2.6186647
F39,none,1.07,1.07,1.07,1.07,1.07,1.399844,1.3895419,1.386431,1.3902438,1.2272235
F40,none,1.0,1.0,1.0,1.0,1.0,1.2724768,1.2471682,1.2506635,1.2554655,1.231987
F41,none,1.27,1.27,1.27,1.27,1.27,1.5612091,1.4099817,1.2989815,1.2953324,1.3451146
F42,none,1.38,1.38,1.38,1.38,1.38,1.5724411,1.3755909,1.3470474,1.3370152,1.3881116
F43,none,1.64,1.64,1.64,1.64,1.64,1.6755345,1.5529261,1.4660591,1.4441314,1.4782724
F44,none,2.42,2.42,2.42,2.42,2.42,3.0101242,2.6466653,2.398173,2.2168815,1.915317
F45,none,1.2,1.2,1.2,1.2,1.2,2.0382538,1.7284356,1.5143857,1.357618,1.2308338
F46,none,1.3,1.3,1.3,1.3,1.3,2.068618,1.7540717,1.4904538,1.3177425,1.2701778
F47,none,1.55,1.55,1.55,1.55,1.55,2.1715448,1.8066287,1.5315154,1.3496747,1.3558953
F48,none,2.32,2.32,2.32,2.32,2.32,3.681864,3.3422976,2.9093454,2.5291455,2.088675
F49,BGG,3.0,3.0,3.0,3.0,2.95,3.2439468,2.890133,2.7701926,2.686375,2.4426181
F50,BGG,1.35,1.35,1.35,1.35,1.3,1.3454477,1.370179,1.395365,1.4210141,1.4627187
F51,BGG,3.15,3.15,3.15,3.15,3.15,3.681864,3.6114562,3.4330375,3.287701,2.896255
F52,BGG,2.38,2.38,2.38,2.3,2.0,2.6896667,2.6188025,2.6107593,2.619496,2.6251993
F53,poly-hIgG,2.2,2.2,2.2,2.0,1.75,2.1028411,2.0153544,1.893406,1.8194371,1.4856197
F54,poly-hIgG,5.1,3.15,3.1,3.05,2.75,4.4389696,3.3059404,3.00066,2.7019222,2.384996
F55,poly-hIgG,2.5,2.18,2.0,1.9,1.73,2.142651,1.9726156,1.8746192,1.7899752,1.541564
F56,BSA,3.05,3.05,3.05,3.05,3.05,3.327517,3.1225102,2.9974515,2.9698129,2.7496202
F57,BSA,1.95,1.93,1.6,1.55,1.47,2.0962613,1.9408733,1.8791676,1.7906617,1.6766067
F58,poly-hIgG,5.5,5.5,5.5,5.5,5.5,4.540576,4.598039,4.5721717,4.462542,4.2028756
F59,poly-hIgG,5.5,4.5,4.4,4.2,3.88,4.881528,4.824209,4.805484,4.1572814,3.5768533
F60,none,1.38,1.38,1.38,1.38,1.38,2.0442734,1.9056988,1.8926712,1.8959173,1.7654568
F61,none,3.05,3.05,3.05,3.05,3.05,3.1798759,2.876057,2.6260114,2.3974898,2.2790365
F62,none,0.98,0.98,0.98,0.98,0.98,1.5950193,1.5578352,1.5193626,1.3176044,1.0955062
F63,none,3.3,3.3,3.3,3.3,3.3,3.681864,3.681864,3.681864,3.681864,3.681864
F64,none,1.04,1.04,1.04,1.04,1.04,2.2730184,1.8221567,1.6049585,1.5017482,1.4030277
F65,none,1.01,1.01,1.01,1.01,1.01,2.081311,1.744759,1.5619322,1.4668995,1.2974324
F66,none,1.11,1.11,1.11,1.11,1.11,1.8294436,1.6312087,1.5916234,1.5818646,1.3279395
F67,none,1.04,1.04,1.04,1.04,1.04,1.6346561,1.5005188,1.4778453,1.4752427,1.2506002
F68,none,1.24,1.24,1.24,1.24,1.24,1.8343384,1.4868854,1.3339778,1.2871461,1.3333958
F69,none,1.33,1.33,1.33,1.33,1.33,1.9582961,1.5766475,1.4171972,1.3346964,1.3694795
F70,none,1.6,1.6,1.6,1.6,1.6,2.5899596,1.9853963,1.7315507,1.5879586,1.49263
F71,none,2.35,2.35,2.35,2.35,2.35,3.681864,3.681864,3.6130772,3.4024262,2.8775167
F72,none,1.21,1.21,1.21,1.21,1.21,1.8637874,1.558538,1.4443759,1.3788904,1.362738
F73,none,1.31,1.31,1.31,1.31,1.31,1.9945595,1.6599637,1.5359343,1.4648794,1.3930612
F74,none,1.56,1.56,1.56,1.56,1.56,3.000121,2.3976688,2.1625412,1.994584,1.7045534
F75,none,2.33,2.33,2.33,2.33,2.33,3.681864,3.681864,3.681864,3.6169174,3.3402421
F76,none,1.42,1.42,1.42,1.42,1.42,2.9940045,2.3621435,1.9647263,1.7645255,1.654713
F77,none,3.1,3.1,3.1,3.1,3.1,3.681864,3.585385,3.2331643,2.908055,2.4126024
F78,none,1.42,1.42,1.42,1.42,1.42,2.9940045,2.3621435,1.9647263,1.7645255,1.654713
F79,none,3.1,3.1,3.1,3.1,3.1,3.681864,3.585385,3.2331643,2.908055,2.4126024
F80,none,1.47,1.47,1.47,1.47,1.47,3.681864,3.681864,3.445508,3.0555007,2.0253203
F81,none,3.15,3.15,3.15,3.15,3.15,3.681864,3.681864,3.681864,3.681864,3.4302688
F82,none,1.54,1.54,1.54,1.54,1.54,3.681864,3.2383654,2.865347,2.5421124,1.9737334
F83,none,3.22,3.22,3.22,3.22,3.22,3.681864,3.681864,3.681864,3.681864,3.1333957
F84,BSA,9.0,9.0,9.0,9.0,9.0,6.9122815,6.75309,6.4769135,6.2171416,5.741569
F85,BGG,15.7,15.7,13.0,11.3,9.5,10.577756,9.602305,8.892485,8.231699,7.0894322
F86,poly-hIgG,16.6,16.6,16.6,15.2,9.3,10.85844,9.939257,9.069273,8.288813,6.921682
F87,BSA,4.3,4.3,4.3,4.3,4.3,4.5289497,4.533908,4.520666,4.512321,3.6622918
F88,BGG,5.0,5.0,5.0,5.0,5.0,4.89904,4.833314,4.788337,4.730949,4.526261
F89,poly-hIgG,5.1,4.4,4.4,4.4,4.4,4.7676992,4.8200603,4.653892,4.5627294,4.3675137
F90,BGG,2.1,2.1,2.1,2.1,2.1,2.060476,2.105712,2.104192,2.0406759,1.9218183
F91,BSA,2.4,2.3,2.1,2.1,2.0,2.1797695,2.1589246,2.1255453,2.0549545,1.8582577
F92,poly-hIgG,3.0,2.5,2.36,2.36,2.3,2.5222437,2.348381,2.2965028,2.2176611,1.9521706
F93,BGG,4.1,4.1,4.1,3.82,2.7,4.79882,4.147676,3.8421907,3.658188,3.3435686
F94,BGG,2.5,2.5,2.5,2.3,1.8,2.4810438,2.333726,2.270492,2.2055576,2.0705998
F95,BGG,1.67,1.67,1.67,1.67,1.67,1.5969006,1.6086566,1.5976893,1.584316,1.5556005
F96,BGG,1.4,1.4,1.4,1.4,1.4,1.4746532,1.4855092,1.4886601,1.4761996,1.4494435
F97,BGG,7.0,6.3,6.0,5.27,4.25,5.453159,4.8449655,4.253228,3.9651625,3.559474
F98,poly-hIgG,5.5,5.2,5.2,4.8,3.7,4.896977,4.3274546,3.805274,3.604728,3.3333678
F99,poly-hIgG,2.49,2.49,2.49,2.36,1.68,3.1347797,2.2896237,2.0066981,1.9212047,1.7919986
F100,poly-hIgG,1.4,1.4,1.4,1.4,1.4,1.5459201,1.4816587,1.4826423,1.4702324,1.4435844
F101,poly-hIgG,1.15,1.15,1.15,1.15,1.15,1.2587005,1.2665341,1.2787737,1.2911316,1.2786634
F102,poly-hIgG,6.4,6.4,6.4,6.0,4.18,5.26323,5.049024,4.554623,4.1282096,3.623686
F103,BGG,3.79,3.79,3.51,3.15,2.8,3.681864,3.681864,3.5794752,3.2084067,2.9053857
F104,BGG,5.43,6.23,6.23,5.43,3.85,4.9502954,4.8858094,4.8251276,4.758274,3.751699
F105,BGG,1.76,1.76,1.76,1.76,1.76,1.7917328,1.8486445,1.8888139,1.9093729,1.9472117
F106,BGG,4.55,4.55,4.55,4.18,4.18,4.3564777,4.3192997,4.2840605,4.295261,4.324409
F107,poly-hIgG,3.19,3.19,3.19,2.96,2.96,3.681864,3.681864,3.681864,3.681864,3.4280577
F108,poly-hIgG,5.99,5.99,5.99,5.03,4.82,5.6086116,5.4226766,5.1995497,5.0114856,4.218299
F109,poly-hIgG,3.43,3.67,3.75,3.64,3.64,3.681864,3.763511,3.8510928,3.8121426,3.9125524
F110,poly-hIgG,5.43,5.43,5.43,5.43,5.43,4.845779,4.829868,4.7692075,4.7093916,4.5838585
F111,poly-hIgG,10.94,10.7,10.7,7.75,5.04,6.978257,6.595308,6.4215293,6.2618084,5.777562
F112,poly-hIgG,10.14,8.95,8.95,7.11,6.33,7.014454,6.5746574,6.087807,5.7678456,5.3306756
F113,poly-hIgG,11.9,11.1,9.82,7.19,6.0,8.384332,7.502518,6.7102833,6.248447,5.496003
F114,poly-hIgG,11.02,11.02,11.02,7.35,6.0,7.80894,6.9132853,6.1563816,5.6196504,4.6681757
F115,BSA,1.24,1.24,1.24,1.24,1.24,1.8003796,1.6455156,1.3826803,1.3942842,1.3998193
F116,BSA,2.4,2.0,2.0,1.92,1.92,2.2540746,2.1316948,2.0412025,1.9098247,1.7470032
F117,BSA,3.33,3.33,3.33,3.04,2.5,3.6361308,3.427609,3.395693,3.364074,3.2551212
F118,BSA,10.74,6.95,6.95,5.99,5.5,6.370222,5.988049,5.6762214,5.4480577,4.404587
F119,BSA,1.52,1.46,1.4,1.36,1.36,1.6126463,1.5383312,1.5422711,1.5354466,1.5207006
F120,BSA,2.96,2.4,2.0,1.76,1.7,2.716325,2.480263,2.2387419,2.1118963,2.034497
F121,BSA,3.27,3.09,2.8,2.4,2.0,3.595129,3.3488557,3.273364,3.0966666,2.7426534
F122,BSA,5.99,5.99,5.83,5.19,4.4,6.6841793,6.219646,5.8403754,5.5099535,4.604308
F123,BSA,4.63,4.63,4.63,4.39,3.35,3.960359,3.722899,3.5215895,3.3660946,3.1873338
F124,BSA,1.28,1.28,1.28,1.28,1.28,1.7951492,1.6995795,1.5973899,1.4999721,1.4911792
F125,BSA,1.96,1.96,1.96,1.92,1.25,2.3941512,2.257758,2.1621137,2.1235502,2.041993
F126,BSA,2.4,2.4,2.4,2.4,2.4,2.8003573,2.66101,2.4786723,2.378945,2.2822058
F127,poly-hIgG,11.74,10.85,9.58,6.23,4.35,7.932577,6.7521696,6.0198283,5.595156,4.7858176
F128,poly-hIgG,1.6,1.6,1.6,1.6,1.6,1.4815798,1.4718462,1.3332096,1.3577162,1.3884447
F129,poly-hIgG,2.12,2.12,2.12,2.04,2.04,2.0960355,2.08196,2.0873148,2.0223713,1.999603
F130,poly-hIgG,3.99,3.99,3.99,3.19,2.77,5.191871,4.8766875,4.245804,3.8401284,3.3730211
F131,BGG,15.97,13.58,13.18,9.58,4.58,9.868852,8.351058,7.164071,6.2482767,4.58576
F132,BGG,1.52,1.49,1.44,1.44,1.44,1.677421,1.7278159,1.8003602,1.8572419,1.9565369
F133,BGG,2.32,2.32,2.32,2.24,2.16,2.584337,2.4613054,2.4007998,2.342395,2.218063
F134,BGG,4.39,4.39,4.39,4.23,4.23,6.04768,5.359143,4.426636,3.6968956,3.399587
F135,BSA,4.39,4.39,4.39,4.31,4.11,4.766613,4.560029,4.250049,3.9669838,3.3664563
F136,BSA,5.83,5.83,5.83,5.59,5.59,5.308911,5.219853,5.0517693,4.9352784,4.291653
F137,poly-hIgG,9.54,8.79,8.23,6.23,4.17,6.6724997,6.234132,5.8436136,5.4889293,4.6166263
F138,poly-hIgG,9.58,8.79,7.99,6.55,5.75,6.852489,6.4692545,6.045102,5.648115,5.028472
F139,BGG,8.39,8.39,8.39,6.39,4.65,7.475837,6.759258,6.1310687,5.662223,4.8084936
F140,BGG,10.7,8.79,8.79,7.19,6.24,7.0902395,6.5359197,6.0789714,5.698722,5.1453133
F141,BGG,13.58,13.58,11.98,8.23,4.14,8.310562,7.341714,6.428657,5.637916,3.7994683
F142,BGG,5.59,5.19,5.19,4.39,3.45,5.9407988,5.3008404,4.225222,3.6222079,3.2110374
F143,BGG,2.4,2.4,2.4,2.24,2.0,2.4869297,2.364085,2.1453202,2.1379147,2.070651
F144,BGG,1.76,1.76,1.76,1.76,1.76,1.7066215,1.7185954,1.7605213,1.7105699,1.5577253
F145,BSA,3.51,3.51,3.51,3.51,3.51,3.7942584,3.5315833,3.2319083,3.1004477,2.9701955
F146,BSA,2.64,2.64,2.64,2.4,1.5,2.6890376,2.5629685,2.4119294,2.2697911,2.077819
F147,BSA,2.16,2.16,2.16,1.92,1.5,2.3699229,2.2257905,2.0998635,2.021615,1.6523104
F148,BSA,1.6,1.6,1.6,1.6,1.3,1.9250603,1.8671408,1.7677376,1.6103208,1.4981545
F149,poly-hIgG,7.99,7.99,7.99,5.59,3.4,6.7665253,6.135634,5.69058,5.2910113,4.1691794
F150,poly-hIgG,3.99,3.99,3.99,3.59,3.4,4.584151,4.015903,3.71623,3.5252924,3.2296522
F151,poly-hIgG,2.36,2.36,2.36,2.28,2.28,1.9663965,1.8310244,1.8386254,1.8383747,1.7485814
F152,poly-hIgG,1.28,1.28,1.28,1.28,1.28,1.3839886,1.4416469,1.4856135,1.486032,1.4578182
F153,poly-hIgG,12.78,10.54,10.54,9.58,4.0,8.056915,7.153435,6.417585,5.8458347,4.952631
F154,poly-hIgG,12.5,12.5,12.5,12.0,3.5,7.4779925,6.7416024,6.132669,5.659883,5.0098414
F155,poly-hIgG,13.6,13.6,13.6,12.0,3.81,8.522084,7.661575,6.9068727,6.2617283,5.4403543
F156,poly-hIgG,5.91,5.91,5.59,5.19,2.21,4.773606,4.658252,4.3620663,3.9785757,3.027651
F157,poly-hIgG,5.91,5.51,5.51,5.19,3.3,5.74048,5.2564077,4.8771896,3.9596808,3.0090802
F158,poly-hIgG,5.8,5.8,5.8,5.8,2.6,5.593835,5.3247476,5.0756946,4.534785,3.7516625
F159,poly-hIgG,7.99,6.39,6.39,6.07,2.5,5.0091543,4.7603865,3.9490273,3.3527021,2.8526397
F160,poly-hIgG,5.27,3.99,3.91,3.43,2.3,5.0545173,4.369088,3.6964679,3.2654262,2.8746936
F161,poly-hIgG,5.59,4.55,4.31,3.83,2.0,5.74048,5.2564077,4.8771896,3.9596808,3.0090802
F162,poly-hIgG,9.27,9.27,8.15,6.39,3.28,5.74048,5.2564077,4.8771896,3.9596808,3.0090802
F163,Adalimumab,5.35,5.35,5.35,4.23,2.54,5.0163136,4.7141595,3.7572677,3.078168,2.1165047
F164,Adalimumab,5.59,4.55,4.55,3.63,2.28,4.8633876,3.9739192,3.5197148,3.3035004,2.403545
F165,Adalimumab,3.19,2.72,2.48,2.32,1.45,2.7069573,2.4103916,2.1743464,2.0068908,1.5833426
F166,Adalimumab,1.28,1.28,1.28,1.28,1.27,1.4870936,1.364654,1.3467841,1.3476503,1.3549262
F167,Adalimumab,1.71,1.71,1.71,1.68,1.2,1.7282051,1.6701347,1.6748194,1.6532091,1.3944753
F168,Adalimumab,1.76,1.76,1.76,1.76,1.76,1.6611027,1.6284736,1.6240602,1.6501852,1.622751
F169,Adalimumab,2.8,2.32,2.16,2.0,1.3,2.7489226,2.304323,2.0275192,1.8891664,1.5218179
F170,Adalimumab,2.4,2.16,1.76,1.44,1.2,1.935378,1.8827666,1.807267,1.5350223,1.4717996
F171,Adalimumab,2.4,2.08,1.48,1.44,1.15,2.0140321,1.8675714,1.7048378,1.6538762,1.504385
F172,Adalimumab,1.6,1.6,1.52,1.52,1.52,1.8472359,1.775383,1.7646191,1.7033274,1.5092877
F173,Bevacizumab,2.8,2.8,2.8,2.4,1.75,2.7960348,2.6894999,2.5789037,2.3044171,2.009398
F174,Bevacizumab,2.88,2.88,2.64,2.4,1.66,2.6048942,2.6002412,2.6009686,2.4105067,1.5296037
F175,Bevacizumab,2.64,2.4,2.04,2.04,1.4,2.6114244,2.290313,2.0251384,1.8804321,1.5461106
F176,Bevacizumab,1.41,1.41,1.41,1.32,1.3,1.6399412,1.5462483,1.4902124,1.481019,1.4762442
F177,Bevacizumab,2.0,2.0,1.76,1.76,1.1,2.083178,1.9942255,1.9353862,1.9049567,1.5519834
F178,Bevacizumab,2.0,2.0,2.0,2.0,2.0,2.0719728,2.0539565,2.0475035,2.0147765,1.9176029
F179,Bevacizumab,1.2,1.2,1.2,1.12,1.12,1.5368708,1.3992318,1.4003323,1.3985411,1.380031
F180,Bevacizumab,1.74,1.74,1.74,1.74,1.74,1.8054739,1.7572796,1.7678627,1.717151,1.561352
F181,Bevacizumab,1.52,1.44,1.44,1.44,1.44,1.5622474,1.5229554,1.5162165,1.5095075,1.4950105
F182,Bevacizumab,2.24,2.08,1.8,1.6,1.2,2.0394146,1.9014213,1.8495078,1.6117965,1.4807073
F183,none,3.77,3.77,3.77,3.77,3.77,3.681864,3.681864,3.681864,3.681864,3.537977
F184,none,4.38,4.38,4.38,4.38,4.38,3.681864,3.681864,3.681864,3.681864,3.681864
F185,none,2.8,2.8,2.8,2.8,2.8,3.681864,3.681864,3.681864,3.681864,3.4570162
F186,none,2.41,2.41,2.41,2.41,2.41,3.681864,3.681864,3.681864,3.681864,3.4836686
F187,none,3.03,3.03,3.03,3.03,3.03,3.681864,3.681864,3.681864,3.681864,2.971949
F188,none,2.6,2.6,2.6,2.6,2.6,3.681864,3.681864,3.28205,2.9889095,2.6147664
F189,none,1.93,1.93,1.93,1.93,1.93,3.3657942,3.1826756,2.9617085,2.5786061,2.1592348
F190,none,2.6,1.67,1.67,1.67,1.67,3.3158019,2.6824167,2.5184584,2.4086986,2.196463
F191,none,2.22,2.22,2.22,2.22,2.22,3.681864,3.3057532,3.0039382,2.736919,2.3978639
F192,none,1.92,1.92,1.92,1.92,1.92,2.97764,2.7400184,2.5334473,2.3591144,1.7528546
F193,none,1.42,1.42,1.42,1.42,1.42,2.3163085,1.8583807,1.5920124,1.5472724,1.5545927
F194,none,1.22,1.22,1.22,1.22,1.22,2.0833766,1.8445841,1.6789773,1.6550581,1.662888
F195,none,3.82,3.82,3.82,3.82,3.82,3.681864,3.681864,3.681864,3.681864,3.482801
F196,none,4.43,4.43,4.43,4.43,4.43,3.681864,3.681864,3.681864,3.681864,3.681864
F197,none,2.85,2.85,2.85,2.85,2.85,3.681864,3.681864,3.6285748,3.4188106,3.2458074
F198,none,2.46,2.46,2.46,2.46,2.46,3.681864,3.681864,3.681864,3.641703,2.9979842
F199,none,3.08,3.08,3.08,3.08,3.08,3.681864,3.681864,3.681864,3.681864,3.0675008
F200,none,2.65,2.65,2.65,2.65,2.65,3.681864,3.5103087,3.1577709,2.8972979,2.3854434
F201,none,1.98,1.98,1.98,1.98,1.98,3.1736722,2.7556872,2.5375738,2.3277981,1.9536483
F202,none,2.65,2.65,2.65,2.65,2.65,3.3531113,2.6759222,2.353453,2.1534197,1.9294547
F203,none,2.27,2.27,2.27,2.27,2.27,3.6099129,3.28529,2.9992309,2.7307148,2.1043313
F204,none,1.97,1.97,1.97,1.97,1.97,2.8543055,2.591012,2.2530398,2.0088573,1.6921165
F205,none,1.47,1.47,1.47,1.47,1.47,2.7175453,2.2644014,1.9462636,1.7828724,1.5995972
F206,none,1.27,1.27,1.27,1.27,1.27,2.9531498,2.4012847,1.961698,1.7086242,1.6350017
F207,none,3.87,3.87,3.87,3.87,3.87,3.681864,3.681864,3.681864,3.681864,3.4805236
F208,none,4.48,4.48,4.48,4.48,4.48,3.681864,3.681864,3.681864,3.681864,3.681864
F209,none,2.9,2.9,2.9,2.9,2.9,3.681864,3.681864,3.681864,3.6714175,3.1258147
F210,none,2.51,2.51,2.51,2.51,2.51,3.681864,3.681864,3.591355,3.46353,3.183112
F211,none,3.13,3.13,3.13,3.13,3.13,3.681864,3.681864,3.681864,3.461419,2.631098
F212,none,2.7,2.7,2.7,2.7,2.7,3.5808825,3.3370228,3.0501707,2.6328878,2.0452447
F213,none,2.03,2.03,2.03,2.03,2.03,2.7247405,2.5541384,2.3958683,2.23846,1.9655107
F214,none,2.7,2.7,2.7,2.7,2.7,2.8465145,2.497337,2.2939398,2.1457412,1.9570541
F215,none,2.32,2.32,2.32,2.32,2.32,3.106449,2.897202,2.5343823,2.135955,1.6508752
F216,none,2.02,2.02,2.02,2.02,2.02,2.3475509,2.0171044,1.7622904,1.6118598,1.4684228
F217,none,1.52,1.52,1.52,1.52,1.52,1.7995114,1.6617274,1.6308613,1.5831796,1.5397968
F218,none,1.32,1.32,1.32,1.32,1.32,1.895917,1.760284,1.6919369,1.6872896,1.5512029
F219,Pembrolizumab,13.26,9.66,9.03,6.57,4.0,8.182831,6.901999,5.994364,5.349259,3.8048859
F220,Bevacizumab,13.9,13.9,12.62,7.59,3.82,8.044362,6.9816566,6.105545,5.3544493,3.3687904
F221,Bevacizumab,2.4,2.4,2.4,2.4,1.2,2.4673674,2.4260805,2.3740664,2.3115256,1.4064785
F222,Bevacizumab,1.92,1.92,1.92,1.6,1.6,1.8876253,1.8095784,1.7608448,1.5302441,1.4671917
F223,Bevacizumab,4.35,2.8,2.4,2.25,1.4,3.3117464,2.6615877,2.2689161,1.9546112,1.5269737
F224,Bevacizumab,4.63,3.34,2.16,1.81,1.81,3.866848,2.973869,2.2705407,1.7846043,1.7159555
F225,Bevacizumab,2.45,2.45,2.45,2.45,1.6,2.4736013,2.388675,2.3452187,2.1272042,1.558276
F226,Pembrolizumab,1.73,1.73,1.73,1.6,1.2,1.8795017,1.7886989,1.6564652,1.5491774,1.4912716
F227,Pembrolizumab,2.75,2.75,2.0,2.0,1.43,3.0018342,2.7058728,2.5245514,2.40158,2.2880702
F228,Pembrolizumab,3.4,3.3,2.8,2.56,2.0,3.585651,3.106403,2.618159,2.2112226,1.9971505
F229,Pembrolizumab,6.6,3.6,2.6,2.2,1.3,4.739959,3.480418,2.283922,2.0671825,1.7707133
F230,Pembrolizumab,2.5,2.5,2.0,1.7,1.4,2.1266162,1.8890492,1.7394924,1.7061381,1.5142788
F231,Adalimumab,49.0,48.0,36.0,25.0,5.75,19.991697,15.989579,12.792692,10.236115,6.656302
F232,Adalimumab,1.4,1.4,1.4,1.3,1.12,1.433571,1.447443,1.4428357,1.4384835,1.4296535
F233,Adalimumab,6.2,4.1,3.6,3.6,2.14,4.5475082,4.3366055,3.1435275,2.6722724,2.157637
F234,Adalimumab,5.6,5.0,4.2,4.1,1.6,4.649954,4.4797177,4.3208222,3.7264385,1.8068268
F235,Adalimumab,4.5,2.3,1.4,1.2,1.04,3.1218839,1.9836184,1.6536499,1.490603,1.4638073
F236,BSA,53.51,47.92,39.14,27.96,27.96,21.700626,18.261667,15.625308,13.904621,11.032276
F237,BSA,112.62,64.7,50.32,38.34,33.0,32.83806,27.091986,22.631865,19.661505,15.433626
F238,BSA,127.8,95.85,62.3,51.12,44.0,37.458218,30.61231,25.751179,21.959574,16.922852
F239,BSA,3.35,3.12,2.84,2.72,2.38,3.4074564,3.2950215,3.2175317,3.0736012,2.4330776
F240,BSA,3.83,3.83,3.19,3.35,2.41,3.3921177,3.2797282,3.146748,2.8975933,2.627922
F241,BSA,3.99,3.99,3.75,3.59,2.5,4.012236,3.724288,3.5394845,3.264938,2.909256
F242,BSA,3.75,3.75,3.75,3.59,2.8,3.4566066,3.3374383,3.2261117,2.883869,2.5140467
F243,BSA,3.83,3.63,3.47,3.19,2.48,3.2894964,3.2132928,3.15995,3.0147014,2.5221863
F244,BSA,4.07,3.59,2.84,2.0,2.0,3.4456475,3.2993672,3.0183733,2.909019,2.7139585
F245,BSA,1.008,1.008,0.96,0.96,0.8,1.1335754,1.1285434,1.1284698,1.1236211,1.1294851
F246,BSA,1.032,1.032,1.032,0.96,0.8,1.1650136,1.1629986,1.1629224,1.1660635,1.172149
F247,BSA,1.104,1.104,1.104,1.056,0.88,1.235177,1.2350963,1.2350155,1.251001,1.2553507
F248,BSA,1.2,1.2,1.2,1.152,0.96,1.2683096,1.2703693,1.2724326,1.2935055,1.2974831
F249,BSA,1.008,1.008,0.96,0.96,0.8,1.1921815,1.1680118,1.1663704,1.1647313,1.174527
F250,BSA,1.032,1.032,1.032,0.96,0.8,1.2382379,1.204419,1.2027264,1.2010361,1.2132227
F251,BSA,1.2,1.2,1.2,1.152,0.96,1.3357571,1.3162271,1.2788733,1.2770761,1.2842163
F252,BSA,1.344,1.344,1.344,1.296,1.08,1.3873602,1.3855399,1.318736,1.3168828,1.321256
F253,BSA,1.008,1.008,0.96,0.96,0.8,1.1514899,1.1498716,1.1482557,1.1466419,1.1801687
F254,BSA,1.044,1.032,1.044,0.984,0.82,1.187382,1.1857133,1.1840469,1.182383,1.2202669
F255,BSA,1.104,1.104,1.104,1.056,0.88,1.2537525,1.2541058,1.254459,1.2560803,1.2958477
F256,BSA,1.128,1.128,1.128,1.056,0.88,1.3347123,1.28199,1.2672889,1.2655082,1.2947929
F257,BSA,1.248,1.248,1.2,1.2,1.0,1.2835549,1.2839167,1.2842786,1.2894379,1.3259604
F258,BSA,1.344,1.344,1.344,1.248,1.04,1.3708507,1.3159612,1.3067907,1.3083884,1.3321376
F259,poly-hIgG,1.08,1.068,1.08,1.056,0.88,1.1790156,1.1473938,1.0352638,1.0369452,1.0406134
F260,poly-hIgG,1.392,1.392,1.392,1.344,1.12,1.2798462,1.2399553,1.1841077,1.0854809,1.0893208
F261,Ibalizumab,12.3,12.3,11.58,7.99,4.5,9.259266,8.141054,7.2086034,6.3960524,4.81888
F262,Ibalizumab,20.93,20.93,17.97,11.9,7.9,11.757981,10.007268,8.570085,7.4904213,6.2667603
F263,Ibalizumab,13.18,13.18,13.18,10.38,5.95,8.6644745,7.754874,6.961453,6.2785854,5.341734
F264,Ibalizumab,3.67,3.67,3.19,2.32,1.4,3.942557,3.46171,3.1395562,2.8792377,2.237292
F265,Ibalizumab,13.1,10.38,8.79,6.15,4.5,8.096174,7.1115146,6.322631,5.7335896,4.6147532
F266,Ibalizumab,10.38,7.59,6.57,5.41,5.41,6.778137,6.035975,5.4718404,5.1752415,4.693231
F267,Ibalizumab,5.35,5.19,5.19,5.03,4.1,5.205565,4.954599,4.7571783,4.1696267,3.239446
F268,Ibalizumab,7.19,6.39,6.39,5.59,5.0,5.6025352,5.322953,5.1397305,4.975055,4.3381057
F269,Ibalizumab,2.24,2.2,2.2,2.2,2.2,2.7301202,2.5548284,2.3432536,2.3139617,2.3175492
F270,Ibalizumab,3.19,3.19,3.19,3.12,2.7,3.3824122,3.2687275,3.2203505,3.193279,2.88322
F271,Ibalizumab,2.64,2.64,2.64,2.4,1.8,2.8427467,2.7284987,2.6150644,2.4685416,2.144236
F272,Ibalizumab,3.35,2.96,2.96,2.96,2.7,2.1639793,1.9033866,1.8159219,1.6870065,1.5258582
F273,Ibalizumab,3.12,2.72,2.72,2.4,2.4,2.8166182,2.551384,2.3729334,2.2247403,2.0470576
F274,Ibalizumab,1.04,1.04,1.04,0.96,0.96,1.18789,1.2097251,1.231962,1.2546073,1.2727686
F275,Ibalizumab,1.48,1.48,1.48,1.36,1.2,1.6622559,1.6512852,1.520785,1.4539366,1.4617864
F276,Ibalizumab,1.16,1.16,1.16,1.12,1.05,1.2501333,1.2709652,1.2921445,1.3136767,1.3163846
F277,Ibalizumab,1.6,1.6,1.6,1.6,1.6,1.7678452,1.7173944,1.5947582,1.5120244,1.4105633
F278,Ibalizumab,0.8,0.8,0.8,0.8,0.8,1.1807613,1.1004333,1.026487,1.0435921,1.0700825
F279,Ibalizumab,0.88,0.88,0.88,0.88,0.88,1.1036841,1.1092206,1.1296098,1.1503737,1.1869979
F280,Ibalizumab,1.04,1.04,1.04,1.04,1.04,1.1070279,1.1229028,1.1435434,1.1645634,1.1837153
F281,Ibalizumab,2.56,2.56,2.56,2.48,2.48,2.668444,2.5491147,2.4165156,2.29662,2.1548939
F282,Ibalizumab,2.16,1.84,1.52,1.52,1.52,2.1396465,1.7953924,1.4819826,1.4826188,1.4840047
F283,Ibalizumab,1.92,1.68,1.36,1.2,1.2,1.7277546,1.4497583,1.460446,1.4640642,1.4719688
F284,Ibalizumab,1.12,1.12,1.12,1.04,1.04,1.1281862,1.1214738,1.1401618,1.1591612,1.1759245
F285,Ibalizumab,0.88,0.88,0.88,0.88,0.88,1.0054911,1.0239735,1.0427958,1.061964,1.0763936
F286,Ibalizumab,1.0,1.0,1.0,1.0,1.0,1.2697814,1.1507336,1.1718858,1.1934271,1.2180213
F287,Ibalizumab,1.04,1.04,1.04,1.04,1.04,1.1363328,1.1552684,1.1745198,1.1940918,1.2196974
F288,Ibalizumab,0.69,0.69,0.69,0.69,0.69,0.9027092,0.91775185,0.9330452,0.94859326,0.9791588
F289,Ibalizumab,1.84,1.84,1.84,1.84,1.84,1.8783746,1.8004118,1.7390041,1.7375784,1.7344036
F290,Ibalizumab,1.44,1.44,1.44,1.36,1.21,1.5424336,1.5812161,1.5100139,1.3837029,1.3601949
F291,Ibalizumab,1.16,1.16,1.16,1.12,1.12,1.2612973,1.2844816,1.3080926,1.3321375,1.3397651
F292,Ibalizumab,2.06,2.06,2.06,1.92,1.55,2.0791457,1.9812697,1.8901472,1.8304181,1.530917
F293,Ibalizumab,0.84,0.84,0.84,0.81,0.81,0.98829955,1.0047685,1.0215118,1.0385342,1.0765629
F294,Ibalizumab,0.92,0.92,0.92,0.88,0.88,1.0358984,1.05494,1.0743315,1.0940793,1.1039016
F295,poly-hIgG,5.14,5.14,5.14,5.11,2.52,4.2112703,3.8485217,3.341236,3.0938423,2.7875006
F296,poly-hIgG,7.19,5.83,5.83,5.83,4.7,5.7134795,5.253583,4.9009476,4.527685,3.3064275
F297,poly-hIgG,3.99,3.67,3.67,3.67,3.0,4.265151,3.8991208,3.3588207,3.0738752,2.7833233
F298,poly-hIgG,8.79,7.19,7.19,6.39,4.55,5.8771434,5.694019,5.547355,5.2795205,4.1757
F299,poly-hIgG,4.87,4.87,4.87,4.87,2.6,4.7893715,4.6938314,3.9895415,3.53448,2.9624455
F300,poly-hIgG,4.71,4.71,4.71,4.71,2.88,4.6404824,4.064879,3.6195586,3.3823278,3.1844394
F301,poly-hIgG,9.98,9.98,9.98,8.79,6.0,7.447105,6.9771147,6.4083505,5.9763327,5.356534
F302,poly-hIgG,7.99,7.99,7.99,7.99,5.8,5.890758,5.577503,5.300174,5.041269,4.157144
F303,poly-hIgG,7.19,6.07,6.07,5.75,4.3,5.4957633,5.2842517,5.117229,4.7061553,3.7071817
F304,Trastuzumab,5.83,4.79,2.84,2.8,1.06,4.2373734,3.6241536,2.8212743,2.094647,1.4719334
F305,Trastuzumab,3.75,3.75,3.67,3.35,1.9,3.6653535,3.4811409,3.144973,2.8360348,2.0957327
F306,Trastuzumab,2.72,2.72,2.64,2.64,2.34,2.6539197,2.7300427,2.646183,2.405726,2.0088289
F307,Trastuzumab,1.52,1.52,1.52,1.36,1.2,1.8100482,1.8050393,1.7746999,1.7389836,1.6628846
F308,Trastuzumab,1.56,1.56,1.56,1.56,0.8,1.8431538,1.5446504,1.5146954,1.5184481,1.5266461
F309,Trastuzumab,3.19,2.72,2.48,2.72,1.85,2.8820684,2.6582835,2.273678,2.0077772,1.7217895
F310,Trastuzumab,3.12,2.64,2.64,2.16,1.8,2.9331934,2.8231244,2.4318354,1.9959005,1.5211945
F311,Trastuzumab,2.8,2.08,1.6,1.6,1.6,2.766469,2.186533,1.9385707,1.6467417,1.5476199
F312,Trastuzumab,2.0,2.0,1.68,1.44,1.25,2.0935266,1.8866036,1.7515045,1.7352083,1.4990207
F313,Trastuzumab,2.36,2.36,2.36,2.36,2.36,2.9033058,2.8464139,2.4805088,2.1360698,1.6827979
F314,Trastuzumab,3.19,2.52,1.92,1.68,1.68,2.6965752,2.201205,1.9279146,1.5424417,1.5867249
F315,Trastuzumab,2.88,2.88,2.52,2.52,2.5,2.9419172,2.578237,2.2581944,2.1284823,1.9985914
F316,Trastuzumab,3.35,2.72,2.08,1.73,1.73,3.5142343,2.434095,1.9977486,1.8163103,1.7735548
F317,Trastuzumab,2.08,2.08,1.64,1.64,1.64,2.01951,1.9313402,1.689629,1.6666607,1.5870348
F318,Trastuzumab,1.96,1.96,1.96,1.96,1.96,1.9986966,1.9749935,1.9811127,2.002211,1.9984374
F319,Trastuzumab,2.96,2.53,2.16,2.0,2.0,2.8760931,2.5064087,2.1010275,1.9338207,1.9091647
F320,poly-hIgG,1.45,1.45,1.45,1.45,1.45,1.3322576,1.3734759,1.3157873,1.3161583,1.3385707
F321,poly-hIgG,9.58,8.31,4.87,4.31,4.31,6.0481157,5.5360217,5.1768327,4.8814034,3.318073
F322,poly-hIgG,1.28,1.28,1.28,1.28,1.28,1.6591709,1.6563417,1.6706719,1.697249,1.6808172
F323,poly-hIgG,9.03,9.03,7.67,7.59,5.0,6.445745,5.9843116,5.560649,5.183978,4.0071416
F324,poly-hIgG,1.04,1.04,1.04,1.04,1.04,1.2854242,1.318095,1.363821,1.3480432,1.3432081
F325,poly-hIgG,1.28,1.28,1.28,1.28,1.28,1.2872692,1.3167706,1.3646063,1.4276313,1.5347146
F326,poly-hIgG,1.36,1.36,1.28,1.28,1.28,1.3136427,1.354793,1.3974954,1.4307922,1.3491043
F327,poly-hIgG,1.6,1.6,1.6,1.6,1.6,1.5285779,1.5491601,1.6027204,1.6639103,1.6976118
F328,poly-hIgG,1.92,1.68,1.44,1.44,1.44,1.5544335,1.5917004,1.639937,1.6726925,1.6173607
F329,poly-hIgG,1.2,1.2,1.2,1.2,1.2,1.43534,1.5004902,1.5577958,1.5891513,1.6187475
F330,poly-hIgG,1.16,1.16,1.16,1.16,1.16,1.2754855,1.3118645,1.3558481,1.3544248,1.3455635
F331,poly-hIgG,2.24,1.92,1.6,1.6,1.6,1.4525515,1.5059484,1.5681549,1.6341784,1.66561
F332,poly-hIgG,1.78,1.78,1.78,1.78,1.78,1.3486321,1.3608118,1.3946398,1.4229573,1.3982846
F333,poly-hIgG,6.75,6.75,6.75,6.23,5.0,5.685706,5.3003016,5.1127114,4.8784304,3.312397
F334,poly-hIgG,5.72,5.72,5.72,5.99,4.75,5.148104,4.8996177,4.5751443,3.931868,3.138613
F335,poly-hIgG,4.63,4.63,4.63,4.55,4.0,4.4287095,4.4370337,4.017136,3.6693063,3.220782
F336,poly-hIgG,7.43,6.95,5.91,5.67,5.67,5.08549,4.860178,4.685451,4.141074,3.350501
F337,poly-hIgG,9.58,8.39,7.19,5.91,5.0,5.1384783,4.895573,4.499594,3.9240642,3.2271407
F338,poly-hIgG,7.35,7.35,6.39,5.75,5.0,5.371051,5.0523615,4.529567,3.9462593,3.4173086
F339,poly-hIgG,2.88,2.88,2.88,2.88,2.4,2.896038,2.6684067,2.5888727,2.4804149,2.423425
F340,poly-hIgG,2.07,2.07,2.07,2.07,2.07,2.4501472,2.236251,2.1984925,2.2209554,2.0493023
F341,poly-hIgG,2.4,2.4,2.4,2.4,2.4,2.0908616,2.0371063,2.055907,2.0419497,2.0323665
F342,poly-hIgG,4.63,3.79,3.79,3.75,3.66,2.0551515,1.9844977,1.9390779,1.974863,1.9778744
F343,poly-hIgG,1.68,1.68,1.68,1.68,1.68,2.0806296,2.0184162,1.944778,1.9400048,1.9476131
F344,poly-hIgG,2.17,2.17,2.17,2.17,2.17,2.294027,2.2095447,2.1246438,2.038894,1.9605936
F345,poly-hIgG,1.49,1.49,1.49,1.49,1.49,1.4021097,1.426867,1.4874913,1.5543369,1.7043402
F346,poly-hIgG,2.0,2.0,2.0,2.0,2.0,2.5588515,2.5294716,2.5391457,2.4347,2.4362056
F347,poly-hIgG,1.2,1.2,0.97,0.97,0.97,1.3978533,1.3997983,1.3992187,1.4045074,1.416085
F348,poly-hIgG,1.02,1.02,1.02,1.02,1.02,1.3698522,1.3750299,1.3802271,1.3854439,1.3968645
F349,poly-hIgG,1.21,1.21,1.21,1.21,1.21,1.522107,1.4876158,1.4998684,1.5113515,1.5066116
F350,poly-hIgG,3.99,3.99,3.19,3.04,2.26,3.8561351,3.535726,3.2091577,2.6749475,2.4523504
F351,poly-hIgG,3.65,3.65,3.65,3.65,2.83,4.772047,4.6007595,4.101438,3.6916418,2.741767
F352,poly-hIgG,4.77,4.77,4.77,4.77,4.77,4.409587,4.3173776,4.231013,4.0355372,3.373755
F353,poly-hIgG,1.68,1.68,1.68,1.28,1.1,1.45963,1.507145,1.4077312,1.3967307,1.3963035
F354,poly-hIgG,1.51,1.51,1.51,1.44,1.1,1.5718107,1.6317326,1.6762673,1.6174269,1.3916022
F355,poly-hIgG,5.55,5.55,5.55,5.55,3.2,4.955233,4.77484,4.1659956,3.6559618,2.9624488
F356,poly-hIgG,3.63,3.63,3.63,3.63,3.3,4.240454,4.152515,3.6054182,3.3886404,3.1978521
F357,poly-hIgG,3.19,2.24,1.84,1.84,1.84,2.8544097,2.4217525,2.2611017,2.2142644,2.2419436
F358,poly-hIgG,3.43,3.19,2.96,2.64,2.64,3.0627375,2.6684606,2.328535,2.221887,2.3019574
F359,poly-hIgG,2.76,2.76,2.76,2.76,2.05,3.204919,2.833437,2.7723532,2.4689987,2.347302
F360,poly-hIgG,2.4,1.6,1.53,1.53,1.53,2.3190956,1.987052,1.7955446,1.7838943,1.7257559
F361,poly-hIgG,3.83,3.0,2.96,2.72,2.17,3.2308588,2.489186,2.0608826,1.9594424,1.8958243
F362,poly-hIgG,4.39,2.88,2.48,2.4,2.35,3.1132286,2.811695,2.4760342,2.2870977,2.3230286
F363,poly-hIgG,3.99,2.8,2.64,2.48,2.07,2.521781,2.1928327,1.9743323,1.868991,1.7863743
F364,poly-hIgG,2.21,2.21,2.21,2.21,1.0,2.416106,2.0994465,1.8836825,1.7366776,1.7661786
F365,poly-hIgG,3.04,2.8,2.48,2.4,1.7,2.358922,2.0711737,1.9055685,1.7911128,1.7777921
F366,poly-hIgG,1.39,1.39,1.39,1.39,1.39,1.4167787,1.3967012,1.4065259,1.4067916,1.3958368
F367,poly-hIgG,1.92,1.92,1.92,1.92,1.92,1.7641532,1.6254433,1.5656009,1.5544064,1.6007189
F368,poly-hIgG,1.2,1.2,1.2,1.2,1.2,1.3486321,1.3608118,1.3946398,1.4229573,1.3982846
F369,poly-hIgG,1.25,1.25,1.25,1.25,1.25,1.4570218,1.4832588,1.4836702,1.4840887,1.4593225
F370,poly-hIgG,1.44,1.44,1.44,1.44,1.44,1.4964995,1.5356696,1.5065979,1.429726,1.4207678
F371,poly-hIgG,2.0,1.6,1.28,1.28,1.28,1.6634201,1.6341494,1.6652681,1.6606158,1.4578285
F372,poly-hIgG,7.04,7.04,7.04,7.04,4.0,5.878168,5.5370173,5.2604246,5.026257,3.7984395
F373,poly-hIgG,6.03,6.03,6.03,6.03,4.4,5.311827,5.191399,5.0542154,4.9370227,3.9024744
F374,poly-hIgG,5.81,5.81,5.81,5.75,5.5,4.853507,4.8919435,4.938217,5.0629835,4.4607496
F375,poly-hIgG,7.0,7.0,7.0,6.87,5.11,5.049593,4.849578,4.120496,3.6775699,3.3741143
F376,poly-hIgG,5.31,5.31,5.03,4.79,2.67,5.106936,4.923734,4.291017,3.7654808,3.360137
F377,poly-hIgG,8.39,8.39,8.39,7.99,6.6,5.54086,5.2791185,5.0673428,4.9072466,3.7437162
F378,poly-hIgG,1.42,1.42,1.42,1.42,1.42,1.4611218,1.4569871,1.436501,1.4323037,1.4441105
F379,poly-hIgG,1.34,1.34,1.34,1.34,1.34,1.3993076,1.4022429,1.4075428,1.412863,1.4245096
F380,poly-hIgG,1.25,1.25,1.25,1.25,1.25,1.4483603,1.4366046,1.4249443,1.4133787,1.3885343
F381,poly-hIgG,3.35,3.35,3.35,3.27,2.9,3.8376691,3.488171,3.2763693,3.0591216,2.8390872
F382,poly-hIgG,4.81,4.81,4.81,4.63,3.64,4.8747973,4.325128,3.9207783,3.602263,3.0939152
F383,poly-hIgG,4.19,4.19,3.79,3.75,3.75,4.6167555,4.394591,4.0931616,3.909973,3.442395
F384,poly-hIgG,4.23,3.91,3.55,3.51,3.04,3.9038544,3.5363147,3.37872,3.1200783,2.7208068
F385,poly-hIgG,2.61,2.61,2.61,2.4,2.25,3.3218977,3.0769062,3.0466824,2.990283,2.8594487
F386,poly-hIgG,3.59,2.8,2.8,2.8,2.8,2.5588515,2.5294716,2.5391457,2.4347,2.4362056
F387,poly-hIgG,2.96,2.44,2.4,2.4,2.4,2.50806,2.406895,2.3506293,2.3900664,2.432986
F388,poly-hIgG,2.12,2.12,2.12,2.12,1.8,2.5555468,2.4437592,2.369127,2.325296,2.311373
F389,Belatacept,3.15,3.15,3.15,2.88,1.8,3.5522819,3.5664215,3.5742035,3.0058765,2.3898427
F390,Belatacept,1.84,1.84,1.84,1.84,1.84,2.8826356,2.7843478,2.4986742,2.2966423,2.0037155
F391,Belatacept,1.64,1.64,1.64,1.64,1.64,2.097046,1.9581038,1.9190413,1.9079832,1.9016937
F392,Belatacept,2.4,1.88,1.88,1.44,1.1,1.9398533,1.8161242,1.7176182,1.5937488,1.5015441
F393,Belatacept,1.75,1.75,1.75,1.75,1.75,1.8524204,1.8611165,1.8747987,1.869785,1.8259134
F394,Belatacept,1.33,1.33,0.95,0.95,0.95,1.5529232,1.4622341,1.2739301,1.2370607,1.2607014
F395,Belatacept,2.32,2.04,2.04,2.04,2.04,2.4332058,2.454346,2.4649928,2.464657,2.2658026
F396,Belatacept,2.71,2.71,2.71,2.4,2.1,2.757759,2.6190124,2.4853296,2.4547558,2.459188
F397,Belatacept,1.8,1.8,1.8,1.8,1.8,1.8202022,1.7878845,1.7733662,1.7589658,1.6966603
F398,Belatacept,2.31,2.31,2.31,2.31,2.31,2.5346904,2.5590484,2.5234888,2.4673777,2.3564157
F399,Belatacept,1.04,1.04,1.04,1.04,1.04,1.2755989,1.287926,1.3016722,1.3277565,1.3541017
F400,Etanercept,3.67,3.67,2.64,2.64,1.75,3.681864,3.681864,3.1729631,2.5754876,2.3605275
F401,Etanercept,4.27,4.27,4.27,3.99,2.8,3.9441812,4.050167,4.051455,3.8934584,3.1962097
F402,Etanercept,3.42,3.42,3.23,3.23,2.42,3.681864,3.681864,3.681864,3.681864,3.1818674
F403,Etanercept,1.24,1.24,1.24,1.24,1.24,1.416127,1.4307333,1.4680816,1.4940075,1.5132178
F404,Etanercept,1.58,1.58,1.58,1.58,1.58,1.7185541,1.5499275,1.5556856,1.6017318,1.6704906
F405,Etanercept,1.32,1.32,1.32,1.32,1.32,1.7039754,1.5484184,1.5757631,1.6035906,1.6622314
F406,Etanercept,1.69,1.69,1.69,1.69,1.69,1.6873116,1.6611757,1.6925983,1.7088412,1.7266477
F407,Etanercept,4.55,4.55,4.55,4.55,2.4,4.299465,4.2147017,4.1082683,3.9327571,2.429205
F408,Etanercept,5.43,5.43,4.79,4.79,3.0,4.8828473,4.6402054,4.4383397,4.034046,3.048104
F409,Etanercept,6.13,6.13,6.13,5.59,2.2,5.29715,5.066523,4.8602114,4.6620126,3.417583
F410,Etanercept,1.21,1.21,1.21,1.21,1.21,1.4834923,1.2800153,1.2466842,1.2674587,1.2976865
F411,Etanercept,1.33,1.33,1.33,1.33,1.0,1.3504397,1.35389,1.3787766,1.3859416,1.3726314
F412,Etanercept,55.11,53.51,45.53,30.35,8.1,23.375572,18.78613,15.097739,12.133518,7.5702252
F413,Etanercept,3.27,3.27,3.27,3.27,2.15,3.681864,3.681864,3.681864,3.681864,3.0871258
F414,Etanercept,5.59,3.99,3.51,3.04,2.1,3.8237386,3.681864,3.3780353,2.980253,2.4522908
F415,Etanercept,4.66,4.66,4.15,3.91,1.35,3.9599683,3.6984906,3.681864,3.681864,2.3312395
F416,Etanercept,5.25,5.25,3.99,3.99,1.0,4.9016714,4.480536,4.096746,3.754477,1.6091031
F417,Etanercept,0.88,0.88,0.88,0.72,0.72,1.1643109,1.0234107,0.9883781,1.0175165,1.075175
F418,Etanercept,0.97,0.97,0.97,0.88,0.85,0.9096866,0.8989344,0.9593947,0.9950767,1.0663291
F419,Etanercept,1.47,1.47,1.47,1.2,1.12,1.4905865,1.3710831,1.3667041,1.3662258,1.3667015
F420,Etanercept,19.97,15.97,15.18,10.38,4.3,12.957747,10.340065,8.251201,6.6707754,4.9960537
F421,Etanercept,38.34,31.95,26.36,19.97,6.0,18.893072,15.183693,12.1876,9.725503,6.0890274
F422,Etanercept,79.87,79.87,71.88,47.92,10.5,29.8147,23.961006,19.256617,15.475862,9.618092
F423,Belatacept,5.83,5.83,5.83,5.59,3.2,5.0024986,5.032561,4.8445377,4.6691155,3.5178444
F424,Pembrolizumab,4.5,4.0,3.8,3.6,2.0,4.715827,4.3642297,3.949088,3.2313986,2.3475876
F425,Pembrolizumab,20.5,16.8,14.7,12.7,8.3,10.79301,9.464148,8.10379,6.9961905,4.658122
F426,Pembrolizumab,21.6,16.1,12.7,9.4,2.2,9.391376,8.132563,7.0210285,6.159222,3.857439
F427,Pembrolizumab,35.0,35.0,35.0,35.0,14.0,18.176964,15.669573,13.9057045,12.872595,9.492147
F428,Pembrolizumab,1.3,1.3,1.2,1.2,1.2,2.4019518,1.9597636,1.6341423,1.5042909,1.4755917
F429,Pembrolizumab,4.6,4.5,4.1,3.6,2.5,5.141281,4.5552073,4.157211,3.6212013,2.6996584
F430,Pembrolizumab,3.4,2.7,2.3,1.9,1.1,3.1353865,2.5894532,2.0254629,1.8525779,1.4674819
F431,Pembrolizumab,5.4,4.0,3.5,3.0,1.9,4.6695924,4.0827737,3.445245,2.8911436,2.4027655
F432,Pembrolizumab,4.0,3.2,2.8,2.4,1.6,3.7112308,3.0999947,2.3060646,2.0223541,1.4662852
F433,Pembrolizumab,3.0,2.6,2.4,2.3,2.3,3.0914671,2.7866263,2.5106807,2.3234804,2.153107
F434,Pembrolizumab,5.3,5.0,5.0,5.0,5.2,4.452878,4.473845,4.487405,4.477372,4.2078686
F435,Pembrolizumab,5.8,5.0,4.5,4.1,3.2,4.494895,4.4374495,4.3590536,4.2436886,3.7271616
F436,Pembrolizumab,5.1,4.1,3.6,3.2,2.2,4.0392437,3.6963892,3.44902,3.192578,2.3519096
F437,Pembrolizumab,3.7,2.8,2.4,2.0,1.9,3.581061,2.9506633,2.5825927,2.360826,2.1206217
F438,Pembrolizumab,5.6,4.4,3.7,3.1,2.0,3.8497257,3.848951,3.0376139,2.5500088,2.320323
F439,Pembrolizumab,4.1,3.2,2.8,2.5,2.0,3.7987106,3.8785012,3.1539888,2.6176794,2.3682456
F440,Pembrolizumab,5.8,5.2,4.9,4.5,3.8,4.556846,4.3132277,4.153463,4.0401506,3.6642673
F441,Pembrolizumab,6.2,5.5,4.8,4.2,2.8,5.3455744,4.9245386,3.9785774,3.5322149,2.8548794
F442,Pembrolizumab,7.6,6.0,5.0,4.2,2.4,5.282294,4.89366,4.5691123,4.015159,2.98474
F443,Pembrolizumab,4.8,4.5,4.2,4.0,3.6,4.3514705,4.2790956,4.2190495,3.7911346,3.2403398
F444,Pembrolizumab,5.5,4.8,4.5,4.2,3.7,4.553831,4.4623594,4.397817,4.039311,3.5503693
F445,none,1.0,1.0,1.0,1.0,1.0,1.0340657,1.0337311,1.0443349,1.0639603,1.1237162
F446,Adalimumab,8.25,7.0,6.3,6.3,1.35,6.1868777,5.488222,4.8981647,4.0728636,1.7848036
F447,Adalimumab,6.0,5.1,4.6,4.2,3.0,5.0775104,4.7363396,4.384592,3.8571415,2.5289836
F448,Adalimumab,6.7,6.7,6.7,6.7,1.4,5.275849,5.1482635,4.863727,3.9402354,2.3039756
F449,Adalimumab,6.5,5.9,5.9,5.9,2.7,5.1062083,4.9484315,4.735716,4.3565674,2.034809
F450,Adalimumab,9.1,7.0,6.1,5.3,3.6,5.9047713,5.322229,4.863034,4.2485933,2.5984223
F451,Adalimumab,4.1,3.4,3.2,3.0,2.6,3.1897333,3.1419368,2.9152727,2.784875,2.2568529
F452,Adalimumab,7.4,5.2,4.5,3.9,2.6,4.9081826,4.6294465,4.401359,3.7289903,2.3452723
F453,Adalimumab,3.2,3.1,3.1,3.1,2.2,3.4595692,3.2421026,2.9935486,2.6673994,2.0667603
F454,Adalimumab,3.0,3.0,3.0,3.0,3.0,3.5036824,3.4048524,3.3674905,3.2930007,2.9865913
F455,Adalimumab,3.1,2.8,2.7,2.6,2.6,2.9562142,2.8094745,2.8147871,2.8207862,2.318171
F456,Adalimumab,2.9,2.9,2.9,2.9,2.3,2.9552393,2.9366593,2.929454,2.8714373,2.2612655
F457,Adalimumab,4.6,4.6,4.6,4.6,2.6,4.402083,4.426904,4.4372015,4.377463,3.166449
F458,Adalimumab,5.3,4.2,3.6,3.2,2.2,4.656865,4.2784314,3.76726,3.4173498,2.8582623
F459,Adalimumab,5.1,4.3,3.8,3.4,2.6,4.38439,4.3596854,4.3361964,4.2139273,3.42988
F460,Adalimumab,4.2,4.0,4.0,4.0,4.0,3.7345154,3.798804,3.8641355,3.927919,4.065633
F461,Adalimumab,2.0,1.7,1.6,1.5,1.5,1.7934821,1.7940786,1.796585,1.7909795,1.7788421
F462,Adalimumab,3.9,3.9,3.8,3.8,3.8,3.681864,3.681864,3.6340349,3.3930643,3.202964
F463,Adalimumab,4.5,3.4,3.1,2.9,2.4,3.558822,3.2484782,2.9708788,2.5202837,2.1803539
F464,Adalimumab,2.8,2.1,1.7,1.5,1.5,2.6176856,2.1431167,1.9769185,1.9111259,1.8403931
F465,Vudalimab,13.0,8.8,7.7,6.7,4.6,7.152432,6.055171,5.487324,5.1929054,4.4976416
F466,Vudalimab,3.6,3.4,3.4,3.4,3.4,3.7330735,3.7666082,3.8015723,3.8444417,3.7076066
F467,Vudalimab,3.3,2.3,2.0,1.8,1.3,2.8208961,2.7199523,2.6217108,2.451187,2.0299551
F468,Vudalimab,2.7,2.6,2.5,2.4,2.3,3.1475315,3.0369954,2.9288776,2.8558497,2.5451336
F469,Vudalimab,1.2,1.2,1.2,1.2,1.2,1.4259763,1.4233686,1.4207654,1.4181671,1.4125295
F470,Vudalimab,2.3,1.9,1.5,1.2,1.0,2.3580208,1.9813615,1.6388203,1.4956821,1.4682245
F471,Vudalimab,2.1,2.1,2.0,1.9,1.9,2.3024838,2.2690597,2.236121,2.1845348,2.010001
F472,Vudalimab,2.5,1.9,1.7,1.6,1.3,2.3840659,1.9416528,1.6177747,1.4742632,1.4756413
F473,Vudalimab,6.4,4.3,3.9,3.5,2.7,4.2178025,4.171997,4.053386,3.6991088,2.7870402
F474,Vudalimab,5.0,4.2,4.0,3.9,3.7,4.336739,4.3207226,4.182753,3.984998,3.6889813
F475,Vudalimab,10.3,8.5,7.9,7.3,6.1,6.7691107,6.3147016,5.99585,5.743682,5.329087
F476,Vudalimab,2.5,2.0,2.0,2.0,2.0,2.545606,2.4238524,2.3918972,2.360418,2.3143232
F477,Vudalimab,1.1,1.0,1.0,0.9,0.9,1.3559228,1.3476461,1.33942,1.3312439,1.3136245
F478,Vudalimab,2.7,2.5,2.5,2.5,2.5,3.5942569,3.4627106,3.3349757,3.1876261,2.8977003
F479,Vudalimab,7.6,6.1,5.6,5.2,4.3,5.2265916,5.089239,4.958262,4.8306565,3.9760413
F480,Vudalimab,3.4,3.1,3.0,2.9,2.8,3.4841893,3.34908,3.1044436,3.0153198,2.5948217
F481,Vudalimab,10.5,7.4,6.6,5.8,4.0,6.4634542,6.0599875,5.6817064,5.3380194,3.8455982
F482,Vudalimab,4.2,3.8,3.7,3.7,3.7,3.7597792,3.7935538,3.8276312,3.829319,3.6911423
F483,Vudalimab,1.6,1.6,1.3,1.3,1.4,2.3937728,2.0740376,1.8376722,1.7074208,1.6305947
F484,Vudalimab,1.9,1.5,1.4,1.3,1.3,1.8633614,1.4722679,1.4657533,1.4592677,1.4452531
F485,Vudalimab,1.2,1.2,1.1,1.1,1.2,1.4513698,1.4250995,1.4224936,1.419892,1.4142473
F486,Vudalimab,3.4,3.0,2.9,2.8,2.7,3.1821213,3.0615406,2.9769125,2.921952,2.7561383
F487,Vudalimab,2.9,2.9,2.9,2.9,2.5,3.2139263,3.031433,3.0262713,3.0181332,2.777796
