{
  "version": "3.1.1",
  "model_type": "ensemble",
  "n_models": 1,
  "model_created_date": "2026-1-5",
  "packaged_date": "2026-01-14T15:17:18.429115",
  "client": "QATCH Technologies",
  "author": "Paul MacNichol <paul.macnichol@qatchtech.com>",
  "notes": "Regime concentration scaling with prior layer",
  "total_model_size_mb": 7.19,
  "cryptographically_signed": true,
  "signature_algorithm": "RSA-PSS with SHA256",
  "python_version": "3.8+",
  "framework": "PyTorch",
  "ensemble_info": {
    "model_files": [
      "checkpoint_0.pt"
    ],
    "individual_sizes_mb": [
      7.19
    ]
  },
  "package_contents": [
    "model/checkpoint_0.pt",
    "src/core.py",
    "src/inference.py",
    "model/metadata.json",
    "requirements.txt",
    "example_usage.py",
    "README.md",
    "security/public_key.pem",
    "security/signatures.json"
  ]
}