{
  "version": "1.1",
  "model_type": "ensemble",
  "n_models": 5,
  "model_created_date": "Unknown",
  "packaged_date": "2026-01-16T11:50:12.409906",
  "client": "Unknown",
  "author": "Unknown",
  "notes": "Auto-packaged from latest experiment",
  "total_model_size_mb": 35.92,
  "cryptographically_signed": true,
  "architecture": "VisQAI Standard",
  "package_contents": [
    "model/checkpoint_0.pt",
    "model/checkpoint_1.pt",
    "model/checkpoint_2.pt",
    "model/checkpoint_3.pt",
    "model/checkpoint_4.pt",
    "src/config.py",
    "src/data.py",
    "src/inference.py",
    "src/layers.py",
    "src/loss.py",
    "src/management.py",
    "src/models.py",
    "src/utils.py",
    "requirements.txt",
    "README.md"
  ]
}