ID,Protein_type,Protein_class_type,kP,MW,PI_mean,PI_range,Protein_conc,Temperature,Buffer_type,Buffer_pH,Buffer_conc,Salt_type,Salt_conc,Stabilizer_type,Stabilizer_conc,Surfactant_type,Surfactant_conc,Excipient_type,Excipient_conc,C_Class,HCI,Viscosity_100,Viscosity_1000,Viscosity_10000,Viscosity_100000,Viscosity_15000000,Charge,ProtPi PI,
161,Adalimumab,mAb_IgG1,3,148,8.7,0.3,143,27.5,Histidine,6.3,10,none,0,none,0,none,0,none,0,1,1,5.94,5.94,5.94,4.29,2.54,20.693,8.582,
162,Adalimumab,mAb_IgG1,3,148,8.7,0.3,139,27.5,Acetate,5.4,40,none,0,none,0,none,0,none,0,1,1,6.25,5.09,5.09,3.7,2.28,40.23,8.582,
163,Adalimumab,mAb_IgG1,3,148,8.7,0.3,100,27.5,Acetate,5.3,34,none,0,none,0,none,0,none,0,1,1,3.67,3.13,2.85,2.44,1.45,43.066,8.582,
164,Adalimumab,mAb_IgG1,3,148,8.7,0.3,35,27.5,Acetate,5.1,25,none,0,none,0,tween-80,0.1,none,0,1,1,1.47,1.47,1.47,1.47,1.47,49.664,8.582,
165,Adalimumab,mAb_IgG1,3,148,8.7,0.3,35,27.5,Acetate,5.1,25,none,0,Sucrose,0.5,none,0,none,0,1,1,1.97,1.97,1.97,1.76,1.2,49.664,8.582,
166,Adalimumab,mAb_IgG1,3,148,8.7,0.3,52,27.5,Acetate,5.2,27,none,0,Sucrose,0.25,tween-80,0.05,none,0,1,1,2.02,2.02,2.02,2.02,2,46.189,8.582,
167,Adalimumab,mAb_IgG1,3,148,8.7,0.3,100,27.5,Histidine,6.3,11,none,0,none,0,none,0,none,0,1,1,3.22,2.67,2.48,2.1,1.3,20.693,8.582,
168,Adalimumab,mAb_IgG1,3,148,8.7,0.3,52,27.5,Histidine,6.2,13,none,0,Sucrose,0.5,none,0,none,0,1,1,2.76,2.48,2.02,1.58,1.2,22.488,8.582,
169,Adalimumab,mAb_IgG1,3,148,8.7,0.3,52,27.5,Histidine,6.2,13,none,0,Sucrose,0.25,tween-80,0.05,none,0,1,1,2.76,2.39,1.7,1.58,1.15,22.488,8.582,
170,Adalimumab,mAb_IgG1,3,148,8.7,0.3,35,27.5,Histidine,6.1,14,none,0,Sucrose,0.5,tween-80,0.1,none,0,1,1,1.84,1.84,1.75,1.67,1.52,24.396,8.582,
229,Adalimumab,mAb_IgG1,3,148,8.7,0.3,267,27.5,PBS,7.4,10,NaCl,140,none,0,none,0,none,0,1,1,45.69,44.76,33.57,21.29,5.75,9.48,8.582,
230,Adalimumab,mAb_IgG1,3,148,8.7,0.3,62,27.5,PBS,7.4,10,NaCl,140,Sucrose,0.25,none,0,none,0,1,1,1.61,1.61,1.61,1.37,1.12,9.48,8.582,
231,Adalimumab,mAb_IgG1,3,148,8.7,0.3,100,27.5,PBS,7.4,10,NaCl,140,none,0,tween-80,0.1,none,0,1,1,7.13,4.72,4.14,3.78,2.14,9.48,8.582,
232,Adalimumab,mAb_IgG1,3,148,8.7,0.3,80,27.5,PBS,7.4,10,NaCl,140,Sucrose,0.5,tween-80,0.05,none,0,1,1,6.44,5.75,4.83,4.31,1.6,9.48,8.582,
233,Adalimumab,mAb_IgG1,3,148,8.7,0.3,75,27.5,PBS,7.4,10,NaCl,140,Sucrose,0.1,tween-80,0.05,none,0,1,1,5.18,2.65,1.61,1.26,1.04,9.48,8.582,
444,Adalimumab,mAb_IgG1,3,148,8.7,0.3,135,25,Histidine,6.3,12.5,none,0,none,0,none,0,none,0,1,1,10.09,8.56,7.71,7.09,1.35,20.693,8.582,
445,Adalimumab,mAb_IgG1,3,148,8.7,0.3,135,25,Histidine,6.3,12.5,NaCl,140,none,0,none,0,none,0,1,1,7.34,6.24,5.63,4.73,3,20.693,8.582,
446,Adalimumab,mAb_IgG1,3,148,8.7,0.3,135,25,Histidine,6.3,12.5,none,0,Sucrose,0.4,none,0,none,0,1,1,8.2,8.2,8.2,7.54,1.4,20.693,8.582,
447,Adalimumab,mAb_IgG1,3,148,8.7,0.3,135,25,Histidine,6.3,12.5,none,0,none,0,tween-80,0.05,none,0,1,1,7.95,7.22,7.22,6.64,2.7,20.693,8.582,
448,Adalimumab,mAb_IgG1,3,148,8.7,0.3,135,25,Histidine,6.3,12.5,none,0,none,0,none,0,Arginine,25,1,1,11.14,8.56,7.47,5.97,3.6,20.693,8.582,
449,Adalimumab,mAb_IgG1,3,148,8.7,0.3,135,25,Histidine,6.3,12.5,none,0,none,0,none,0,Arginine,100,1,1,5.02,4.16,3.91,3.38,2.6,20.693,8.582,
450,Adalimumab,mAb_IgG1,3,148,8.7,0.3,135,25,Histidine,6.3,12.5,NaCl,140,none,0,none,0,Arginine,100,1,1,9.05,6.36,5.51,4.39,2.6,20.693,8.582,
451,Adalimumab,mAb_IgG1,3,148,8.7,0.3,135,25,Histidine,6.3,12.5,none,0,Sucrose,0.4,none,0,Arginine,100,1,1,3.91,3.8,3.8,3.49,2.2,20.693,8.582,
452,Adalimumab,mAb_IgG1,3,148,8.7,0.3,135,25,Histidine,6.3,12.5,none,0,none,0,none,0,Arginine,250,1,1,3.67,3.67,3.67,3.5,3.45,20.693,8.582,
453,Adalimumab,mAb_IgG1,3,148,8.7,0.3,135,25,Histidine,6.3,12.5,none,0,none,0,tween-80,0.05,Arginine,100,1,1,3.8,3.42,3.31,2.93,2.6,20.693,8.582,
454,Adalimumab,mAb_IgG1,3,148,8.7,0.3,135,25,Histidine,6.3,12.5,none,0,none,0,none,0,Lysine,25,1,1,3.55,3.55,3.55,3.27,2.3,20.693,8.582,
455,Adalimumab,mAb_IgG1,3,148,8.7,0.3,135,25,Histidine,6.3,12.5,none,0,none,0,none,0,Lysine,100,1,1,5.63,5.63,5.63,5.18,2.6,20.693,8.582,
456,Adalimumab,mAb_IgG1,3,148,8.7,0.3,135,25,Histidine,6.3,12.5,NaCl,140,none,0,none,0,Lysine,100,1,1,6.49,5.14,4.4,3.6,2.2,20.693,8.582,
457,Adalimumab,mAb_IgG1,3,148,8.7,0.3,135,25,Histidine,6.3,12.5,none,0,Sucrose,0.4,none,0,Lysine,100,1,1,6.24,5.26,4.65,3.83,2.6,20.693,8.582,
458,Adalimumab,mAb_IgG1,3,148,8.7,0.3,135,25,Histidine,6.3,12.5,none,0,none,0,tween-80,0.05,Lysine,100,1,1,5.14,4.89,4.89,4.89,4.89,20.693,8.582,
459,Adalimumab,mAb_IgG1,3,148,8.7,0.3,135,25,Histidine,6.3,12.5,none,0,none,0,none,0,Lysine,250,1,1,2.45,2.08,1.96,1.69,1.5,20.693,8.582,
460,Adalimumab,mAb_IgG1,3,148,8.7,0.3,135,25,Histidine,6.3,12.5,none,0,none,0,none,0,Proline,25,1,1,4.77,4.77,4.65,4.28,3.8,20.693,8.582,
461,Adalimumab,mAb_IgG1,3,148,8.7,0.3,135,25,Histidine,6.3,12.5,none,0,none,0,none,0,Proline,100,1,1,5.51,4.16,3.8,3.27,2.4,20.693,8.582,
462,Adalimumab,mAb_IgG1,3,148,8.7,0.3,135,25,Histidine,6.3,12.5,none,0,none,0,none,0,Proline,250,1,1,3.42,2.57,2.08,1.69,1.5,20.693,8.582,
630,Adalimumab,mAb_IgG1,3,148,8.7,0.3,206,25.352,Histidine,6.1,13.5,NaCl,76,Sucrose,0.2,tween-80,0.05,None,0,1,1,32.06,33.47,34.87,35.99,6.360255267,24.396,8.582,
631,Adalimumab,mAb_IgG1,3,148,8.7,0.3,206,25.32333333,Histidine,6.1,13.5,NaCl,76,Sucrose,0.2,tween-80,0.05,None,0,1,1,45.97,45.9,46.8,41.79,8.137937881,24.396,8.582,
387,Belatacept,Fc-Fusion,4.5,90,5.6,0.5,70,25,Histidine,5.9,18.8,none,0,none,0,none,0,none,0,1.4,1.5,3.94,3.94,3.94,3.31,1.8,-4.421,5.601,
388,Belatacept,Fc-Fusion,4.5,90,5.6,0.5,55,25,Histidine,5.9,17.5,none,0,none,0,none,0,none,0,1.4,1.5,2.3,2.3,2.3,2.12,1.84,-4.421,5.601,
389,Belatacept,Fc-Fusion,4.5,90,5.6,0.5,55,25,Histidine,6,35,none,0,none,0,none,0,none,0,1.4,1.5,2.05,2.05,2.05,1.89,1.64,-5.783,5.601,
390,Belatacept,Fc-Fusion,4.5,90,5.6,0.5,55,25,Histidine,5.9,17.5,none,0,Sucrose,0.3,none,0,Arginine,25,1.4,1.5,3,2.35,2.35,1.66,1.1,-4.421,5.601,
391,Belatacept,Fc-Fusion,4.5,90,5.6,0.5,55,25,Histidine,5.9,17.5,none,0,Sucrose,0.3,none,0,none,0,1.4,1.5,2.19,2.19,2.19,2.19,2.19,-4.421,5.601,
392,Belatacept,Fc-Fusion,4.5,90,5.6,0.5,20,25,Histidine,6,15,none,0,none,0,none,0,none,0,1.4,1.5,1.66,1.66,1.19,1.09,0.95,-5.783,5.601,
393,Belatacept,Fc-Fusion,4.5,90,5.6,0.5,70,25,PBS,7.4,10,NaCl,140,none,0,none,0,none,0,1.4,1.5,2.9,2.55,2.55,2.55,2.5,-16.95,5.601,
394,Belatacept,Fc-Fusion,4.5,90,5.6,0.5,70,25,PBS,7.4,10,NaCl,140,Sucrose,0.2,none,0,none,0,1.4,1.5,3.39,3.39,3.39,2.76,2.1,-16.95,5.601,
395,Belatacept,Fc-Fusion,4.5,90,5.6,0.5,70,25,PBS,7.4,10,NaCl,140,none,0,none,0,Arginine,25,1.4,1.5,2.25,2.25,2.25,2.25,2.25,-16.95,5.601,
396,Belatacept,Fc-Fusion,4.5,90,5.6,0.5,70,25,PBS,7.4,10,NaCl,140,none,0,none,0,Proline,25,1.4,1.5,2.89,2.89,2.89,2.66,2.31,-16.95,5.601,
397,Belatacept,Fc-Fusion,4.5,90,5.6,0.5,35,25,PBS,7.4,10,NaCl,140,none,0,none,0,none,0,1.4,1.5,1.3,1.3,1.3,1.3,1.3,-16.95,5.601,
421,Belatacept,Fc-Fusion,4.5,90,5.6,0.5,110,25,Histidine,5.8,20,none,0,none,0,none,0,none,0,1.4,1.5,7.29,7.29,7.29,6.43,3.2,-3.005,5.601,
171,Bevacizumab,mAb_IgG1,3,149,8.3,0.3,146,27.5,Acetate,5.4,40,none,0,none,0,none,0,none,0,1,1,3.1,3.1,3.1,2.54,1.75,37.818,8.273,
172,Bevacizumab,mAb_IgG1,3,149,8.3,0.3,136,27.5,Histidine,6.3,11,none,0,none,0,none,0,none,0,1,1,3.23,3.23,2.97,2.46,1.66,17.436,8.273,
173,Bevacizumab,mAb_IgG1,3,149,8.3,0.3,100,27.5,Histidine,6.2,11.5,none,0,none,0,none,0,none,0,1,1,3.04,2.76,2.35,2.24,1.4,19.34,8.273,
174,Bevacizumab,mAb_IgG1,3,149,8.3,0.3,50,27.5,Histidine,6.1,12.3,none,0,Sucrose,0.5,none,0,none,0,1,1,1.62,1.62,1.62,1.45,1.3,21.36,8.273,
175,Bevacizumab,mAb_IgG1,3,149,8.3,0.3,60,27.5,Histidine,6.1,12.3,none,0,Sucrose,0.25,tween-80,0.1,none,0,1,1,2.3,2.3,2.02,1.94,1.1,21.36,8.273,
176,Bevacizumab,mAb_IgG1,3,149,8.3,0.3,80,27.5,Histidine,6.2,11.8,none,0,none,0,tween-80,0.1,none,0,1,1,2.3,2.3,2.3,2.3,2.3,19.34,8.273,
177,Bevacizumab,mAb_IgG1,3,149,8.3,0.3,75,27.5,Acetate,5.2,31,none,0,none,0,none,0,none,0,1,1,1.38,1.38,1.38,1.23,1.12,43.844,8.273,
178,Bevacizumab,mAb_IgG1,3,149,8.3,0.3,50,27.5,Acetate,5.2,27,none,0,Sucrose,0.5,tween-80,0.05,none,0,1,1,2,2,2,2,2,43.844,8.273,
179,Bevacizumab,mAb_IgG1,3,149,8.3,0.3,75,27.5,Acetate,5.2,31,none,0,none,0,tween-80,0.05,none,0,1,1,1.75,1.66,1.66,1.66,1.6,43.844,8.273,
180,Bevacizumab,mAb_IgG1,3,149,8.3,0.3,100,27.5,Acetate,5.3,35,none,0,Sucrose,0.25,tween-80,0.1,none,0,1,1,2.58,2.39,2.07,1.76,1.2,40.695,8.273,
218,Bevacizumab,mAb_IgG1,3,149,8.3,0.3,250,27.5,PBS,7.4,10,NaCl,140,none,0,none,0,none,0,1,1,13.26,13.26,12.03,6.61,3.82,5.541,8.273,
219,Bevacizumab,mAb_IgG1,3,149,8.3,0.3,60,27.5,PBS,7.4,10,NaCl,140,Sucrose,0.1,none,0,none,0,1,1,2.76,2.76,2.76,2.52,1.2,5.541,8.273,
220,Bevacizumab,mAb_IgG1,3,149,8.3,0.3,100,27.5,PBS,7.4,10,NaCl,140,none,0,tween-80,0.1,none,0,1,1,2.21,2.21,2.21,1.68,1.6,5.541,8.273,
221,Bevacizumab,mAb_IgG1,3,149,8.3,0.3,100,27.5,PBS,7.4,10,NaCl,140,none,0,none,0,none,0,1,1,5,3.22,2.76,2.36,1.4,5.541,8.273,
222,Bevacizumab,mAb_IgG1,3,149,8.3,0.3,80,27.5,PBS,7.4,10,NaCl,140,Sucrose,0.5,tween-80,0.05,none,0,1,1,5.32,3.84,2.48,1.9,1.81,5.541,8.273,
223,Bevacizumab,mAb_IgG1,3,149,8.3,0.3,75,27.5,PBS,7.4,10,NaCl,140,Sucrose,0.25,tween-80,0.05,none,0,1,1,2.82,2.82,2.82,2.57,1.6,5.541,8.273,
49,BGG,Polyclonal,3,150,6.6,1,85,27.5,PBS,7.4,10,NaCl,140,Sucrose,0.22,none,0,none,0,0.9,0.9,3.45,3.45,3.45,3.15,2.95,,,
50,BGG,Polyclonal,3,150,6.6,1,43.6,27.5,PBS,7.4,10,NaCl,140,none,0,tween-80,0.15,none,0,0.9,0.9,1.55,1.55,1.55,1.42,1.3,,,
51,BGG,Polyclonal,3,150,6.6,1,64,27.5,PBS,7.4,10,NaCl,140,Sucrose,0.704,tween-80,0.037,none,0,0.9,0.9,3.62,3.62,3.62,3.31,3.15,,,
52,BGG,Polyclonal,3,150,6.6,1,85.7,27.5,PBS,7.4,10,NaCl,140,none,0,tween-20,0.0624,none,0,0.9,0.9,2.74,2.74,2.74,2.42,2,,,
83,BGG,Polyclonal,3,150,6.6,1,163,27.5,PBS,7.4,10,NaCl,140,Trehalose,1,none,0,none,0,0.9,0.9,16.93,16.93,14.01,11.65,9.5,,,
86,BGG,Polyclonal,3,150,6.6,1,77,27.5,PBS,7.4,10,NaCl,140,Trehalose,1,none,0,none,0,0.9,0.9,5.75,5.75,5.75,5.75,5.7,,,
88,BGG,Polyclonal,3,150,6.6,1,66,27.5,PBS,7.4,10,NaCl,140,Trehalose,0.47,none,0,none,0,0.9,0.9,2.42,2.42,2.42,2.42,2.4,,,
91,BGG,Polyclonal,3,150,6.6,1,152,27.5,Histidine,6,100,NaCl,140,none,0,none,0,none,0,0.9,0.9,4.5,4.5,4.5,4,2.7,,,
92,BGG,Polyclonal,3,150,6.6,1,87,27.5,Histidine,6,100,NaCl,140,none,0,none,0,none,0,0.9,0.9,2.88,2.88,2.88,2.53,1.8,,,
93,BGG,Polyclonal,3,150,6.6,1,66,27.5,Histidine,6,100,NaCl,140,none,0,none,0,none,0,0.9,0.9,1.92,1.92,1.92,1.92,1.9,,,
94,BGG,Polyclonal,3,150,6.6,1,57,27.5,Histidine,6,100,NaCl,140,none,0,none,0,none,0,0.9,0.9,1.61,1.61,1.61,1.61,1.6,,,
95,BGG,Polyclonal,3,150,6.6,1,165,27.5,Histidine,6,100,NaCl,140,none,0,none,0,none,0,0.9,0.9,7.52,6.78,6.45,5.42,4.25,,,
101,BGG,Polyclonal,3,150,6.6,1,95.85,27.5,Histidine,6,100,NaCl,140,none,0,tween-20,0.1,none,0,0.9,0.9,4.36,4.36,4.04,3.47,2.8,,,
102,BGG,Polyclonal,3,150,6.6,1,150.8,27.5,Histidine,6,100,NaCl,140,none,0,tween-80,0.25,none,0,0.9,0.9,5.96,6.07,6.18,5.7,3.85,,,
103,BGG,Polyclonal,3,150,6.6,1,44,27.5,Histidine,6,100,NaCl,140,Sucrose,0.25,tween-20,0.15,none,0,0.9,0.9,2.02,2.02,2.02,2.02,2,,,
104,BGG,Polyclonal,3,150,6.6,1,71.5,27.5,Histidine,6,100,NaCl,140,Sucrose,0.75,tween-80,0.2,none,0,0.9,0.9,5.23,5.23,5.23,4.6,4.18,,,
129,BGG,Polyclonal,3,150,6.6,1,203,27.5,Acetate,5,20,NaCl,140,none,0,none,0,none,0,0.9,0.9,16.25,13.81,13.41,8.9,4.58,,,
130,BGG,Polyclonal,3,150,6.6,1,79,27.5,Acetate,5,20,NaCl,140,none,0,none,0,none,0,0.9,0.9,1.75,1.71,1.66,1.66,1.44,,,
131,BGG,Polyclonal,3,150,6.6,1,108,27.5,Acetate,5,20,NaCl,140,none,0,none,0,none,0,0.9,0.9,2.67,2.67,2.67,2.46,2.16,,,
132,BGG,Polyclonal,3,150,6.6,1,163,27.5,Acetate,5,20,NaCl,140,none,0,none,0,none,0,0.9,0.9,4.73,4.73,4.73,4.36,4.23,,,
137,BGG,Polyclonal,3,150,6.6,1,159,27.5,Acetate,5,20,NaCl,140,Sucrose,0.476,none,0,none,0,0.9,0.9,9.1,9.1,9.1,6.33,4.65,,,
138,BGG,Polyclonal,3,150,6.6,1,97,27.5,Acetate,5,20,NaCl,140,Sucrose,1,none,0,none,0,0.9,0.9,12.31,10.11,10.11,7.55,6.24,,,
139,BGG,Polyclonal,3,150,6.6,1,181,27.5,Acetate,5,20,NaCl,140,Sucrose,0.1,none,0,none,0,0.9,0.9,14.26,14.26,12.58,7.89,4.14,,,
140,BGG,Polyclonal,3,150,6.6,1,154,27.5,Acetate,5,20,NaCl,140,Sucrose,0.1,none,0,none,0,0.9,0.9,6.11,5.67,5.67,4.38,3.45,,,
141,BGG,Polyclonal,3,150,6.6,1,102,27.5,Acetate,5,20,NaCl,140,Sucrose,0.1,none,0,none,0,0.9,0.9,2.76,2.76,2.76,2.46,2,,,
142,BGG,Polyclonal,3,150,6.6,1,75,27.5,Acetate,5,20,NaCl,140,Sucrose,0.1,none,0,none,0,0.9,0.9,2.02,2.02,2.02,2.02,1.76,,,
21,BSA,Other,2,66,4.7,0.3,185,27.5,PBS,7.4,10,NaCl,140,Sucrose,0.41,none,0,none,0,0.85,0.9,8.25,8.25,7.83,6.29,3.58,-13.177,5.885,
22,BSA,Other,2,66,4.7,0.3,83.3,27.5,PBS,7.4,10,NaCl,140,Sucrose,0.19,none,0,none,0,0.85,0.9,2.19,2.19,2.19,2,1.56,-13.177,5.885,
28,BSA,Other,2,66,4.7,0.3,177,27.5,PBS,7.4,10,NaCl,140,none,0,none,0,none,0,0.85,0.9,4.65,4.22,4.22,3.66,3,-13.177,5.885,
56,BSA,Other,2,66,4.7,0.3,132,27.5,PBS,7.4,10,NaCl,140,Sucrose,0.46,tween-20,0.123,none,0,0.85,0.9,3.45,3.45,3.45,3.15,3.05,-13.177,5.885,
57,BSA,Other,2,66,4.7,0.3,83,27.5,PBS,7.4,10,NaCl,140,none,0,tween-20,0.218,none,0,0.85,0.9,2.24,2.22,1.84,1.63,1.47,-13.177,5.885,
82,BSA,Other,2,66,4.7,0.3,145,27.5,PBS,7.4,10,NaCl,140,Trehalose,1,none,0,none,0,0.85,0.9,9.97,9.97,9.97,9.97,10.35,-13.177,5.885,
85,BSA,Other,2,66,4.7,0.3,65,27.5,PBS,7.4,10,NaCl,140,Trehalose,1,none,0,none,0,0.85,0.9,4.95,4.95,4.95,4.95,4.3,-13.177,5.885,
89,BSA,Other,2,66,4.7,0.3,67,27.5,PBS,7.4,10,NaCl,140,Trehalose,0.466,none,0,none,0,0.85,0.9,2.76,2.65,2.42,2.42,2,-13.177,5.885,
113,BSA,Other,2,66,4.7,0.3,98,27.5,Histidine,6,100,NaCl,140,none,0,none,0,none,0,0.85,0.9,1.43,1.43,1.43,1.43,1.4,-1.739,5.885,
114,BSA,Other,2,66,4.7,0.3,127,27.5,Histidine,6,100,NaCl,140,none,0,none,0,none,0,0.85,0.9,2.73,2.28,2.28,2.19,1.92,-1.739,5.885,
115,BSA,Other,2,66,4.7,0.3,194,27.5,Histidine,6,100,NaCl,140,none,0,none,0,none,0,0.85,0.9,3.43,3.43,3.43,3.14,2.5,-1.739,5.885,
116,BSA,Other,2,66,4.7,0.3,266,27.5,Histidine,6,100,NaCl,140,none,0,none,0,none,0,0.85,0.9,10.03,6.49,6.49,6,5.5,-1.739,5.885,
117,BSA,Other,2,66,4.7,0.3,72,27.5,PBS,7.4,10,NaCl,140,none,0,none,0,none,0,0.85,0.9,1.75,1.68,1.61,1.5,1.36,-13.177,5.885,
118,BSA,Other,2,66,4.7,0.3,131,27.5,PBS,7.4,10,NaCl,140,none,0,none,0,none,0,0.85,0.9,3.35,2.72,2.26,1.99,1.7,-13.177,5.885,
119,BSA,Other,2,66,4.7,0.3,183,27.5,PBS,7.4,10,NaCl,140,none,0,none,0,none,0,0.85,0.9,3.42,3.23,2.93,2.51,2,-13.177,5.885,
120,BSA,Other,2,66,4.7,0.3,265,27.5,PBS,7.4,10,NaCl,140,none,0,none,0,none,0,0.85,0.9,5.6,5.6,5.45,4.64,4.4,-13.177,5.885,
121,BSA,Other,2,66,4.7,0.3,193,27.5,Acetate,6.7,20,NaCl,140,none,0,none,0,none,0,0.85,0.9,4.77,4.77,4.77,4.14,3.35,-9.693,5.885,
122,BSA,Other,2,66,4.7,0.3,66,27.5,Acetate,6,20,NaCl,140,none,0,none,0,none,0,0.85,0.9,1.47,1.47,1.47,1.47,1.47,-1.739,5.885,
123,BSA,Other,2,66,4.7,0.3,110,27.5,Acetate,6.5,20,NaCl,140,none,0,none,0,none,0,0.85,0.9,2.25,2.25,2.25,2.11,1.25,-7.935,5.885,
124,BSA,Other,2,66,4.7,0.3,132,27.5,Acetate,6.6,20,NaCl,140,none,0,none,0,none,0,0.85,0.9,2.71,2.71,2.71,2.71,2.4,-8.867,5.885,
133,BSA,Other,2,66,4.7,0.3,150,27.5,Acetate,5,20,NaCl,140,Sucrose,0.51,none,0,none,0,0.85,0.9,4.83,4.83,4.83,4.53,4.11,19.914,5.885,
134,BSA,Other,2,66,4.7,0.3,94,27.5,Acetate,5,20,NaCl,140,Sucrose,0.978,none,0,none,0,0.85,0.9,6.7,6.7,6.7,6.15,5.59,19.914,5.885,
143,BSA,Other,2,66,4.7,0.3,183,27.5,Acetate,6.7,20,NaCl,140,Sucrose,0.1,none,0,none,0,0.85,0.9,3.68,3.68,3.68,3.68,3.68,-9.693,5.885,
144,BSA,Other,2,66,4.7,0.3,125,27.5,Acetate,6.6,20,NaCl,140,Sucrose,0.1,none,0,none,0,0.85,0.9,3.02,3.02,3.02,2.74,1.5,-8.867,5.885,
145,BSA,Other,2,66,4.7,0.3,105,27.5,Acetate,6.5,20,NaCl,140,Sucrose,0.1,none,0,none,0,0.85,0.9,2.48,2.48,2.48,2.21,1.5,-7.935,5.885,
146,BSA,Other,2,66,4.7,0.3,63,27.5,Acetate,6,20,NaCl,140,Sucrose,0.1,none,0,none,0,0.85,0.9,1.84,1.84,1.84,1.76,1.3,-1.739,5.885,
234,BSA,Other,2,66,4.7,0.3,392,27.5,Histidine,6.7,15,none,0,none,0,none,0,none,0,0.85,0.9,42.94,38.45,31.41,30,27.96,-9.693,5.885,
235,BSA,Other,2,66,4.7,0.3,414,27.5,Acetate,6.8,20,none,0,none,0,none,0,none,0,0.85,0.9,88.2,50.67,39.41,35,33,-10.419,5.885,
236,BSA,Other,2,66,4.7,0.3,431,27.5,PBS,7.4,10,NaCl,140,none,0,none,0,none,0,0.85,0.9,98.27,73.7,47.91,46,44,-13.177,5.885,
237,BSA,Other,2,66,4.7,0.3,160,27.5,Histidine,6.4,15,none,0,none,0,none,0,none,0,0.85,0.9,3.63,3.38,3.08,2.69,2.38,-6.849,5.885,
238,BSA,Other,2,66,4.7,0.3,174,27.5,PBS,7.4,10,NaCl,140,none,0,none,0,none,0,0.85,0.9,4.06,4.06,3.38,3.25,2.41,-13.177,5.885,
239,BSA,Other,2,66,4.7,0.3,162,27.5,Acetate,6.6,20,none,0,none,0,none,0,none,0,0.85,0.9,4.31,4.31,4.05,3.54,2.5,-8.867,5.885,
240,BSA,Other,2,66,4.7,0.3,182,27.5,Histidine,6.5,15,NaCl,140,none,0,none,0,none,0,0.85,0.9,3.93,3.93,3.93,3.44,2.8,-7.935,5.885,
241,BSA,Other,2,66,4.7,0.3,172,27.5,Histidine,6.5,30,none,0,none,0,none,0,none,0,0.85,0.9,4.07,3.86,3.69,3.1,2.48,-7.935,5.885,
242,BSA,Other,2,66,4.7,0.3,169,27.5,Acetate,6.7,20,NaCl,140,none,0,none,0,none,0,0.85,0.9,4.35,3.84,3.04,3,2,-9.693,5.885,
243,BSA,Other,2,66,4.7,0.3,5,27.5,PBS,7.4,10,NaCl,140,none,0,none,0,none,0,0.85,0.9,1.01,1.01,0.96,0.96,0.8,-13.177,5.885,
244,BSA,Other,2,66,4.7,0.3,10,27.5,PBS,7.4,10,NaCl,140,none,0,none,0,none,0,0.85,0.9,1.03,1.03,1.03,0.96,0.8,-13.177,5.885,
245,BSA,Other,2,66,4.7,0.3,20,27.5,PBS,7.4,10,NaCl,140,none,0,none,0,none,0,0.85,0.9,1.1,1.1,1.1,1.06,0.88,-13.177,5.885,
246,BSA,Other,2,66,4.7,0.3,25,27.5,PBS,7.4,10,NaCl,140,none,0,none,0,none,0,0.85,0.9,1.2,1.2,1.2,1.15,0.96,-13.177,5.885,
247,BSA,Other,2,66,4.7,0.3,5,27.5,Acetate,5,20,none,0,none,0,none,0,none,0,0.85,0.9,1.01,1.01,0.96,0.96,0.8,19.914,5.885,
248,BSA,Other,2,66,4.7,0.3,10,27.5,Acetate,5,20,none,0,none,0,none,0,none,0,0.85,0.9,1.03,1.03,1.03,0.96,0.8,19.914,5.885,
249,BSA,Other,2,66,4.7,0.3,20,27.5,Acetate,5,20,none,0,none,0,none,0,none,0,0.85,0.9,1.2,1.2,1.2,1.15,0.96,19.914,5.885,
250,BSA,Other,2,66,4.7,0.3,25,27.5,Acetate,5,20,none,0,none,0,none,0,none,0,0.85,0.9,1.34,1.34,1.34,1.3,1.08,19.914,5.885,
251,BSA,Other,2,66,4.7,0.3,5,27.5,Histidine,6,15,none,0,none,0,none,0,none,0,0.85,0.9,1.01,1.01,0.96,0.96,0.8,-1.739,5.885,
252,BSA,Other,2,66,4.7,0.3,10,27.5,Histidine,6,15,none,0,none,0,none,0,none,0,0.85,0.9,1.04,1.03,1.04,0.98,0.82,-1.739,5.885,
253,BSA,Other,2,66,4.7,0.3,20,27.5,Histidine,6,15,none,0,none,0,none,0,none,0,0.85,0.9,1.1,1.1,1.1,1.06,0.88,-1.739,5.885,
254,BSA,Other,2,66,4.7,0.3,20,27.5,Histidine,6,30,none,0,none,0,none,0,none,0,0.85,0.9,1.13,1.13,1.13,1.06,0.88,-1.739,5.885,
255,BSA,Other,2,66,4.7,0.3,25,27.5,Histidine,6,15,none,0,none,0,none,0,none,0,0.85,0.9,1.25,1.25,1.2,1.2,1,-1.739,5.885,
256,BSA,Other,2,66,4.7,0.3,25,27.5,Histidine,6,30,none,0,none,0,none,0,none,0,0.85,0.9,1.34,1.34,1.34,1.25,1.04,-1.739,5.885,
398,Etanercept,Fc-Fusion,4.5,150,7.4,0.6,55,25,Acetate,5,20,none,0,none,0,none,0,none,0,1.4,1.5,4.59,4.59,3.3,3.04,1.75,34.659,6.989,"Note: Online, I saw a number quoted even higher than here, around 7.8-7.9.  Also the reported MW is around 150 kDa: calculated is 102.  Heavily glycosylated, which will affect all of these numbers."
399,Etanercept,Fc-Fusion,4.5,150,7.4,0.6,55,25,Acetate,5,20,none,0,Sucrose,0.25,none,0,none,0,1.4,1.5,5.34,5.34,5.34,4.59,2.8,34.659,6.989,
400,Etanercept,Fc-Fusion,4.5,150,7.4,0.6,55,25,Acetate,5,20,NaCl,140,none,0,none,0,none,0,1.4,1.5,4.28,4.28,4.04,3.71,2.42,34.659,6.989,
401,Etanercept,Fc-Fusion,4.5,150,7.4,0.6,20,25,Acetate,5,20,none,0,none,0,none,0,Arginine,25,1.4,1.5,1.55,1.55,1.55,1.55,1.55,34.659,6.989,
402,Etanercept,Fc-Fusion,4.5,150,7.4,0.6,20,25,Acetate,5,20,none,0,Sucrose,0.25,none,0,Arginine,25,1.4,1.5,1.98,1.98,1.98,1.98,1.98,34.659,6.989,
403,Etanercept,Fc-Fusion,4.5,150,7.4,0.6,20,25,Acetate,5,20,none,0,none,0,none,0,none,0,1.4,1.5,1.65,1.65,1.65,1.65,1.6,34.659,6.989,
404,Etanercept,Fc-Fusion,4.5,150,7.4,0.6,20,25,Acetate,5,20,none,0,Sucrose,0.25,tween-80,0.05,Arginine,25,1.4,1.5,2.11,2.11,2.11,2.11,2.1,34.659,6.989,
405,Etanercept,Fc-Fusion,4.5,150,7.4,0.6,55,25,PBS,7.4,10,NaCl,140,Sucrose,0.2,none,0,none,0,1.4,1.5,5.69,5.69,5.69,5.23,2.4,-2.156,6.989,
406,Etanercept,Fc-Fusion,4.5,150,7.4,0.6,55,25,PBS,7.4,10,NaCl,140,none,0,none,0,Arginine,25,1.4,1.5,6.79,6.79,5.99,5.51,3,-2.156,6.989,
407,Etanercept,Fc-Fusion,4.5,150,7.4,0.6,55,25,PBS,7.4,10,NaCl,140,Sucrose,0.2,none,0,Arginine,25,1.4,1.5,7.66,7.66,7.66,6.43,2.2,-2.156,6.989,
408,Etanercept,Fc-Fusion,4.5,150,7.4,0.6,20,25,PBS,7.4,10,NaCl,140,none,0,none,0,none,0,1.4,1.5,1.51,1.51,1.51,1.51,1.5,-2.156,6.989,
409,Etanercept,Fc-Fusion,4.5,150,7.4,0.6,20,25,PBS,7.4,10,NaCl,140,none,0,tween-80,0.05,none,0,1.4,1.5,1.66,1.66,1.66,1.66,1,-2.156,6.989,
410,Etanercept,Fc-Fusion,4.5,150,7.4,0.6,134,25,Histidine,6.2,12.5,none,0,none,0,none,0,none,0,1.4,1.5,67.51,65.55,55.77,34.2,8.1,8.627,6.989,
411,Etanercept,Fc-Fusion,4.5,150,7.4,0.6,55,25,Histidine,6.1,14.5,none,0,none,0,none,0,none,0,1.4,1.5,4.09,4.09,4.09,3.76,2.15,10.229,6.989,
412,Etanercept,Fc-Fusion,4.5,150,7.4,0.6,55,25,Histidine,6,29.5,none,0,none,0,none,0,none,0,1.4,1.5,6.99,4.99,4.39,3.5,2.1,11.912,6.989,
413,Etanercept,Fc-Fusion,4.5,150,7.4,0.6,55,25,Histidine,6.1,14.5,NaCl,140,none,0,none,0,none,0,1.4,1.5,5.83,5.83,5.19,4.5,1.35,10.229,6.989,
414,Etanercept,Fc-Fusion,4.5,150,7.4,0.6,55,25,Histidine,6,29.5,none,0,none,0,none,0,Lysine,25,1.4,1.5,6.56,6.56,4.99,4.59,1,11.912,6.989,
415,Etanercept,Fc-Fusion,4.5,150,7.4,0.6,20,25,Histidine,6,30,none,0,none,0,none,0,none,0,1.4,1.5,1.1,1.1,1.1,0.9,0.9,11.912,6.989,
416,Etanercept,Fc-Fusion,4.5,150,7.4,0.6,20,25,Histidine,6,30,none,0,none,0,none,0,Arginine,25,1.4,1.5,1.21,1.21,1.21,1.1,1,11.912,6.989,
417,Etanercept,Fc-Fusion,4.5,150,7.4,0.6,20,25,Histidine,6,30,none,0,none,0,tween-80,0.05,Arginine,25,1.4,1.5,1.84,1.84,1.84,1.38,1.12,11.912,6.989,
418,Etanercept,Fc-Fusion,4.5,150,7.4,0.6,100,25,Histidine,6.2,12.5,none,0,none,0,none,0,none,0,1.4,1.5,24.96,19.96,18.98,11.94,4.3,8.627,6.989,
419,Etanercept,Fc-Fusion,4.5,150,7.4,0.6,120,25,Histidine,6.2,12.5,none,0,none,0,none,0,none,0,1.4,1.5,47.93,39.94,32.95,22.97,6,8.627,6.989,
420,Etanercept,Fc-Fusion,4.5,150,7.4,0.6,150,25,Histidine,6.2,12.5,none,0,none,0,none,0,none,0,1.4,1.5,95.45,95.45,85.9,52.69,10.5,8.627,6.989,
259,Ibalizumab,mAb_IgG4,3.5,150,6.85,0.3,304,27.5,Histidine,6.2,11.6,none,0,none,0,none,0,none,0,1.3,1.1,10.95,10.95,10.31,6.49,4.5,5.349,6.672,
260,Ibalizumab,mAb_IgG4,3.5,150,6.85,0.3,300,27.5,Acetate,5.4,43,none,0,none,0,none,0,none,0,1.3,1.1,18.72,18.72,16.07,9.72,7.9,19.489,6.672,
261,Ibalizumab,mAb_IgG4,3.5,150,6.85,0.3,290,27.5,PBS,7.4,10,NaCl,140,none,0,none,0,none,0,1.3,1.1,11.94,11.94,11.94,8.58,5.95,-4.239,6.672,
262,Ibalizumab,mAb_IgG4,3.5,150,6.85,0.3,187.5,27.5,Histidine,6.2,13.5,none,0,Sucrose,0.75,none,0,none,0,1.3,1.1,3.82,3.82,3.32,2.21,1.4,5.349,6.672,
263,Ibalizumab,mAb_IgG4,3.5,150,6.85,0.3,270,27.5,Acetate,5.4,41,none,0,none,0,tween-80,0.1,none,0,1.3,1.1,12.17,9.64,8.17,5.22,4.5,19.489,6.672,
264,Ibalizumab,mAb_IgG4,3.5,150,6.85,0.3,245,27.5,PBS,7.4,10,NaCl,140,Trehalose,0.155,none,0,none,0,1.3,1.1,9.97,7.29,6.31,6,5.41,-4.239,6.672,
265,Ibalizumab,mAb_IgG4,3.5,150,6.85,0.3,230,27.5,Histidine,6.2,12.8,none,0,Sucrose,0.5,none,0,none,0,1.3,1.1,5.24,5.09,5.09,4.5,4.1,5.349,6.672,
266,Ibalizumab,mAb_IgG4,3.5,150,6.85,0.3,150,27.5,PBS,7.4,10,NaCl,140,Sucrose,0.75,none,0,none,0,1.3,1.1,7.91,7.03,7.03,5.61,5,-4.239,6.672,
267,Ibalizumab,mAb_IgG4,3.5,150,6.85,0.3,150,27.5,Acetate,5.3,30,none,0,none,0,tween-80,0.075,none,0,1.3,1.1,2.47,2.42,2.42,2.21,2.2,21.993,6.672,
268,Ibalizumab,mAb_IgG4,3.5,150,6.85,0.3,150,27.5,Histidine,6.2,13.3,none,0,Trehalose,0.25,none,0,none,0,1.3,1.1,3.51,3.51,3.51,3.14,2.7,5.349,6.672,
269,Ibalizumab,mAb_IgG4,3.5,150,6.85,0.3,100,27.5,Acetate,5.2,27,none,0,none,0,none,0,none,0,1.3,1.1,3.04,3.04,3.04,2.52,1.8,24.807,6.672,
270,Ibalizumab,mAb_IgG4,3.5,150,6.85,0.3,70,27.5,Acetate,5.2,25,none,0,Sucrose,0.75,tween-80,0.05,none,0,1.3,1.1,3.85,3.4,3.4,3.11,2.7,24.807,6.672,
271,Ibalizumab,mAb_IgG4,3.5,150,6.85,0.3,70,27.5,Acetate,5.2,25,none,0,Trehalose,0.5,none,0,none,0,1.3,1.1,3.59,3.13,3.13,2.52,2.4,24.807,6.672,
272,Ibalizumab,mAb_IgG4,3.5,150,6.85,0.3,55,27.5,Acetate,5.1,23,none,0,none,0,tween-20,0.05,none,0,1.3,1.1,1.2,1.2,1.2,1.01,0.96,27.987,6.672,
273,Ibalizumab,mAb_IgG4,3.5,150,6.85,0.3,55,27.5,Acetate,5.1,23,none,0,Trehalose,0.25,tween-80,0.025,none,0,1.3,1.1,1.7,1.7,1.7,1.43,1.2,27.987,6.672,
274,Ibalizumab,mAb_IgG4,3.5,150,6.85,0.3,40,27.5,Acetate,5.1,23,NaCl,140,none,0,none,0,none,0,1.3,1.1,1.33,1.33,1.33,1.18,1.05,27.987,6.672,
275,Ibalizumab,mAb_IgG4,3.5,150,6.85,0.3,40,27.5,Acetate,5.1,23,none,0,Trehalose,0.5,none,0,none,0,1.3,1.1,1.84,1.84,1.84,1.68,1.6,27.987,6.672,
276,Ibalizumab,mAb_IgG4,3.5,150,6.85,0.3,25,27.5,Acetate,5.1,22,none,0,none,0,none,0,none,0,1.3,1.1,0.92,0.92,0.92,0.84,0.8,27.987,6.672,
277,Ibalizumab,mAb_IgG4,3.5,150,6.85,0.3,10,27.5,Acetate,5,20,none,0,Sucrose,0.25,tween-80,0.025,none,0,1.3,1.1,1.01,1.01,1.01,0.92,0.88,31.584,6.672,
278,Ibalizumab,mAb_IgG4,3.5,150,6.85,0.3,10,27.5,Acetate,5,20,none,0,Trehalose,0.25,none,0,none,0,1.3,1.1,1.2,1.2,1.2,1.09,1.04,31.584,6.672,
279,Ibalizumab,mAb_IgG4,3.5,150,6.85,0.3,100,27.5,Histidine,6.1,13.9,none,0,Trehalose,0.25,tween-80,0.05,none,0,1.3,1.1,2.94,2.94,2.94,2.6,2.48,6.766,6.672,
280,Ibalizumab,mAb_IgG4,3.5,150,6.85,0.3,75,27.5,Histidine,6.1,14.2,none,0,Sucrose,0.5,tween-80,0.025,none,0,1.3,1.1,2.48,2.12,1.75,1.6,1.52,6.766,6.672,
281,Ibalizumab,mAb_IgG4,3.5,150,6.85,0.3,55,27.5,Histidine,6,15,none,0,Sucrose,0.5,none,0,none,0,1.3,1.1,2.21,1.93,1.56,1.26,1.2,8.269,6.672,
282,Ibalizumab,mAb_IgG4,3.5,150,6.85,0.3,40,27.5,Histidine,6,15,none,0,none,0,none,0,none,0,1.3,1.1,1.29,1.29,1.29,1.09,1.04,8.269,6.672,
283,Ibalizumab,mAb_IgG4,3.5,150,6.85,0.3,30,27.5,Histidine,6,15,none,0,none,0,tween-20,0.025,none,0,1.3,1.1,1.01,1.01,1.01,0.92,0.88,8.269,6.672,
284,Ibalizumab,mAb_IgG4,3.5,150,6.85,0.3,25,27.5,Histidine,6,15,none,0,Sucrose,0.25,none,0,none,0,1.3,1.1,1.15,1.15,1.15,1.15,1.15,8.269,6.672,
285,Ibalizumab,mAb_IgG4,3.5,150,6.85,0.3,25,27.5,Histidine,6,15,NaCl,140,none,0,none,0,none,0,1.3,1.1,1.2,1.2,1.2,1.2,1.2,8.269,6.672,
286,Ibalizumab,mAb_IgG4,3.5,150,6.85,0.3,10,27.5,Histidine,6,15,none,0,none,0,none,0,none,0,1.3,1.1,0.8,0.8,0.8,0.8,0.8,8.269,6.672,
287,Ibalizumab,mAb_IgG4,3.5,150,6.85,0.3,80,27.5,PBS,7.4,10,NaCl,140,Sucrose,0.5,tween-80,0.1,none,0,1.3,1.1,2.12,2.12,2.12,2.12,2.12,-4.239,6.672,
288,Ibalizumab,mAb_IgG4,3.5,150,6.85,0.3,55,27.5,PBS,7.4,10,NaCl,140,none,0,tween-80,0.025,none,0,1.3,1.1,1.66,1.66,1.66,1.43,1.21,-4.239,6.672,
289,Ibalizumab,mAb_IgG4,3.5,150,6.85,0.3,30,27.5,PBS,7.4,10,NaCl,140,none,0,tween-80,0.1,none,0,1.3,1.1,1.33,1.33,1.33,1.18,1.12,-4.239,6.672,
290,Ibalizumab,mAb_IgG4,3.5,150,6.85,0.3,30,27.5,PBS,7.4,10,NaCl,140,Trehalose,0.5,tween-80,0.1,none,0,1.3,1.1,2.37,2.37,2.37,2.02,1.55,-4.239,6.672,
291,Ibalizumab,mAb_IgG4,3.5,150,6.85,0.3,10,27.5,PBS,7.4,10,NaCl,140,none,0,none,0,none,0,1.3,1.1,0.97,0.97,0.97,0.96,0.932828427,-4.239,6.672,
292,Ibalizumab,mAb_IgG4,3.5,150,6.85,0.3,20,27.5,PBS,7.4,10,NaCl,140,none,0,tween-20,0.1,none,0,1.3,1.1,1.06,1.06,1.06,1.01,0.88,-4.239,6.672,
486,Nivolumab,mAb_IgG4,3.5,146,8.1,0.3,12,25.75,PBS,7.4,10,NaCl,140,none,0,none,0,none,0,1.3,1.1,1.48,1.48,1.43,1.32,1.05,2.875,8.061,
487,Nivolumab,mAb_IgG4,3.5,146,8.1,0.3,53,25.25,PBS,7.4,10,NaCl,140,none,0,none,0,Arginine,5,1.3,1.1,2.91,2.76,2.54,2.39,2.17,2.875,8.061,
488,Nivolumab,mAb_IgG4,3.5,146,8.1,0.3,82,25.68,Histidine,6.1,13.7,none,0,none,0,none,0,Arginine,25,1.3,1.1,3.04,3.02,2.75,2.51,2,15.389,8.061,
489,Nivolumab,mAb_IgG4,3.5,146,8.1,0.3,69,26.04,PBS,7.4,10,NaCl,140,none,0,none,0,Arginine,25,1.3,1.1,2.57,2.47,2.38,2.32,2.21,2.875,8.061,
490,Nivolumab,mAb_IgG4,3.5,146,8.1,0.3,119,26.14,Histidine,6.2,13.3,none,0,none,0,none,0,Lysine,125,1.3,1.1,3.27,3.21,2.95,2.6,1.78,13.761,8.061,
491,Nivolumab,mAb_IgG4,3.5,146,8.1,0.3,148,25.69,Histidine,6.2,13,none,0,none,0,none,0,Lysine,25,1.3,1.1,2.84,2.63,2.19,1.88,1.41,13.761,8.061,
492,Nivolumab,mAb_IgG4,3.5,146,8.1,0.3,335,25.21,Histidine,6.4,10,none,0,none,0,none,0,none,0,1.3,1.1,80.94,82.33,84.54,84.16,28.59806776,10.814,8.061,
493,Nivolumab,mAb_IgG4,3.5,146,8.1,0.3,168,25.25,Histidine,6.3,12.5,none,0,none,0,none,0,none,0,1.3,1.1,4.21,4.29,4.21,3.74,1.86,12.23,8.061,
494,Nivolumab,mAb_IgG4,3.5,146,8.1,0.3,55,25.64,Histidine,6.1,14,none,0,none,0,none,0,none,0,1.3,1.1,1.72,1.72,1.43,1.31,1.13,15.389,8.061,
495,Nivolumab,mAb_IgG4,3.5,146,8.1,0.3,122,24.47,Histidine,6.2,13.3,none,0,none,0,none,0,none,0,1.3,1.1,2.99,3,2.8,2.86,1.8,13.761,8.061,
496,Nivolumab,mAb_IgG4,3.5,146,8.1,0.3,26,26,Histidine,6,14.5,none,0,none,0,none,0,none,0,1.3,1.1,1.04,1.04,1.02,1.01,1.012889038,17.132,8.061,
497,Nivolumab,mAb_IgG4,3.5,146,8.1,0.3,321,26.03,PBS,7.4,10,NaCl,140,none,0,none,0,none,0,1.3,1.1,48.8,39.47,32.61,25.94,15.15546568,2.875,8.061,
498,Nivolumab,mAb_IgG4,3.5,146,8.1,0.3,172,25.77,PBS,7.4,10,NaCl,140,none,0,none,0,none,0,1.3,1.1,4.58,4.51,4.5,4.48,3.281140482,2.875,8.061,
499,Nivolumab,mAb_IgG4,3.5,146,8.1,0.3,99,25.85,PBS,7.4,10,NaCl,140,none,0,none,0,none,0,1.3,1.1,2.37,2.39,2.26,2.01,1.45,2.875,8.061,
500,Nivolumab,mAb_IgG4,3.5,146,8.1,0.3,25,25.73,PBS,7.4,10,NaCl,140,none,0,none,0,none,0,1.3,1.1,1.31,1.31,1.33,1.34,1.25,2.875,8.061,
501,Nivolumab,mAb_IgG4,3.5,146,8.1,0.3,51,25.72,PBS,7.4,10,NaCl,140,none,0,none,0,none,0,1.3,1.1,1.52,1.52,1.3,1.24,1.251822889,2.875,8.061,
502,Nivolumab,mAb_IgG4,3.5,146,8.1,0.3,240,25.29,Histidine,6.3,11,none,0,none,0,none,0,none,0,1.3,1.1,22.61,19.48,17.89,14.34,6.072965624,12.23,8.061,
503,Nivolumab,mAb_IgG4,3.5,146,8.1,0.3,215,25.29,Histidine,6,14.3,NaCl,85,Sucrose,0.2,tween-80,0.05,Lysine,23,1.3,1.1,20.17,17.04,14.26,11.65,6.7,17.132,8.061,
504,Nivolumab,mAb_IgG4,3.5,146,8.1,0.3,189,25,Histidine,6.1,13.3,none,0,none,0,none,0,Arginine,21,1.3,1.1,11.19,10.92,11.22,11.37,5,15.389,8.061,
2,none,None,0,0,0,0,0,27.5,PBS,7.4,10,NaCl,140,Sucrose,1,none,0,none,0,0,0,3.25,3.25,3.25,3.25,3.25,,,
4,none,None,0,0,0,0,0,25,PBS,7.4,10,NaCl,140,none,0,none,0,none,0,0,0,0.95,0.95,0.95,0.95,0.95,,,
14,none,None,0,0,0,0,0,25,PBS,7.4,10,NaCl,140,Sucrose,0.1,none,0,none,0,0,0,1.15,1.15,1.15,1.15,1.15,,,
15,none,None,0,0,0,0,0,25,PBS,7.4,10,NaCl,140,Sucrose,0.2,none,0,none,0,0,0,1.25,1.25,1.25,1.25,1.25,,,
16,none,None,0,0,0,0,0,25,PBS,7.4,10,NaCl,140,Sucrose,0.4,none,0,none,0,0,0,1.5,1.5,1.5,1.5,1.5,,,
17,none,None,0,0,0,0,0,25,PBS,7.4,10,NaCl,140,Sucrose,0.5,none,0,none,0,0,0,1.65,1.65,1.65,1.65,1.65,,,
18,none,None,0,0,0,0,0,25,PBS,7.4,10,NaCl,140,Sucrose,0.75,none,0,none,0,0,0,2.25,2.25,2.25,2.25,2.25,,,
29,none,None,0,0,0,0,0,25,PBS,7.4,10,NaCl,140,none,0,tween-20,0.1,none,0,0,0,1,1,1,1,1,,,
30,none,None,0,0,0,0,0,25,PBS,7.4,10,NaCl,140,none,0,tween-20,0.05,none,0,0,0,0.97,0.97,0.97,0.97,0.97,,,
31,none,None,0,0,0,0,0,25,PBS,7.4,10,NaCl,140,Sucrose,0.1,tween-20,0.1,none,0,0,0,1.2,1.2,1.2,1.2,1.2,,,
32,none,None,0,0,0,0,0,25,PBS,7.4,10,NaCl,140,Sucrose,0.2,tween-20,0.1,none,0,0,0,1.3,1.3,1.3,1.3,1.3,,,
33,none,None,0,0,0,0,0,25,PBS,7.4,10,NaCl,140,Sucrose,0.4,tween-20,0.1,none,0,0,0,1.55,1.55,1.55,1.55,1.55,,,
34,none,None,0,0,0,0,0,25,PBS,7.4,10,NaCl,140,Sucrose,0.75,tween-20,0.1,none,0,0,0,2.32,2.32,2.32,2.32,2.32,,,
35,none,None,0,0,0,0,0,25,PBS,7.4,10,NaCl,140,Sucrose,0.1,tween-20,0.05,none,0,0,0,1.17,1.17,1.17,1.17,1.17,,,
36,none,None,0,0,0,0,0,25,PBS,7.4,10,NaCl,140,Sucrose,0.2,tween-20,0.05,none,0,0,0,1.27,1.27,1.27,1.27,1.27,,,
37,none,None,0,0,0,0,0,25,PBS,7.4,10,NaCl,140,Sucrose,0.4,tween-20,0.05,none,0,0,0,1.52,1.52,1.52,1.52,1.52,,,
38,none,None,0,0,0,0,0,25,PBS,7.4,10,NaCl,140,Sucrose,0.75,tween-20,0.05,none,0,0,0,2.29,2.29,2.29,2.29,2.29,,,
39,none,None,0,0,0,0,0,25,PBS,7.4,10,NaCl,140,none,0,tween-80,0.1,none,0,0,0,1.07,1.07,1.07,1.07,1.07,,,
40,none,None,0,0,0,0,0,25,PBS,7.4,10,NaCl,140,none,0,tween-80,0.05,none,0,0,0,1,1,1,1,1,,,
41,none,None,0,0,0,0,0,25,PBS,7.4,10,NaCl,140,Sucrose,0.1,tween-80,0.1,none,0,0,0,1.27,1.27,1.27,1.27,1.27,,,
42,none,None,0,0,0,0,0,25,PBS,7.4,10,NaCl,140,Sucrose,0.2,tween-80,0.1,none,0,0,0,1.38,1.38,1.38,1.38,1.38,,,
43,none,None,0,0,0,0,0,25,PBS,7.4,10,NaCl,140,Sucrose,0.4,tween-80,0.1,none,0,0,0,1.64,1.64,1.64,1.64,1.64,,,
44,none,None,0,0,0,0,0,25,PBS,7.4,10,NaCl,140,Sucrose,0.75,tween-80,0.1,none,0,0,0,2.42,2.42,2.42,2.42,2.42,,,
45,none,None,0,0,0,0,0,25,PBS,7.4,10,NaCl,140,Sucrose,0.1,tween-80,0.05,none,0,0,0,1.2,1.2,1.2,1.2,1.2,,,
46,none,None,0,0,0,0,0,25,PBS,7.4,10,NaCl,140,Sucrose,0.2,tween-80,0.05,none,0,0,0,1.3,1.3,1.3,1.3,1.3,,,
47,none,None,0,0,0,0,0,25,PBS,7.4,10,NaCl,140,Sucrose,0.4,tween-80,0.05,none,0,0,0,1.55,1.55,1.55,1.55,1.55,,,
48,none,None,0,0,0,0,0,25,PBS,7.4,10,NaCl,140,Sucrose,0.75,tween-80,0.05,none,0,0,0,2.32,2.32,2.32,2.32,2.32,,,
60,none,None,0,0,0,0,0,25,PBS,7.4,10,NaCl,140,Trehalose,0.5,none,0,none,0,0,0,1.38,1.38,1.38,1.38,1.38,,,
61,none,None,0,0,0,0,0,25,PBS,7.4,10,NaCl,140,Trehalose,1,none,0,none,0,0,0,3.05,3.05,3.05,3.05,3.05,,,
62,none,None,0,0,0,0,0,25,Histidine,6,100,NaCl,140,none,0,none,0,none,0,0,0,0.98,0.98,0.98,0.98,0.98,,,
63,none,None,0,0,0,0,0,25,Histidine,6,100,NaCl,140,Sucrose,1,none,0,none,0,0,0,3.3,3.3,3.3,3.3,3.3,,,
64,none,None,0,0,0,0,0,25,Histidine,6,100,NaCl,140,none,0,tween-20,0.1,none,0,0,0,1.04,1.04,1.04,1.04,1.04,,,
65,none,None,0,0,0,0,0,25,Histidine,6,100,NaCl,140,none,0,tween-20,0.05,none,0,0,0,1.01,1.01,1.01,1.01,1.01,,,
66,none,None,0,0,0,0,0,25,Histidine,6,100,NaCl,140,none,0,tween-80,0.1,none,0,0,0,1.11,1.11,1.11,1.11,1.11,,,
67,none,None,0,0,0,0,0,25,Histidine,6,100,NaCl,140,none,0,tween-80,0.05,none,0,0,0,1.04,1.04,1.04,1.04,1.04,,,
68,none,None,0,0,0,0,0,25,Histidine,6,100,NaCl,140,Sucrose,0.1,tween-20,0.1,none,0,0,0,1.24,1.24,1.24,1.24,1.24,,,
69,none,None,0,0,0,0,0,25,Histidine,6,100,NaCl,140,Sucrose,0.2,tween-20,0.1,none,0,0,0,1.33,1.33,1.33,1.33,1.33,,,
70,none,None,0,0,0,0,0,25,Histidine,6,100,NaCl,140,Sucrose,0.4,tween-20,0.1,none,0,0,0,1.6,1.6,1.6,1.6,1.6,,,
71,none,None,0,0,0,0,0,25,Histidine,6,100,NaCl,140,Sucrose,0.75,tween-20,0.1,none,0,0,0,2.35,2.35,2.35,2.35,2.35,,,
72,none,None,0,0,0,0,0,25,Histidine,6,100,NaCl,140,Sucrose,0.1,tween-20,0.05,none,0,0,0,1.21,1.21,1.21,1.21,1.21,,,
73,none,None,0,0,0,0,0,25,Histidine,6,100,NaCl,140,Sucrose,0.2,tween-20,0.05,none,0,0,0,1.31,1.31,1.31,1.31,1.31,,,
74,none,None,0,0,0,0,0,25,Histidine,6,100,NaCl,140,Sucrose,0.4,tween-20,0.05,none,0,0,0,1.56,1.56,1.56,1.56,1.56,,,
75,none,None,0,0,0,0,0,25,Histidine,6,100,NaCl,140,Sucrose,0.75,tween-20,0.05,none,0,0,0,2.33,2.33,2.33,2.33,2.33,,,
76,none,None,0,0,0,0,0,25,Histidine,6,100,NaCl,140,Trehalose,0.5,none,0,none,0,0,0,1.42,1.42,1.42,1.42,1.42,,,
77,none,None,0,0,0,0,0,25,Histidine,6,100,NaCl,140,Trehalose,1,none,0,none,0,0,0,3.1,3.1,3.1,3.1,3.1,,,
78,none,None,0,0,0,0,0,25,Histidine,6,100,NaCl,140,Trehalose,0.5,tween-20,0.1,none,0,0,0,1.47,1.47,1.47,1.47,1.47,,,
79,none,None,0,0,0,0,0,25,Histidine,6,100,NaCl,140,Trehalose,1,tween-20,0.1,none,0,0,0,3.15,3.15,3.15,3.15,3.15,,,
80,none,None,0,0,0,0,0,25,Histidine,6,100,NaCl,140,Trehalose,0.5,tween-80,0.1,none,0,0,0,1.54,1.54,1.54,1.54,1.54,,,
81,none,None,0,0,0,0,0,25,Histidine,6,100,NaCl,140,Trehalose,1,tween-80,0.1,none,0,0,0,3.22,3.22,3.22,3.22,3.22,,,
181,none,None,0,0,0,0,0,20,PBS,7.4,10,NaCl,140,Sucrose,1,none,0,none,0,0,0,3.77,3.77,3.77,3.77,3.77,,,
182,none,None,0,0,0,0,0,15,PBS,7.4,10,NaCl,140,Sucrose,1,none,0,none,0,0,0,4.38,4.38,4.38,4.38,4.38,,,
183,none,None,0,0,0,0,0,30,PBS,7.4,10,NaCl,140,Sucrose,1,none,0,none,0,0,0,2.8,2.8,2.8,2.8,2.8,,,
184,none,None,0,0,0,0,0,35,PBS,7.4,10,NaCl,140,Sucrose,1,none,0,none,0,0,0,2.41,2.41,2.41,2.41,2.41,,,
185,none,None,0,0,0,0,0,15,PBS,7.4,10,NaCl,140,Sucrose,0.75,none,0,none,0,0,0,3.03,3.03,3.03,3.03,3.03,,,
186,none,None,0,0,0,0,0,20,PBS,7.4,10,NaCl,140,Sucrose,0.75,none,0,none,0,0,0,2.6,2.6,2.6,2.6,2.6,,,
187,none,None,0,0,0,0,0,30,PBS,7.4,10,NaCl,140,Sucrose,0.75,none,0,none,0,0,0,1.93,1.93,1.93,1.93,1.93,,,
188,none,None,0,0,0,0,0,35,PBS,7.4,10,NaCl,140,Sucrose,0.75,none,0,none,0,0,0,2.6,1.67,1.67,1.67,1.67,,,
189,none,None,0,0,0,0,0,15,PBS,7.4,10,NaCl,140,Sucrose,0.5,none,0,none,0,0,0,2.22,2.22,2.22,2.22,2.22,,,
190,none,None,0,0,0,0,0,20,PBS,7.4,10,NaCl,140,Sucrose,0.5,none,0,none,0,0,0,1.92,1.92,1.92,1.92,1.92,,,
191,none,None,0,0,0,0,0,30,PBS,7.4,10,NaCl,140,Sucrose,0.5,none,0,none,0,0,0,1.42,1.42,1.42,1.42,1.42,,,
192,none,None,0,0,0,0,0,35,PBS,7.4,10,NaCl,140,Sucrose,0.5,none,0,none,0,0,0,1.22,1.22,1.22,1.22,1.22,,,
193,none,None,0,0,0,0,0,20,PBS,7.4,10,NaCl,140,Sucrose,1,tween-20,0.1,none,0,0,0,3.82,3.82,3.82,3.82,3.82,,,
194,none,None,0,0,0,0,0,15,PBS,7.4,10,NaCl,140,Sucrose,1,tween-20,0.1,none,0,0,0,4.43,4.43,4.43,4.43,4.43,,,
195,none,None,0,0,0,0,0,30,PBS,7.4,10,NaCl,140,Sucrose,1,tween-20,0.1,none,0,0,0,2.85,2.85,2.85,2.85,2.85,,,
196,none,None,0,0,0,0,0,35,PBS,7.4,10,NaCl,140,Sucrose,1,tween-20,0.1,none,0,0,0,2.46,2.46,2.46,2.46,2.46,,,
197,none,None,0,0,0,0,0,15,PBS,7.4,10,NaCl,140,Sucrose,0.75,tween-20,0.1,none,0,0,0,3.08,3.08,3.08,3.08,3.08,,,
198,none,None,0,0,0,0,0,20,PBS,7.4,10,NaCl,140,Sucrose,0.75,tween-20,0.1,none,0,0,0,2.65,2.65,2.65,2.65,2.65,,,
199,none,None,0,0,0,0,0,30,PBS,7.4,10,NaCl,140,Sucrose,0.75,tween-20,0.1,none,0,0,0,1.98,1.98,1.98,1.98,1.98,,,
200,none,None,0,0,0,0,0,35,PBS,7.4,10,NaCl,140,Sucrose,0.75,tween-20,0.1,none,0,0,0,2.65,2.65,2.65,2.65,2.65,,,
201,none,None,0,0,0,0,0,15,PBS,7.4,10,NaCl,140,Sucrose,0.5,tween-20,0.1,none,0,0,0,2.27,2.27,2.27,2.27,2.27,,,
202,none,None,0,0,0,0,0,20,PBS,7.4,10,NaCl,140,Sucrose,0.5,tween-20,0.1,none,0,0,0,1.97,1.97,1.97,1.97,1.97,,,
203,none,None,0,0,0,0,0,30,PBS,7.4,10,NaCl,140,Sucrose,0.5,tween-20,0.1,none,0,0,0,1.47,1.47,1.47,1.47,1.47,,,
204,none,None,0,0,0,0,0,35,PBS,7.4,10,NaCl,140,Sucrose,0.5,tween-20,0.1,none,0,0,0,1.27,1.27,1.27,1.27,1.27,,,
205,none,None,0,0,0,0,0,20,PBS,7.4,10,NaCl,140,Sucrose,1,tween-80,0.1,none,0,0,0,3.87,3.87,3.87,3.87,3.87,,,
206,none,None,0,0,0,0,0,15,PBS,7.4,10,NaCl,140,Sucrose,1,tween-80,0.1,none,0,0,0,4.48,4.48,4.48,4.48,4.48,,,
207,none,None,0,0,0,0,0,30,PBS,7.4,10,NaCl,140,Sucrose,1,tween-80,0.1,none,0,0,0,2.9,2.9,2.9,2.9,2.9,,,
208,none,None,0,0,0,0,0,35,PBS,7.4,10,NaCl,140,Sucrose,1,tween-80,0.1,none,0,0,0,2.51,2.51,2.51,2.51,2.51,,,
209,none,None,0,0,0,0,0,15,PBS,7.4,10,NaCl,140,Sucrose,0.75,tween-80,0.1,none,0,0,0,3.13,3.13,3.13,3.13,3.13,,,
210,none,None,0,0,0,0,0,20,PBS,7.4,10,NaCl,140,Sucrose,0.75,tween-80,0.1,none,0,0,0,2.7,2.7,2.7,2.7,2.7,,,
211,none,None,0,0,0,0,0,30,PBS,7.4,10,NaCl,140,Sucrose,0.75,tween-80,0.1,none,0,0,0,2.03,2.03,2.03,2.03,2.03,,,
212,none,None,0,0,0,0,0,35,PBS,7.4,10,NaCl,140,Sucrose,0.75,tween-80,0.1,none,0,0,0,2.7,2.7,2.7,2.7,2.7,,,
213,none,None,0,0,0,0,0,15,PBS,7.4,10,NaCl,140,Sucrose,0.5,tween-80,0.1,none,0,0,0,2.32,2.32,2.32,2.32,2.32,,,
214,none,None,0,0,0,0,0,20,PBS,7.4,10,NaCl,140,Sucrose,0.5,tween-80,0.1,none,0,0,0,2.02,2.02,2.02,2.02,2.02,,,
215,none,None,0,0,0,0,0,30,PBS,7.4,10,NaCl,140,Sucrose,0.5,tween-80,0.1,none,0,0,0,1.52,1.52,1.52,1.52,1.52,,,
216,none,None,0,0,0,0,0,35,PBS,7.4,10,NaCl,140,Sucrose,0.5,tween-80,0.1,none,0,0,0,1.32,1.32,1.32,1.32,1.32,,,
443,none,None,0,0,0,0,0,25,Histidine,6,15,none,0,none,0,none,0,none,0,0,0,1,1,1,1,1,,,
217,Pembrolizumab,mAb_IgG4,3.5,149,7.57,0.3,193,27.5,Acetate,5.4,40,none,0,none,0,none,0,none,0,1.3,1.1,13.68,9.97,9.31,6.19,4,29.902,7.611,
224,Pembrolizumab,mAb_IgG4,3.5,149,7.57,0.3,50,27.5,Acetate,5.1,27,none,0,Sucrose,0.1,tween-80,0.1,none,0,1.3,1.1,1.99,1.99,1.99,1.68,1.2,39.861,7.611,
225,Pembrolizumab,mAb_IgG4,3.5,149,7.57,0.3,100,27.5,Acetate,5.3,32,none,0,none,0,none,0,none,0,1.3,1.1,3.16,3.16,2.3,2.1,1.43,32.856,7.611,
226,Pembrolizumab,mAb_IgG4,3.5,149,7.57,0.3,80,27.5,Acetate,5.2,29,none,0,Sucrose,0.5,tween-80,0.1,none,0,1.3,1.1,3.91,3.8,3.22,2.69,2,36.154,7.611,
227,Pembrolizumab,mAb_IgG4,3.5,149,7.57,0.3,100,27.5,Acetate,5.3,32,NaCl,140,none,0,none,0,none,0,1.3,1.1,7.59,4.14,2.99,2.31,1.3,32.856,7.611,
228,Pembrolizumab,mAb_IgG4,3.5,149,7.57,0.3,60,27.5,Acetate,5.1,27,none,0,Sucrose,0.25,tween-80,0.05,none,0,1.3,1.1,2.88,2.88,2.3,1.79,1.4,39.861,7.611,
422,Pembrolizumab,mAb_IgG4,3.5,149,7.57,0.3,74,25,Histidine,6.1,13.7,none,0,none,0,none,0,none,0,1.3,1.1,5.63,5,4.75,4.14,2,14.441,7.611,
423,Pembrolizumab,mAb_IgG4,3.5,149,7.57,0.3,150,25,Histidine,6.2,11.7,none,0,none,0,none,0,none,0,1.3,1.1,24.5,20.08,17.57,13.97,8.3,12.675,7.611,
424,Pembrolizumab,mAb_IgG4,3.5,149,7.57,0.3,135,25,Histidine,6.2,12.7,none,0,none,0,none,0,none,0,1.3,1.1,26.42,19.7,15.54,10.58,2.2,12.675,7.611,
425,Pembrolizumab,mAb_IgG4,3.5,149,7.57,0.3,214,25,Histidine,6.3,11.2,none,0,none,0,none,0,none,0,1.3,1.1,38.1,38.1,38.1,35.05,14,11.021,7.611,
426,Pembrolizumab,mAb_IgG4,3.5,149,7.57,0.3,49,25,Histidine,6.1,13.9,none,0,none,0,none,0,none,0,1.3,1.1,1.63,1.63,1.5,1.5,1.5,14.441,7.611,
427,Pembrolizumab,mAb_IgG4,3.5,149,7.57,0.3,80,25,Histidine,6.1,13.3,none,0,none,0,none,0,none,0,1.3,1.1,5.75,5.63,5.13,4.14,2.5,14.441,7.611,
428,Pembrolizumab,mAb_IgG4,3.5,149,7.57,0.3,80,25,Histidine,6.1,13.3,NaCl,140,none,0,none,0,none,0,1.3,1.1,4.25,3.38,2.88,2.19,1.1,14.441,7.611,
429,Pembrolizumab,mAb_IgG4,3.5,149,7.57,0.3,80,25,Histidine,6.1,13.3,none,0,Sucrose,0.4,none,0,none,0,1.3,1.1,6.75,5,4.38,3.45,1.9,14.441,7.611,
430,Pembrolizumab,mAb_IgG4,3.5,149,7.57,0.3,80,25,Histidine,6.1,13.3,none,0,none,0,tween-80,0.05,none,0,1.3,1.1,5,4,3.5,2.76,1.6,14.441,7.611,
431,Pembrolizumab,mAb_IgG4,3.5,149,7.57,0.3,80,25,Histidine,6.1,13.3,NaCl,140,Sucrose,0.4,none,0,none,0,1.3,1.1,3.75,3.25,3,2.65,2.3,14.441,7.611,
432,Pembrolizumab,mAb_IgG4,3.5,149,7.57,0.3,99,25,Histidine,6.1,12.8,none,0,none,0,none,0,Arginine,250,1.3,1.1,6.63,6.25,6.25,5.75,5.2,14.441,7.611,
433,Pembrolizumab,mAb_IgG4,3.5,149,7.57,0.3,80,25,Histidine,6.1,13.3,NaCl,140,Sucrose,0.4,none,0,Arginine,250,1.3,1.1,7.25,6.25,5.63,4.72,3.2,14.441,7.611,
434,Pembrolizumab,mAb_IgG4,3.5,149,7.57,0.3,80,25,Histidine,6.1,13.3,none,0,Sucrose,0.4,none,0,Proline,75,1.3,1.1,6.38,5.13,4.5,3.68,2.2,14.441,7.611,
435,Pembrolizumab,mAb_IgG4,3.5,149,7.57,0.3,80,25,Histidine,6.1,13.3,none,0,Sucrose,0.4,none,0,Proline,250,1.3,1.1,4.63,3.5,3,2.3,1.9,14.441,7.611,
436,Pembrolizumab,mAb_IgG4,3.5,149,7.57,0.3,80,25,Histidine,6.1,13.3,NaCl,140,Sucrose,0.4,none,0,Proline,250,1.3,1.1,7,5.5,4.63,3.57,2,14.441,7.611,
437,Pembrolizumab,mAb_IgG4,3.5,149,7.57,0.3,99,25,Histidine,6,12.8,NaCl,140,Sucrose,0.4,none,0,Proline,250,1.3,1.1,5.13,4,3.5,2.88,2,16.308,7.611,
438,Pembrolizumab,mAb_IgG4,3.5,149,7.57,0.3,135,25,Histidine,6.2,12,none,0,Sucrose,0.4,tween-80,0.05,none,0,1.3,1.1,7.09,6.36,6,5.07,3.8,12.675,7.611,
439,Pembrolizumab,mAb_IgG4,3.5,149,7.57,0.3,135,25,Histidine,6.2,12,NaCl,140,none,0,none,0,none,0,1.3,1.1,7.58,6.73,5.87,4.73,2.8,12.675,7.611,
440,Pembrolizumab,mAb_IgG4,3.5,149,7.57,0.3,135,25,Histidine,6.2,12,none,0,none,0,none,0,Arginine,25,1.3,1.1,9.3,7.34,6.12,4.73,2.4,12.675,7.611,
441,Pembrolizumab,mAb_IgG4,3.5,149,7.57,0.3,135,25,Histidine,6.2,12,none,0,none,0,none,0,Arginine,100,1.3,1.1,5.87,5.51,5.14,4.5,3.6,12.675,7.611,
442,Pembrolizumab,mAb_IgG4,3.5,149,7.57,0.3,135,25,Histidine,6.2,12,NaCl,140,none,0,none,0,Arginine,100,1.3,1.1,6.73,5.87,5.51,4.73,3.7,12.675,7.611,
1,poly-hIgG,Polyclonal,3,150,7.6,1,145,27.5,PBS,7.4,10,NaCl,140,Sucrose,1,none,0,none,0,0.9,0.9,13.85,12.75,10.86,8.9,6.92,-2.167,7.004,"Recall, we used AI to generate a dummy sequence where the relative abundance is represented.  Unfortunately, this may not yield the same sequence or relative abundance (given as a range) each time.  This is what I generated this time.  If we don't like it, we can change it.  This is especially true around 7.4, where pI above will generate positive charge and below, negative."
3,poly-hIgG,Polyclonal,3,150,7.6,1,140,27.5,PBS,7.4,10,NaCl,140,none,0,none,0,none,0,0.9,0.9,4.47,4.47,4.47,3.57,2.41,-2.167,7.004,
5,poly-hIgG,Polyclonal,3,150,7.6,1,142,27.5,PBS,7.4,10,NaCl,140,Sucrose,0.5,none,0,none,0,0.9,0.9,8.04,8.04,8.04,6.61,4.6,-2.167,7.004,
6,poly-hIgG,Polyclonal,3,150,7.6,1,70,27.5,PBS,7.4,10,NaCl,140,Sucrose,1,none,0,none,0,0.9,0.9,8.84,8.84,8.84,6.93,4.16,-2.167,7.004,
7,poly-hIgG,Polyclonal,3,150,7.6,1,93,27.5,PBS,7.4,10,NaCl,140,none,0,none,0,none,0,0.9,0.9,2.44,2.44,2.44,2.23,2,-2.167,7.004,
8,poly-hIgG,Polyclonal,3,150,7.6,1,47,27.5,PBS,7.4,10,NaCl,140,none,0,none,0,none,0,0.9,0.9,1.84,1.84,1.84,1.68,1.2,-2.167,7.004,
9,poly-hIgG,Polyclonal,3,150,7.6,1,140,27.5,PBS,7.4,10,NaCl,140,Sucrose,0.25,none,0,none,0,0.9,0.9,5.97,5.19,5.19,4.49,3.26,-2.167,7.004,
10,poly-hIgG,Polyclonal,3,150,7.6,1,52,27.5,PBS,7.4,10,NaCl,140,Sucrose,0.75,none,0,none,0,0.9,0.9,3.57,3.57,3.34,2.89,2.58,-2.167,7.004,
11,poly-hIgG,Polyclonal,3,150,7.6,1,145,27.5,PBS,7.4,10,NaCl,140,Sucrose,1,none,0,none,0,0.9,0.9,14.18,13.96,13.96,11.13,6.92,-2.167,7.004,
12,poly-hIgG,Polyclonal,3,150,7.6,1,137,27.5,PBS,7.4,10,NaCl,140,none,0,tween-20,0.1,none,0,0.9,0.9,4.04,4.04,4.04,3.07,2.25,-2.167,7.004,
13,poly-hIgG,Polyclonal,3,150,7.6,1,142,27.5,PBS,7.4,10,NaCl,140,Sucrose,1,tween-20,0.1,none,0,0.9,0.9,16.7,16.7,16.7,14.23,13,-2.167,7.004,
19,poly-hIgG,Polyclonal,3,150,7.6,1,260,27.5,PBS,7.4,10,NaCl,140,none,0,none,0,none,0,0.9,0.9,22.12,19.76,17.88,12.03,6.5,-2.167,7.004,
20,poly-hIgG,Polyclonal,3,150,7.6,1,240,27.5,PBS,7.4,10,NaCl,140,Sucrose,1,none,0,none,0,0.9,0.9,64.36,47.35,31.89,24.71,18,-2.167,7.004,
23,poly-hIgG,Polyclonal,3,150,7.6,1,38.3,27.5,PBS,7.4,10,NaCl,140,none,0,tween-20,0.21,none,0,0.9,0.9,1.32,1.32,1.32,1.21,1.15,-2.167,7.004,
24,poly-hIgG,Polyclonal,3,150,7.6,1,124,27.5,PBS,7.4,10,NaCl,140,none,0,tween-20,0.09,none,0,0.9,0.9,2.98,2.98,2.98,2.72,2.6,-2.167,7.004,
25,poly-hIgG,Polyclonal,3,150,7.6,1,189,27.5,PBS,7.4,10,NaCl,140,none,0,tween-20,0.05,none,0,0.9,0.9,8.3,8.3,8.3,6.16,4.17,-2.167,7.004,
26,poly-hIgG,Polyclonal,3,150,7.6,1,95,27.5,PBS,7.4,10,NaCl,140,Sucrose,0.46,none,0,none,0,0.9,0.9,4.37,3.85,3.85,3.15,2.24,-2.167,7.004,
27,poly-hIgG,Polyclonal,3,150,7.6,1,164,27.5,PBS,7.4,10,NaCl,140,Sucrose,0.3,tween-20,0.1,none,0,0.9,0.9,7.32,6.46,6.24,4.82,4,-2.167,7.004,
53,poly-hIgG,Polyclonal,3,150,7.6,1,86.4,27.5,PBS,7.4,10,NaCl,140,none,0,tween-80,0.003,none,0,0.9,0.9,2.53,2.53,2.53,2.1,1.75,-2.167,7.004,
54,poly-hIgG,Polyclonal,3,150,7.6,1,141,27.5,PBS,7.4,10,NaCl,140,none,0,tween-80,0.1067,none,0,0.9,0.9,5.69,3.51,3.46,3.1,2.75,-2.167,7.004,
55,poly-hIgG,Polyclonal,3,150,7.6,1,75,27.5,PBS,7.4,10,NaCl,140,Sucrose,0.28,tween-20,0.228,none,0,0.9,0.9,2.88,2.51,2.3,2,1.73,-2.167,7.004,
58,poly-hIgG,Polyclonal,3,150,7.6,1,51.7,27.5,Histidine,6,100,NaCl,140,Sucrose,1.01,none,0,none,0,0.9,0.9,6.33,6.33,6.33,5.78,5.5,13.941,7.004,
59,poly-hIgG,Polyclonal,3,150,7.6,1,118.7,27.5,Histidine,6,100,NaCl,140,Sucrose,0.53,none,0,none,0,0.9,0.9,6.33,5.18,5.06,4.41,3.88,13.941,7.004,
84,poly-hIgG,Polyclonal,3,150,7.6,1,166,27.5,PBS,7.4,10,NaCl,140,Trehalose,1,none,0,none,0,0.9,0.9,17.81,17.81,17.81,15.6,9.3,-2.167,7.004,
87,poly-hIgG,Polyclonal,3,150,7.6,1,72,27.5,PBS,7.4,10,NaCl,140,Trehalose,1,none,0,none,0,0.9,0.9,5.87,5.06,5.06,5.06,4.4,-2.167,7.004,
90,poly-hIgG,Polyclonal,3,150,7.6,1,68,27.5,PBS,7.4,10,NaCl,140,Trehalose,0.447,none,0,none,0,0.9,0.9,3.45,2.88,2.71,2.71,2.7,-2.167,7.004,
96,poly-hIgG,Polyclonal,3,150,7.6,1,144,27.5,Histidine,6,100,NaCl,140,none,0,none,0,none,0,0.9,0.9,6.11,5.77,5.77,5.09,3.7,13.941,7.004,
97,poly-hIgG,Polyclonal,3,150,7.6,1,94,27.5,Histidine,6,100,NaCl,140,none,0,none,0,none,0,0.9,0.9,2.86,2.86,2.86,2.6,1.68,13.941,7.004,
98,poly-hIgG,Polyclonal,3,150,7.6,1,66,27.5,Histidine,6,100,NaCl,140,none,0,none,0,none,0,0.9,0.9,1.61,1.61,1.61,1.61,1.6,13.941,7.004,
99,poly-hIgG,Polyclonal,3,150,7.6,1,45,27.5,Histidine,6,100,NaCl,140,none,0,none,0,none,0,0.9,0.9,1.32,1.32,1.32,1.32,1.3,13.941,7.004,
100,poly-hIgG,Polyclonal,3,150,7.6,1,165,27.5,Histidine,6,100,NaCl,140,none,0,none,0,none,0,0.9,0.9,6.88,6.88,6.88,6.17,4.18,13.941,7.004,
105,poly-hIgG,Polyclonal,3,150,7.6,1,135,27.5,Histidine,6,100,NaCl,140,none,0,tween-20,0.2,none,0,0.9,0.9,3.59,3.59,3.59,3.19,2.96,13.941,7.004,
106,poly-hIgG,Polyclonal,3,150,7.6,1,174,27.5,Histidine,6,100,NaCl,140,none,0,tween-80,0.1,none,0,0.9,0.9,6.35,6.35,6.35,5.1,4.82,13.941,7.004,
107,poly-hIgG,Polyclonal,3,150,7.6,1,89,27.5,Histidine,6,100,NaCl,140,Sucrose,0.5,tween-20,0.05,none,0,0.9,0.9,3.94,3.97,3.99,4,3.64,13.941,7.004,
108,poly-hIgG,Polyclonal,3,150,7.6,1,63,27.5,Histidine,6,100,NaCl,140,Sucrose,1,tween-80,0.15,none,0,0.9,0.9,6.24,6.24,6.24,6.24,5.43,13.941,7.004,
109,poly-hIgG,Polyclonal,3,150,7.6,1,202,27.5,Histidine,6,100,NaCl,140,none,0,tween-20,0.02,none,0,0.9,0.9,11.14,10.9,10.9,7.55,5.04,13.941,7.004,
110,poly-hIgG,Polyclonal,3,150,7.6,1,202,27.5,Histidine,6,100,NaCl,140,none,0,tween-80,0.02,none,0,0.9,0.9,10.33,9.11,9.11,6.93,6.33,13.941,7.004,
111,poly-hIgG,Polyclonal,3,150,7.6,1,211,27.5,PBS,7.4,10,NaCl,140,none,0,tween-20,0.02,none,0,0.9,0.9,11.97,11.17,9.87,6.92,6,-2.167,7.004,
112,poly-hIgG,Polyclonal,3,150,7.6,1,211,27.5,PBS,7.4,10,NaCl,140,none,0,tween-80,0.02,none,0,0.9,0.9,11.08,11.08,11.08,6.75,6,-2.167,7.004,
125,poly-hIgG,Polyclonal,3,150,7.6,1,213,27.5,Acetate,5,20,NaCl,140,none,0,none,0,none,0,0.9,0.9,11.77,10.88,9.61,5.7,4.35,41.809,7.004,
126,poly-hIgG,Polyclonal,3,150,7.6,1,63,27.5,Acetate,5,20,NaCl,140,none,0,none,0,none,0,0.9,0.9,1.84,1.84,1.84,1.84,1.8,41.809,7.004,
127,poly-hIgG,Polyclonal,3,150,7.6,1,101,27.5,Acetate,5,20,NaCl,140,none,0,none,0,none,0,0.9,0.9,2.44,2.44,2.44,2.35,2.2,41.809,7.004,
128,poly-hIgG,Polyclonal,3,150,7.6,1,167,27.5,Acetate,5,20,NaCl,140,none,0,none,0,none,0,0.9,0.9,4.28,4.28,4.28,3.27,2.77,41.809,7.004,
135,poly-hIgG,Polyclonal,3,150,7.6,1,171,27.5,Acetate,5,20,NaCl,140,Sucrose,0.488,none,0,none,0,0.9,0.9,10.16,9.36,8.76,6.06,4.17,41.809,7.004,
136,poly-hIgG,Polyclonal,3,150,7.6,1,111,27.5,Acetate,5,20,NaCl,140,Sucrose,0.986,none,0,none,0,0.9,0.9,11.02,10.11,9.19,6.88,5.75,41.809,7.004,
147,poly-hIgG,Polyclonal,3,150,7.6,1,202,27.5,Acetate,5,20,NaCl,140,Sucrose,0.1,none,0,none,0,0.9,0.9,8.14,8.14,8.14,5.2,3.4,41.809,7.004,
148,poly-hIgG,Polyclonal,3,150,7.6,1,158,27.5,Acetate,5,20,NaCl,140,Sucrose,0.1,none,0,none,0,0.9,0.9,4.34,4.34,4.34,3.56,3.4,41.809,7.004,
149,poly-hIgG,Polyclonal,3,150,7.6,1,95,27.5,Acetate,5,20,NaCl,140,Sucrose,0.1,none,0,none,0,0.9,0.9,2.71,2.71,2.71,2.39,2.28,41.809,7.004,
150,poly-hIgG,Polyclonal,3,150,7.6,1,60,27.5,Acetate,5,20,NaCl,140,Sucrose,0.1,none,0,none,0,0.9,0.9,1.47,1.47,1.47,1.47,1.4,41.809,7.004,
151,poly-hIgG,Polyclonal,3,150,7.6,1,220,27.5,Histidine,6.3,11,none,0,none,0,none,0,none,0,0.9,0.9,12.69,10.47,10.47,8.69,4,8.319,7.004,
152,poly-hIgG,Polyclonal,3,150,7.6,1,194,27.5,Acetate,5.2,31,none,0,none,0,none,0,none,0,0.9,0.9,12.88,12.88,12.88,11.29,3.5,34.099,7.004,
153,poly-hIgG,Polyclonal,3,150,7.6,1,209,27.5,Acetate,5.2,31,none,0,none,0,none,0,none,0,0.9,0.9,13.71,13.71,13.71,11.05,3.81,34.099,7.004,
154,poly-hIgG,Polyclonal,3,150,7.6,1,134,27.5,Acetate,5.2,27,none,0,none,0,none,0,none,0,0.9,0.9,6.66,6.66,6.3,5.34,2.21,34.099,7.004,
155,poly-hIgG,Polyclonal,3,150,7.6,1,175,27.5,Histidine,6.2,12,none,0,none,0,none,0,none,0,0.9,0.9,6.26,5.84,5.84,5.02,3.3,10.081,7.004,
156,poly-hIgG,Polyclonal,3,150,7.6,1,157,27.5,Acetate,5.2,28,none,0,none,0,none,0,none,0,0.9,0.9,6.31,6.31,6.31,5.76,2.6,34.099,7.004,
157,poly-hIgG,Polyclonal,3,150,7.6,1,163,27.5,Histidine,6.2,12,NaCl,32,none,0,none,0,none,0,0.9,0.9,8.61,6.89,6.89,5.97,2.5,10.081,7.004,
158,poly-hIgG,Polyclonal,3,150,7.6,1,150,27.5,Acetate,5.2,28,NaCl,32,none,0,none,0,none,0,0.9,0.9,5.79,4.39,4.3,3.44,2.3,34.099,7.004,
159,poly-hIgG,Polyclonal,3,150,7.6,1,175,27.5,Histidine,6.2,12,none,0,none,0,none,0,none,0,0.9,0.9,5.92,4.82,4.57,3.7,2,10.081,7.004,
160,poly-hIgG,Polyclonal,3,150,7.6,1,175,27.5,Histidine,6.2,12,none,0,none,0,none,0,none,0,0.9,0.9,9.82,9.82,8.63,6.18,3.28,10.081,7.004,
257,poly-hIgG,Polyclonal,3,150,7.6,1,10,25,PBS,7.4,10,NaCl,140,none,0,none,0,none,0,0.9,0.9,1.08,1.07,1.08,1.06,0.88,-2.167,7.004,
258,poly-hIgG,Polyclonal,3,150,7.6,1,20,25,PBS,7.4,10,NaCl,140,none,0,none,0,none,0,0.9,0.9,1.39,1.39,1.39,1.34,1.12,-2.167,7.004,
293,poly-hIgG,Polyclonal,3,150,7.6,1,145,27.5,PBS,7.4,10,NaCl,140,none,0,none,0,none,0,0.9,0.9,5.69,5.69,5.69,5.17,2.52,-2.167,7.004,
294,poly-hIgG,Polyclonal,3,150,7.6,1,145,17.5,PBS,7.4,10,NaCl,140,none,0,none,0,none,0,0.9,0.9,7.97,6.45,6.45,5.9,4.7,-2.167,7.004,
295,poly-hIgG,Polyclonal,3,150,7.6,1,145,26.5,PBS,7.4,10,NaCl,140,none,0,none,0,none,0,0.9,0.9,4.42,4.07,4.07,3.71,3,-2.167,7.004,
296,poly-hIgG,Polyclonal,3,150,7.6,1,151,17.5,PBS,7.4,10,NaCl,140,Sucrose,0.25,none,0,none,0,0.9,0.9,9.65,7.89,7.89,6.41,4.55,-2.167,7.004,
297,poly-hIgG,Polyclonal,3,150,7.6,1,151,27.5,PBS,7.4,10,NaCl,140,Sucrose,0.25,none,0,none,0,0.9,0.9,5.35,5.35,5.35,4.88,2.6,-2.167,7.004,
298,poly-hIgG,Polyclonal,3,150,7.6,1,151,36.5,PBS,7.4,10,NaCl,140,Sucrose,0.25,none,0,none,0,0.9,0.9,5.17,5.17,5.17,4.73,2.88,-2.167,7.004,
299,poly-hIgG,Polyclonal,3,150,7.6,1,157,17.5,PBS,7.4,10,NaCl,140,Sucrose,0.5,none,0,none,0,0.9,0.9,10.86,10.86,10.86,8.73,6,-2.167,7.004,
300,poly-hIgG,Polyclonal,3,150,7.6,1,157,27.5,PBS,7.4,10,NaCl,140,Sucrose,0.5,none,0,none,0,0.9,0.9,8.69,8.69,8.69,7.94,5.8,-2.167,7.004,
301,poly-hIgG,Polyclonal,3,150,7.6,1,157,36.5,PBS,7.4,10,NaCl,140,Sucrose,0.5,none,0,none,0,0.9,0.9,7.82,6.6,6.6,5.71,4.3,-2.167,7.004,
318,poly-hIgG,Polyclonal,3,150,7.6,1,75,25,Histidine,6.1,13.75,none,0,none,0,none,0,none,0,0.9,0.9,1.81,1.81,1.81,1.67,1.45,11.96,7.004,
319,poly-hIgG,Polyclonal,3,150,7.6,1,175,25,Histidine,6.2,12.3,none,0,none,0,none,0,none,0,0.9,0.9,11.03,9.57,5.61,4.57,4.31,10.081,7.004,
320,poly-hIgG,Polyclonal,3,150,7.6,1,75,25,Acetate,5,20,none,0,none,0,none,0,none,0,0.9,0.9,1.6,1.6,1.6,1.47,1.28,41.809,7.004,
321,poly-hIgG,Polyclonal,3,150,7.6,1,175,25,Acetate,5,20,none,0,none,0,none,0,none,0,0.9,0.9,10.4,10.4,8.83,8.04,5,41.809,7.004,
322,poly-hIgG,Polyclonal,3,150,7.6,1,75,25,Histidine,6.1,13.75,none,0,none,0,none,0,Arginine,20,0.9,0.9,1.3,1.3,1.3,1.2,1.04,11.96,7.004,
323,poly-hIgG,Polyclonal,3,150,7.6,1,75,25,Histidine,6.1,13.75,none,0,Sucrose,0.2,none,0,Arginine,60,0.9,0.9,1.6,1.6,1.6,1.47,1.28,11.96,7.004,
324,poly-hIgG,Polyclonal,3,150,7.6,1,75,25,Histidine,6.1,13.75,none,0,none,0,none,0,Arginine,120,0.9,0.9,1.7,1.7,1.6,1.47,1.28,11.96,7.004,
325,poly-hIgG,Polyclonal,3,150,7.6,1,75,25,Histidine,6.1,13.75,none,0,none,0,none,0,Proline,25,0.9,0.9,2,2,2,1.84,1.6,11.96,7.004,
326,poly-hIgG,Polyclonal,3,150,7.6,1,75,25,Histidine,6.1,13.75,none,0,Sucrose,0.4,none,0,Proline,75,0.9,0.9,2.4,2.1,1.8,1.66,1.44,11.96,7.004,
327,poly-hIgG,Polyclonal,3,150,7.6,1,75,25,Histidine,6.1,13.75,none,0,none,0,none,0,Proline,150,0.9,0.9,1.5,1.5,1.5,1.5,1.5,11.96,7.004,
328,poly-hIgG,Polyclonal,3,150,7.6,1,75,25,Histidine,6.1,13.75,none,0,none,0,none,0,Arginine,60,0.9,0.9,1.45,1.45,1.45,1.45,1.45,11.96,7.004,
329,poly-hIgG,Polyclonal,3,150,7.6,1,75,25,Histidine,6.1,13.75,none,0,none,0,none,0,Proline,75,0.9,0.9,2.8,2.4,2,1.84,1.6,11.96,7.004,
330,poly-hIgG,Polyclonal,3,150,7.6,1,75,25,Acetate,5,20,none,0,none,0,none,0,Arginine,60,0.9,0.9,2.23,2.23,2.23,2.23,2,41.809,7.004,
331,poly-hIgG,Polyclonal,3,150,7.6,1,175,25,Histidine,6.2,12.3,none,0,none,0,none,0,Arginine,20,0.9,0.9,7.77,7.77,7.77,6.59,5,10.081,7.004,
332,poly-hIgG,Polyclonal,3,150,7.6,1,175,25,Histidine,6.2,12.3,none,0,none,0,none,0,Arginine,60,0.9,0.9,6.58,6.58,6.58,6.34,4.75,10.081,7.004,
333,poly-hIgG,Polyclonal,3,150,7.6,1,175,25,Histidine,6.2,12.3,none,0,none,0,none,0,Arginine,120,0.9,0.9,5.33,5.33,5.33,4.82,4,10.081,7.004,
334,poly-hIgG,Polyclonal,3,150,7.6,1,175,25,Histidine,6.2,12.3,none,0,none,0,none,0,Proline,25,0.9,0.9,8.55,8,6.8,6,5.67,10.081,7.004,
335,poly-hIgG,Polyclonal,3,150,7.6,1,175,25,Histidine,6.2,12.3,none,0,none,0,none,0,Proline,75,0.9,0.9,11.03,9.66,8.28,6.26,5,10.081,7.004,
336,poly-hIgG,Polyclonal,3,150,7.6,1,175,25,Histidine,6.2,12.3,none,0,none,0,none,0,Proline,150,0.9,0.9,8.46,8.46,7.36,6.09,5,10.081,7.004,
337,poly-hIgG,Polyclonal,3,150,7.6,1,125,25,Histidine,6,23,none,0,none,0,none,0,none,0,0.9,0.9,3.58,3.58,3.58,3.29,2.4,13.941,7.004,
338,poly-hIgG,Polyclonal,3,150,7.6,1,125,25,Histidine,6,23,none,0,none,0,none,0,Arginine,25,0.9,0.9,2.57,2.57,2.57,2.57,2.57,13.941,7.004,
339,poly-hIgG,Polyclonal,3,150,7.6,1,125,25,Histidine,6,23,none,0,none,0,none,0,Arginine,50,0.9,0.9,2.98,2.98,2.98,2.98,2.98,13.941,7.004,
340,poly-hIgG,Polyclonal,3,150,7.6,1,125,25,Histidine,6,23,none,0,none,0,none,0,Arginine,75,0.9,0.9,5.76,4.71,4.71,4.28,3.66,13.941,7.004,
341,poly-hIgG,Polyclonal,3,150,7.6,1,125,25,Histidine,6,23,none,0,none,0,none,0,Arginine,100,0.9,0.9,2.09,2.09,2.09,1.92,1.68,13.941,7.004,
342,poly-hIgG,Polyclonal,3,150,7.6,1,125,25,Histidine,6,23,none,0,none,0,none,0,Arginine,150,0.9,0.9,2.69,2.69,2.69,2.49,2.17,13.941,7.004,
343,poly-hIgG,Polyclonal,3,150,7.6,1,125,25,Histidine,6,23,none,0,none,0,none,0,Arginine,200,0.9,0.9,1.85,1.85,1.85,1.85,1.85,13.941,7.004,
344,poly-hIgG,Polyclonal,3,150,7.6,1,125,25,Histidine,6,48,none,0,none,0,none,0,none,0,0.9,0.9,2.49,2.49,2.49,2.49,2.49,13.941,7.004,
345,poly-hIgG,Polyclonal,3,150,7.6,1,75,25,Histidine,6.1,13.75,none,0,none,0,none,0,Lysine,25,0.9,0.9,1.5,1.5,1.21,1.12,1.12,11.96,7.004,
346,poly-hIgG,Polyclonal,3,150,7.6,1,75,25,Histidine,6.1,13.75,none,0,none,0,none,0,Lysine,75,0.9,0.9,1.28,1.28,1.28,1.28,1.28,11.96,7.004,
347,poly-hIgG,Polyclonal,3,150,7.6,1,75,25,Histidine,6.1,13.75,none,0,none,0,none,0,Lysine,150,0.9,0.9,1.51,1.51,1.51,1.51,1.51,11.96,7.004,
348,poly-hIgG,Polyclonal,3,150,7.6,1,175,25,Histidine,6.2,12.3,none,0,none,0,none,0,Lysine,25,0.9,0.9,4.59,4.59,3.67,3.22,2.26,10.081,7.004,
349,poly-hIgG,Polyclonal,3,150,7.6,1,175,25,Histidine,6.2,12.3,none,0,none,0,none,0,Lysine,75,0.9,0.9,4.2,4.2,4.2,3.87,2.83,10.081,7.004,
350,poly-hIgG,Polyclonal,3,150,7.6,1,175,25,Histidine,6.2,12.3,none,0,none,0,none,0,Lysine,150,0.9,0.9,5.49,5.49,5.49,5.06,4.77,10.081,7.004,
351,poly-hIgG,Polyclonal,3,150,7.6,1,75,25,Histidine,6,50,none,0,none,0,none,0,none,0,0.9,0.9,2.1,2.1,2.1,1.47,1.1,13.941,7.004,
352,poly-hIgG,Polyclonal,3,150,7.6,1,75,25,Histidine,6,75,none,0,none,0,none,0,none,0,0.9,0.9,1.89,1.89,1.89,1.66,1.1,13.941,7.004,
353,poly-hIgG,Polyclonal,3,150,7.6,1,175,25,Histidine,6,50,none,0,none,0,none,0,none,0,0.9,0.9,6.39,6.39,6.39,5.87,3.2,13.941,7.004,
354,poly-hIgG,Polyclonal,3,150,7.6,1,175,25,Histidine,6,75,none,0,none,0,none,0,none,0,0.9,0.9,4.18,4.18,4.18,3.84,3.3,13.941,7.004,
355,poly-hIgG,Polyclonal,3,150,7.6,1,125,25,Histidine,6,23,none,0,Sucrose,0.2,none,0,none,0,0.9,0.9,3.97,2.78,2.29,2.11,1.84,13.941,7.004,
356,poly-hIgG,Polyclonal,3,150,7.6,1,125,25,Histidine,6,23,none,0,Sucrose,0.4,none,0,none,0,0.9,0.9,4.26,3.97,3.68,3.02,2.64,13.941,7.004,
357,poly-hIgG,Polyclonal,3,150,7.6,1,125,25,Histidine,6,23,none,0,Sucrose,0.6,none,0,none,0,0.9,0.9,3.43,3.43,3.43,3.15,2.05,13.941,7.004,
358,poly-hIgG,Polyclonal,3,150,7.6,1,125,25,Histidine,6,23,none,0,Sucrose,0.2,tween-80,0.05,none,0,0.9,0.9,2.98,1.99,1.9,1.9,1.8,13.941,7.004,
359,poly-hIgG,Polyclonal,3,150,7.6,1,125,25,Histidine,6,23,none,0,Sucrose,0.2,tween-80,0.1,none,0,0.9,0.9,4.76,3.73,3.68,3.11,2.17,13.941,7.004,
360,poly-hIgG,Polyclonal,3,150,7.6,1,125,25,Histidine,6,23,none,0,Sucrose,0.5,none,0,none,0,0.9,0.9,5.46,3.58,3.08,2.74,2.35,13.941,7.004,
361,poly-hIgG,Polyclonal,3,150,7.6,1,125,25,Histidine,6,23,none,0,Sucrose,0.2,none,0,Arginine,25,0.9,0.9,4.96,3.48,3.28,2.83,2.07,13.941,7.004,
362,poly-hIgG,Polyclonal,3,150,7.6,1,125,25,Histidine,6,23,none,0,Sucrose,0.2,none,0,Arginine,50,0.9,0.9,2.74,2.74,2.74,2.52,1,13.941,7.004,
363,poly-hIgG,Polyclonal,3,150,7.6,1,125,25,Histidine,6,23,none,0,Sucrose,0.2,none,0,Arginine,75,0.9,0.9,3.78,3.48,3.08,2.74,1.7,13.941,7.004,
364,poly-hIgG,Polyclonal,3,150,7.6,1,75,25,Acetate,5.1,25,none,0,none,0,none,0,Arginine,20,0.9,0.9,1.74,1.74,1.74,1.74,1.7,37.732,7.004,
365,poly-hIgG,Polyclonal,3,150,7.6,1,75,25,Acetate,5.1,25,none,0,Sucrose,0.2,none,0,Arginine,60,0.9,0.9,2.4,2.4,2.4,2.4,2.4,37.732,7.004,
366,poly-hIgG,Polyclonal,3,150,7.6,1,75,25,Acetate,5.1,25,none,0,none,0,none,0,Arginine,60,0.9,0.9,1.5,1.5,1.5,1.5,1.5,37.732,7.004,
367,poly-hIgG,Polyclonal,3,150,7.6,1,75,25,Acetate,5.1,25,none,0,none,0,none,0,Proline,25,0.9,0.9,1.56,1.56,1.56,1.56,1.56,37.732,7.004,
368,poly-hIgG,Polyclonal,3,150,7.6,1,75,25,Acetate,5.1,25,none,0,none,0,none,0,Proline,75,0.9,0.9,1.8,1.8,1.8,1.8,1.8,37.732,7.004,
369,poly-hIgG,Polyclonal,3,150,7.6,1,75,25,Acetate,5.1,25,none,0,none,0,none,0,Proline,150,0.9,0.9,2.5,2,1.6,1.47,1.28,37.732,7.004,
370,poly-hIgG,Polyclonal,3,150,7.6,1,175,25,Acetate,5.2,30,none,0,none,0,none,0,Arginine,20,0.9,0.9,8.1,8.1,8.1,7.46,4,34.099,7.004,
371,poly-hIgG,Polyclonal,3,150,7.6,1,175,25,Acetate,5.2,30,none,0,none,0,none,0,Arginine,60,0.9,0.9,6.94,6.94,6.94,6.38,4.4,34.099,7.004,
372,poly-hIgG,Polyclonal,3,150,7.6,1,175,25,Acetate,5.2,30,none,0,none,0,none,0,Arginine,120,0.9,0.9,6.69,6.69,6.69,6.09,5.5,34.099,7.004,
373,poly-hIgG,Polyclonal,3,150,7.6,1,175,25,Acetate,5.2,30,none,0,none,0,none,0,Proline,25,0.9,0.9,8.06,8.06,8.06,7.27,5.11,34.099,7.004,
374,poly-hIgG,Polyclonal,3,150,7.6,1,175,25,Acetate,5.2,30,none,0,none,0,none,0,Proline,75,0.9,0.9,6.11,6.11,5.79,5.07,2.67,34.099,7.004,
375,poly-hIgG,Polyclonal,3,150,7.6,1,175,25,Acetate,5.2,30,none,0,none,0,none,0,Proline,150,0.9,0.9,9.66,9.66,9.66,8.46,6.6,34.099,7.004,
376,poly-hIgG,Polyclonal,3,150,7.6,1,75,25,Acetate,5.1,25,none,0,none,0,none,0,Lysine,25,0.9,0.9,1.78,1.78,1.78,1.78,1.78,37.732,7.004,
377,poly-hIgG,Polyclonal,3,150,7.6,1,75,25,Acetate,5.1,25,none,0,none,0,none,0,Lysine,75,0.9,0.9,1.68,1.68,1.68,1.68,1.68,37.732,7.004,
378,poly-hIgG,Polyclonal,3,150,7.6,1,75,25,Acetate,5.1,25,none,0,none,0,none,0,Lysine,150,0.9,0.9,1.56,1.56,1.56,1.56,1.56,37.732,7.004,
379,poly-hIgG,Polyclonal,3,150,7.6,1,175,25,Acetate,5.2,30,none,0,none,0,none,0,Lysine,25,0.9,0.9,3.86,3.86,3.86,3.46,2.9,34.099,7.004,
380,poly-hIgG,Polyclonal,3,150,7.6,1,175,25,Acetate,5.2,30,none,0,none,0,none,0,Lysine,75,0.9,0.9,5.53,5.53,5.53,4.9,3.64,34.099,7.004,
381,poly-hIgG,Polyclonal,3,150,7.6,1,175,25,Acetate,5.2,30,none,0,none,0,none,0,Lysine,150,0.9,0.9,4.83,4.83,4.36,3.97,3.75,34.099,7.004,
382,poly-hIgG,Polyclonal,3,150,7.6,1,125,25,Acetate,5,68,none,0,none,0,none,0,none,0,0.9,0.9,5.26,4.86,4.41,4.02,3.04,41.809,7.004,
383,poly-hIgG,Polyclonal,3,150,7.6,1,125,25,Acetate,5,98,none,0,none,0,none,0,none,0,0.9,0.9,3.24,3.24,3.24,2.74,2.25,41.809,7.004,
384,poly-hIgG,Polyclonal,3,150,7.6,1,125,25,Histidine,6,50,none,0,none,0,none,0,none,0,0.9,0.9,4.46,3.48,3.48,3.2,2.8,13.941,7.004,
385,poly-hIgG,Polyclonal,3,150,7.6,1,125,25,Histidine,6,75,none,0,none,0,none,0,none,0,0.9,0.9,3.68,3.03,2.98,2.74,2.4,13.941,7.004,
386,poly-hIgG,Polyclonal,3,150,7.6,1,125,25,Histidine,6,97,none,0,none,0,none,0,none,0,0.9,0.9,2.63,2.63,2.63,2.43,1.8,13.941,7.004,
511,poly-hIgG,Polyclonal,3,150,7.6,1,83,25.001,Histidine,6.1,14,None,0,Sucrose,0.25,None,0,None,0,0.9,0.9,4.15,4.24,4.22,3.89,1.72,11.96,7.004,
510,poly-hIgG,Polyclonal,3,150,7.6,1,242,25.655,Histidine,6.3,11,None,0,Sucrose,0.25,None,0,None,0,0.9,0.9,24.62,25.43,26.23,23.52,6.111796504,8.319,7.004,
506,poly-hIgG,Polyclonal,3,150,7.6,1,187,25.21636364,Histidine,6.3,12,None,0,None,0,None,0,None,0,0.9,0.9,11.33,9.34,9.7,10.07,2.731368301,8.319,7.004,
508,poly-hIgG,Polyclonal,3,150,7.6,1,51,25.475,Histidine,6,15,None,0,None,0,None,0,None,0,0.9,0.9,1.72,1.72,1.42,1.44,1.14,13.941,7.004,
515,poly-hIgG,Polyclonal,3,150,7.6,1,159,25.251,Histidine,6.3,12,None,0,None,0,tween-80,0.05,None,0,0.9,0.9,6.33,5.37,5.12,5.12,3.004706129,8.319,7.004,
517,poly-hIgG,Polyclonal,3,150,7.6,1,296,25.56857143,Histidine,6.4,10,None,0,None,0,tween-80,0.05,None,0,0.9,0.9,69.22,61.56,56.62,50.81,18.94786899,6.692,7.004,
514,poly-hIgG,Polyclonal,3,150,7.6,1,55,25.72272727,Histidine,6,15,None,0,Sucrose,0.5,None,0,None,0,0.9,0.9,5.25,5.13,5.3,5.46,2.16,13.941,7.004,
518,poly-hIgG,Polyclonal,3,150,7.6,1,63,25.244,Histidine,6,15,None,0,None,0,tween-80,0.05,None,0,0.9,0.9,1.82,1.82,1.6,1.6,1.6,13.941,7.004,
509,poly-hIgG,Polyclonal,3,150,7.6,1,172,24.80181818,Histidine,6.2,12.5,None,0,Sucrose,0.25,None,0,None,0,0.9,0.9,13.5,11.02,11.39,11.72,3.289451971,10.081,7.004,
512,poly-hIgG,Polyclonal,3,150,7.6,1,169,25.24636364,Histidine,6.2,12.5,None,0,Sucrose,0.5,None,0,None,0,0.9,0.9,13.13,13.73,14.32,14.92,4.075273287,10.081,7.004,
505,poly-hIgG,Polyclonal,3,150,7.6,1,122,25.38,Histidine,6.1,13.5,None,0,None,0,None,0,None,0,0.9,0.9,3.1,3.09,3.17,3.25,1.79,11.96,7.004,
516,poly-hIgG,Polyclonal,3,150,7.6,1,213,25.50111111,Histidine,6.3,12,None,0,None,0,tween-80,0.05,None,0,0.9,0.9,17.64,18.08,14.44,14.25,4.712363192,8.319,7.004,
507,poly-hIgG,Polyclonal,3,150,7.6,1,246,25.0775,Histidine,6.3,11,None,0,None,0,None,0,None,0,0.9,0.9,50.85,52.59,54.33,48.92,10.46395863,8.319,7.004,
513,poly-hIgG,Polyclonal,3,150,7.6,1,207,24.963,Histidine,6.3,12,None,0,Sucrose,0.5,None,0,None,0,0.9,0.9,28.95,29.18,27.34,25.7,6.9844522,8.319,7.004,
302,Trastuzumab,mAb_IgG1,3,149,8.6,0.3,147,25,Acetate,5.4,43,none,0,none,0,none,0,none,0,1,1,7,5.75,3.41,3.09,1.06,40.141,8.576,
303,Trastuzumab,mAb_IgG1,3,149,8.6,0.3,157,25,Histidine,6.4,10.5,none,0,none,0,none,0,none,0,1,1,4.44,4.44,4.34,3.64,1.9,19.018,8.576,
304,Trastuzumab,mAb_IgG1,3,149,8.6,0.3,100,25,Histidine,6.3,12,none,0,Sucrose,0.3,tween-80,0.05,none,0,1,1,3.4,3.4,3.3,3.04,2.34,20.681,8.576,
305,Trastuzumab,mAb_IgG1,3,149,8.6,0.3,50,25,Histidine,6.2,13.5,none,0,none,0,tween-80,0.1,none,0,1,1,1.9,1.9,1.9,1.56,1.2,22.473,8.576,
306,Trastuzumab,mAb_IgG1,3,149,8.6,0.3,75,25,Histidine,6.2,12.8,none,0,Sucrose,0.5,none,0,none,0,1,1,1.95,1.95,1.95,1.79,0.8,22.473,8.576,
307,Trastuzumab,mAb_IgG1,3,149,8.6,0.3,90,25,Acetate,5.3,33,none,0,Sucrose,0.3,tween-80,0.1,none,0,1,1,3.99,3.4,3.1,3.13,1.85,42.954,8.576,
308,Trastuzumab,mAb_IgG1,3,149,8.6,0.3,70,25,Acetate,5.2,29,none,0,Sucrose,0.5,none,0,none,0,1,1,3.9,3.3,3.3,2.48,1.8,46.051,8.576,
309,Trastuzumab,mAb_IgG1,3,149,8.6,0.3,100,25,Acetate,5.3,35,none,0,none,0,tween-80,0.05,none,0,1,1,3.5,2.6,2,1.84,1.6,42.954,8.576,
310,Trastuzumab,mAb_IgG1,3,149,8.6,0.3,60,25,Acetate,5.2,27,none,0,Sucrose,0.4,tween-80,0.05,none,0,1,1,2.5,2.5,2.1,1.66,1.25,46.051,8.576,
311,Trastuzumab,mAb_IgG1,3,149,8.6,0.3,125,25,Histidine,6.3,12.5,none,0,none,0,none,0,none,0,1,1,2.93,2.93,2.93,2.69,2.36,20.681,8.576,
312,Trastuzumab,mAb_IgG1,3,149,8.6,0.3,125,25,Histidine,6.2,22.5,none,0,none,0,none,0,none,0,1,1,3.97,3.13,2.39,1.92,1.68,22.473,8.576,
313,Trastuzumab,mAb_IgG1,3,149,8.6,0.3,125,25,Histidine,6.2,22.5,none,0,none,0,none,0,Arginine,60,1,1,3.58,3.58,3.13,2.88,2.5,22.473,8.576,
314,Trastuzumab,mAb_IgG1,3,149,8.6,0.3,125,25,Histidine,6.2,22.5,none,0,none,0,none,0,Arginine,160,1,1,4.17,3.38,2.58,1.98,1.73,22.473,8.576,
315,Trastuzumab,mAb_IgG1,3,149,8.6,0.3,125,25,Histidine,6.1,37.5,none,0,none,0,none,0,none,0,1,1,2.58,2.58,2.04,1.88,1.64,24.377,8.576,
316,Trastuzumab,mAb_IgG1,3,149,8.6,0.3,125,25,Histidine,6.2,22.5,none,0,none,0,none,0,Proline,75,1,1,2.44,2.44,2.44,2.24,1.96,22.473,8.576,
317,Trastuzumab,mAb_IgG1,3,149,8.6,0.3,125,25,Histidine,6,25,none,0,Sucrose,0.2,none,0,Arginine,60,1,1,3.68,3.14,2.68,2.29,2,26.375,8.576,
463,Vudalimab,Bispecific,5,152,8.7,0.3,240,25,Histidine,6.5,10,none,0,none,0,none,0,none,0,1.5,1.3,13.66,9.24,8.09,6.48,4.6,17.259,8.723,
464,Vudalimab,Bispecific,5,152,8.7,0.3,145,25,Histidine,6.3,12,none,0,none,0,none,0,none,0,1.5,1.3,4.34,4.09,4.09,4.09,4,19.859,8.723,
465,Vudalimab,Bispecific,5,152,8.7,0.3,80,25,Histidine,6.2,13.5,none,0,none,0,none,0,none,0,1.5,1.3,4.13,2.88,2.5,2.07,1.3,21.337,8.723,
466,Vudalimab,Bispecific,5,152,8.7,0.3,100,25,Histidine,6.2,13,none,0,none,0,none,0,none,0,1.5,1.3,3.38,3.25,3.13,2.76,2.3,21.337,8.723,
467,Vudalimab,Bispecific,5,152,8.7,0.3,100,25,Histidine,6.2,13,NaCl,140,none,0,none,0,none,0,1.5,1.3,1.5,1.5,1.5,1.5,1.5,21.337,8.723,
468,Vudalimab,Bispecific,5,152,8.7,0.3,100,25,Histidine,6.2,13,none,0,Sucrose,0.4,none,0,none,0,1.5,1.3,2.88,2.38,1.88,1.38,1,21.337,8.723,
469,Vudalimab,Bispecific,5,152,8.7,0.3,100,25,Histidine,6.2,13,none,0,none,0,tween-80,0.05,none,0,1.5,1.3,2.63,2.63,2.5,2.19,1.9,21.337,8.723,
470,Vudalimab,Bispecific,5,152,8.7,0.3,100,25,Histidine,6.2,13,NaCl,140,Sucrose,0.4,none,0,none,0,1.5,1.3,3.13,2.38,2.13,1.84,1.3,21.337,8.723,
471,Vudalimab,Bispecific,5,152,8.7,0.3,145,25,Histidine,6.3,12,none,0,none,0,none,0,Arginine,100,1.5,1.3,7.71,5.18,4.7,3.88,2.7,19.859,8.723,
472,Vudalimab,Bispecific,5,152,8.7,0.3,145,25,Histidine,6.3,12,none,0,none,0,none,0,Arginine,200,1.5,1.3,6.02,5.06,4.82,4.33,3.7,19.859,8.723,
473,Vudalimab,Bispecific,5,152,8.7,0.3,276,25,Acetate,5.5,54,none,0,none,0,none,0,none,0,1.5,1.3,10.32,8.52,7.92,6.73,6.1,34.24,8.723,
474,Vudalimab,Bispecific,5,152,8.7,0.3,138,25,Acetate,5.4,37,none,0,none,0,none,0,none,0,1.5,1.3,3.05,2.43,2.43,2.43,2.43,36.561,8.723,
475,Vudalimab,Bispecific,5,152,8.7,0.3,69,25,Acetate,5.2,28,none,0,none,0,none,0,none,0,1.5,1.3,1.38,1.25,1.25,1.13,1,41.933,8.723,
476,Vudalimab,Bispecific,5,152,8.7,0.3,150,25,Acetate,5.4,41,NaCl,175,none,0,none,0,none,0,1.5,1.3,3.23,2.99,2.99,2.75,2.5,36.561,8.723,
477,Vudalimab,Bispecific,5,152,8.7,0.3,150,25,Acetate,5.4,41,none,0,Sucrose,0.5,none,0,none,0,1.5,1.3,9.08,7.29,6.69,5.72,4.3,36.561,8.723,
478,Vudalimab,Bispecific,5,152,8.7,0.3,150,25,Acetate,5.4,41,none,0,none,0,tween-80,0.0625,none,0,1.5,1.3,4.06,3.71,3.59,3.19,2.8,36.561,8.723,
479,Vudalimab,Bispecific,5,152,8.7,0.3,150,25,Acetate,5.4,41,NaCl,175,Sucrose,0.5,none,0,none,0,1.5,1.3,12.55,8.84,7.89,6.38,4,36.561,8.723,
480,Vudalimab,Bispecific,5,152,8.7,0.3,150,25,Histidine,6.3,12,none,0,none,0,none,0,none,0,1.5,1.3,5.02,4.54,4.43,4.07,3.7,19.859,8.723,
481,Vudalimab,Bispecific,5,152,8.7,0.3,50,25,Histidine,6.2,14,none,0,none,0,none,0,none,0,1.5,1.3,2,2,1.63,1.5,1.4,21.337,8.723,
482,Vudalimab,Bispecific,5,152,8.7,0.3,50,25,Histidine,6.2,14,none,0,Sucrose,0.4,none,0,none,0,1.5,1.3,2.38,1.88,1.75,1.5,1.3,21.337,8.723,
483,Vudalimab,Bispecific,5,152,8.7,0.3,50,25,Histidine,6.2,14,none,0,Sucrose,0.8,none,0,none,0,1.5,1.3,1.5,1.5,1.38,1.27,1.2,21.337,8.723,
484,Vudalimab,Bispecific,5,152,8.7,0.3,150,25,Histidine,6.3,12,NaCl,140,Sucrose,0.8,none,0,none,0,1.5,1.3,4.06,3.59,3.47,3.08,2.7,19.859,8.723,
485,Vudalimab,Bispecific,5,152,8.7,0.3,150,25,Histidine,6.3,12,none,0,Sucrose,0.4,none,0,none,0,1.5,1.3,3.47,3.47,3.47,3.19,2.5,19.859,8.723,
,,,,,,,,,,,,,,,,,,,,,,,,,,,,,
,,,,,,,,,,,,,,,,,,,,,,,,,,,,,
,,,,,,,,,,,,,,,,,,,,,,,,,,,,,
,,,,,,,,,,,,,,,,,,,,,,,,,,,,,
,,,,,,,,,,,,,,,,,,,,,,,,,,,,,
,,,,,,,,,,,,,,,,,,,,,,,,,,,,,
,,,,,,,,,,,,,,,,,,,,,,,,,,,,,
,,,,,,,,,,,,,,,,,,,,,,19,,,,,,,
,,,,,,,,,,,,,,,,,,,,,,13.57142857,,,,,,,
