{
  "version": "1.1.2",
  "model_type": "ensemble",
  "n_models": 5,
  "model_created_date": "Unknown",
  "packaged_date": "2026-01-21T11:42:46.003642",
  "client": "QATCH (Internal Dev.)",
  "author": "QATCH Technologies",
  "notes": "Added corrected model reload adapter state dict.",
  "total_model_size_mb": 6.75,
  "cryptographically_signed": true,
  "architecture": "VisQAI Standard",
  "package_contents": [
    "model/checkpoint_0.pt",
    "model/checkpoint_1.pt",
    "model/checkpoint_2.pt",
    "model/checkpoint_3.pt",
    "model/checkpoint_4.pt",
    "src/config.py",
    "src/data.py",
    "src/inference.py",
    "src/layers.py",
    "src/loss.py",
    "src/management.py",
    "src/models.py",
    "src/utils.py",
    "requirements.txt",
    "README.md"
  ]
}